track_id,spotify_id,title,track_artist,release_year,loudness,mode_name,decade
spotify:track:48Ej1CDmpsETlImicgiXWC,48Ej1CDmpsETlImicgiXWC,Luka,Suzanne Vega,1987,-8.263,major,1980
spotify:track:3PzsbWSQdLCKDLxn7YZfkM,3PzsbWSQdLCKDLxn7YZfkM,I'm On Fire,Bruce Springsteen,1984,-14.451,minor,1980
spotify:track:5bSASu4W0HJx6CuG8rbRcA,5bSASu4W0HJx6CuG8rbRcA,Reel Around the Fountain - 2011 Remaster,The Smiths,1984,-9.976,major,1980
spotify:track:2Q0HXXMkR28ZZkyX30UmLc,2Q0HXXMkR28ZZkyX30UmLc,All Cried Out (with Full Force),Lisa Lisa & Cult Jam,1985,-8.835,major,1980
spotify:track:6d950ki41uXbRI4aQKjjnp,6d950ki41uXbRI4aQKjjnp,Horizonte de las Estrellas,Miguel Bosé,1984,-10.302,minor,1980
spotify:track:7gSQv1OHpkIoAdUiRLdmI6,7gSQv1OHpkIoAdUiRLdmI6,I Won't Back Down,Tom Petty,1989,-13.487,major,1980
spotify:track:46ERhnELy62toOMlxe14a3,46ERhnELy62toOMlxe14a3,Wanted Dead Or Alive,Bon Jovi,1986,-11.46,major,1980
spotify:track:3OS4XXm4S42pnESQmtN9MG,3OS4XXm4S42pnESQmtN9MG,Well I Wonder - 2011 Remaster,The Smiths,1985,-10.843,minor,1980
spotify:track:6KqWBiEZxRmPPGDc0PkRoV,6KqWBiEZxRmPPGDc0PkRoV,Venus,Bananarama,1986,-4.812,major,1980
spotify:track:6w6I3AFRv7tQMmUTgAghUB,6w6I3AFRv7tQMmUTgAghUB,Just Another Day,Oingo Boingo,1985,-10.715,major,1980
spotify:track:4tYpYYoOI7WDxbCnPninwE,4tYpYYoOI7WDxbCnPninwE,Black Cat,Janet Jackson,1989,-7.253,minor,1980
spotify:track:1A2PWRltFrX8iB8IP3CUgo,1A2PWRltFrX8iB8IP3CUgo,St. Elmos Fire (Man in Motion),John Parr,1985,-10.945,major,1980
spotify:track:6Nq5N6GC5Ik5mteYWlpgKp,6Nq5N6GC5Ik5mteYWlpgKp,SHADOW CITY,Akira Terao,1981,-12.336,minor,1980
spotify:track:2V0u2rXv1bzTiwivScz9fM,2V0u2rXv1bzTiwivScz9fM,Fast Talk,Stephanie Mills,1989,-10.743,major,1980
spotify:track:6dLvocI8P9mckD2Op0m00W,6dLvocI8P9mckD2Op0m00W,Buttermilk Biscuits (Keep On Square Dancin'),Sir Mix-A-Lot,1988,-10.984,minor,1980
spotify:track:0XHWClSz0v6RIaRSGqJH3X,0XHWClSz0v6RIaRSGqJH3X,Smoke on the Water,Deep Purple,1980,-11.084,major,1980
spotify:track:5wTM2Bm8phDwHAuOsfBwhU,5wTM2Bm8phDwHAuOsfBwhU,2000 Miles - 2007 Remaster,Pretenders,1984,-9.051,major,1980
spotify:track:4pWHlV64Ni9epy7RrKjFus,4pWHlV64Ni9epy7RrKjFus,Birds Fly (Whisper to a Scream),The Icicle Works,1984,-13.064,major,1980
spotify:track:4f3RDq9nYPBeR1yMSgnmBm,4f3RDq9nYPBeR1yMSgnmBm,You've Got Another Thing Coming,Judas Priest,1982,-6.947,minor,1980
spotify:track:76HKOVWqsEg26SECtmw7Rz,76HKOVWqsEg26SECtmw7Rz,The Way You Make Me Feel - 2012 Remaster,Michael Jackson,1987,-4.523,major,1980
spotify:track:0CFIH3diqmPfa6FRXEILLF,0CFIH3diqmPfa6FRXEILLF,Something Good,Paul Haig,1989,-4.233,major,1980
spotify:track:1LDAh7QQnWvp3GJ9QDa1Pj,1LDAh7QQnWvp3GJ9QDa1Pj,Seek & Destroy,Metallica,1983,-6.189,major,1980
spotify:track:5ZIU2kT1wNjQNclQeVCz5O,5ZIU2kT1wNjQNclQeVCz5O,Modern Day Cowboy,Tesla,1986,-8.836,major,1980
spotify:track:1mqytV5qZcmzG6MgvJCpkQ,1mqytV5qZcmzG6MgvJCpkQ,Love My Way,The Psychedelic Furs,1988,-12.194,major,1980
spotify:track:23IK8TF2MSiLnuEjaYPfVV,23IK8TF2MSiLnuEjaYPfVV,Nightshift,Commodores,1985,-10.194,major,1980
spotify:track:0PP933bHgvV0eD19dG3ms5,0PP933bHgvV0eD19dG3ms5,Here I Go Again 87 - 2017 Remastered Version,Whitesnake,1987,-5.591,major,1980
spotify:track:2QgWuCtBpNIpl5trmKCxRf,2QgWuCtBpNIpl5trmKCxRf,American Pie,Don McLean,1988,-10.893,major,1980
spotify:track:7Akh21WwTaO2rlyH9xxCFg,7Akh21WwTaO2rlyH9xxCFg,Turned Away,Chuckii Booker,1989,-9.018,major,1980
spotify:track:6C4LXC9UFH1IKiHYOp0BiJ,6C4LXC9UFH1IKiHYOp0BiJ,Sunday Bloody Sunday - Remastered 2008,U2,1983,-7.495,major,1980
spotify:track:4Nfwdpfq2WIxtQ9buCC5qO,4Nfwdpfq2WIxtQ9buCC5qO,Centerfold,The J. Geils Band,1988,-14.233,major,1980
spotify:track:1fbuWhPQIH1NxU3iATVGJZ,1fbuWhPQIH1NxU3iATVGJZ,Telegraph,Orchestral Manoeuvres In The Dark,1983,-7.114,major,1980
spotify:track:5QGcPVSJ8FD8eicZvMcNcG,5QGcPVSJ8FD8eicZvMcNcG,Forever,KISS,1989,-10.579,major,1980
spotify:track:26fZwf1ImE4aUJ4XaqOkUg,26fZwf1ImE4aUJ4XaqOkUg,No One Like You,Scorpions,1982,-10.424,minor,1980
spotify:track:0GIOPJKTSxagq3rq07Ch3U,0GIOPJKTSxagq3rq07Ch3U,Heaven,Bryan Adams,1984,-13.727,minor,1980
spotify:track:2bXR3wHjJ7zBZ7RRuTVCvQ,2bXR3wHjJ7zBZ7RRuTVCvQ,The Perfect Kiss - 2015 Remaster,New Order,1985,-6.065,major,1980
spotify:track:4mn2kNTqiGLwaUR8JdhJ1l,4mn2kNTqiGLwaUR8JdhJ1l,The House of the Rising Sun,The Animals,1987,-9.11,minor,1980
spotify:track:1vhNjOtmfgoGy4J6ijCUSS,1vhNjOtmfgoGy4J6ijCUSS,Higher Love - Full Album Version,Steve Winwood,1986,-12.267,major,1980
spotify:track:2nmaEzFZrSm2aMLtfJDzyG,2nmaEzFZrSm2aMLtfJDzyG,Werewolves of London,Warren Zevon,1986,-10.594,major,1980
spotify:track:06ku5BBS2HufqSDVkcSR15,06ku5BBS2HufqSDVkcSR15,Tunnel of Love (Intro: The Carousel Waltz),Dire Straits,1980,-10.708,major,1980
spotify:track:7t4rA2AxpG7yAhgRwopfn2,7t4rA2AxpG7yAhgRwopfn2,Groove Me,Guy,1988,-13.931,major,1980
spotify:track:7BVMXNnQSswMX8IJeZUb5T,7BVMXNnQSswMX8IJeZUb5T,Rock Wit'cha,Bobby Brown,1988,-12.417,minor,1980
spotify:track:7o7E1nrHWncYY7PY94gCiX,7o7E1nrHWncYY7PY94gCiX,Video Killed The Radio Star,The Buggles,1980,-11.548,major,1980
spotify:track:3zLZ7AVfbYuy0BnRWLafZg,3zLZ7AVfbYuy0BnRWLafZg,(Keep Feeling) Fascination,The Human League,1988,-8.011,major,1980
spotify:track:2Sf6ryueL9oJ1eDE2HfIvJ,2Sf6ryueL9oJ1eDE2HfIvJ,Heat Of The Moment,After 7,1989,-11.365,minor,1980
spotify:track:0iyFMU2QF4a2SmAeCwf3it,0iyFMU2QF4a2SmAeCwf3it,The Zoo,Scorpions,1980,-4.165,major,1980
spotify:track:2tEifcUedZAkWUnRB1O4E5,2tEifcUedZAkWUnRB1O4E5,Come Share My Love,Miki Howard,1986,-13.194,major,1980
spotify:track:7c1Dar0pIAW7w5TzaGjt9t,7c1Dar0pIAW7w5TzaGjt9t,Jane Says,Jane's Addiction,1988,-9.258,major,1980
spotify:track:3PAYDLeC1RxDIbzi9hZYne,3PAYDLeC1RxDIbzi9hZYne,Every Little Step,Bobby Brown,1988,-12.305,major,1980
spotify:track:1NFzONC2FpppkTTzX6eoHo,1NFzONC2FpppkTTzX6eoHo,Oye Mi Canto - Single Version,Gloria Estefan,1989,-6.617,major,1980
spotify:track:325ipyWkzIGakH2DJgDlOT,325ipyWkzIGakH2DJgDlOT,Happy When It Rains,The Jesus and Mary Chain,1987,-6.642,major,1980
spotify:track:0J6mQxEZnlRt9ymzFntA6z,0J6mQxEZnlRt9ymzFntA6z,Livin' On A Prayer,Bon Jovi,1986,-3.777,major,1980
spotify:track:5MPxgVGxq79wcoNKtlRaTf,5MPxgVGxq79wcoNKtlRaTf,You Are My Lady,Freddie Jackson,1985,-16.019,major,1980
spotify:track:41bdgBL7tjwQOl7RpwubKU,41bdgBL7tjwQOl7RpwubKU,Vagabonds,New Model Army,1989,-12.164,major,1980
spotify:track:6zM4fg3BvLOJNlQMsiDQEU,6zM4fg3BvLOJNlQMsiDQEU,Somebody,Escape With Romeo,1989,-10.765,major,1980
spotify:track:4PXH3g9qGgMqDlC52dJw07,4PXH3g9qGgMqDlC52dJw07,Blister In The Sun,Violent Femmes,1982,-8.557,major,1980
spotify:track:0hOA8SoraNo2ZP1amtVYnY,0hOA8SoraNo2ZP1amtVYnY,Big Love - 2017 Remaster,Fleetwood Mac,1987,-11.905,minor,1980
spotify:track:4gvea7UlDkAvsJBPZAd4oB,4gvea7UlDkAvsJBPZAd4oB,The Boys Of Summer,Don Henley,1984,-13.741,major,1980
spotify:track:0mt80ksFAwPHXyAlArU5Yc,0mt80ksFAwPHXyAlArU5Yc,Two Occasions,The Deele,1987,-9.546,minor,1980
spotify:track:0yndiszlOMgxOu3y2vKZvB,0yndiszlOMgxOu3y2vKZvB,We Got Our Own Thang,Heavy D & The Boyz,1989,-12.762,major,1980
spotify:track:7t4JfA6DUGxywPmy9SXixz,7t4JfA6DUGxywPmy9SXixz,If I'm Not Your Lover,Al B. Sure!,1988,-13.889,major,1980
spotify:track:3r0Rhl5Zdo9YjACZNsaBvN,3r0Rhl5Zdo9YjACZNsaBvN,Nite and Day,Al B. Sure!,1988,-9.616,minor,1980
spotify:track:7cUXKXdigEIP8FgWbmckde,7cUXKXdigEIP8FgWbmckde,Dreaming of Me,Depeche Mode,1981,-5.323,minor,1980
spotify:track:5lwQGZYF4BXOzFtXc5zk8q,5lwQGZYF4BXOzFtXc5zk8q,"Head Over Heels - Dave Bascombe 7"" N.Mix",Tears For Fears,1985,-8.116,major,1980
spotify:track:2o49Twc3qrNMOt8gq9W06L,2o49Twc3qrNMOt8gq9W06L,Pictures Of You - Remastered,The Cure,1989,-6.454,major,1980
spotify:track:30tkVyBPF2ZGF2oBnaE6cE,30tkVyBPF2ZGF2oBnaE6cE,Love Will Never Do (Without You),Janet Jackson,1989,-9.624,major,1980
spotify:track:0U2TocFjqul3sis3sE5jZl,0U2TocFjqul3sis3sE5jZl,I Don't Believe In Love - Remastered 2003,Queensrÿche,1988,-2.654,major,1980
spotify:track:76HJoPhDFxD7rizsbCmZND,76HJoPhDFxD7rizsbCmZND,Suedehead - 2011 Remaster,Morrissey,1988,-4.5,major,1980
spotify:track:68YdZEkdaoXQTHRsxzS2Kq,68YdZEkdaoXQTHRsxzS2Kq,Express Yourself,N.W.A.,1988,-9.065,minor,1980
spotify:track:1Qrdlkgg9I4J7r3P4kZNwr,1Qrdlkgg9I4J7r3P4kZNwr,Missing You,John Waite,1984,-9.736,minor,1980
spotify:track:4rr67zXmEYf9ykLigeEsbv,4rr67zXmEYf9ykLigeEsbv,Don't Dream It's Over,Crowded House,1986,-17.227,major,1980
spotify:track:2mIrfke7vosXAEWfz6ucyo,2mIrfke7vosXAEWfz6ucyo,Lovesong - Remastered,The Cure,1989,-7.7,minor,1980
spotify:track:4o5XYTJecL5v938MN6YUPv,4o5XYTJecL5v938MN6YUPv,'Round And 'Round (Merry Go 'Round Of Love),Guy,1988,-14.264,minor,1980
spotify:track:3YXHTOLPqPlSfRqZCHtFol,3YXHTOLPqPlSfRqZCHtFol,Princes Of The Universe,Queen,1986,-14.327,major,1980
spotify:track:2JS1iE5A5RHvUPH5Zl9jlF,2JS1iE5A5RHvUPH5Zl9jlF,Run to the Hills - 1998 Remastered Version,Iron Maiden,1982,-4.641,major,1980
spotify:track:7FIqkrMFzbORpWI8vjWp9L,7FIqkrMFzbORpWI8vjWp9L,Stick Around,Julian Lennon,1986,-10.724,major,1980
spotify:track:5IK2FtuC0qmHHam9sWFxUI,5IK2FtuC0qmHHam9sWFxUI,Who's Crying Now,Journey,1981,-9.732,minor,1980
spotify:track:3esyi2atuXIovqsU1H1LuZ,3esyi2atuXIovqsU1H1LuZ,I'm Not Soupped,Troop,1989,-12.335,minor,1980
spotify:track:46sVotiw129Lx9RButaL8e,46sVotiw129Lx9RButaL8e,Somebody - Remix,Depeche Mode,1984,-14.382,major,1980
spotify:track:4qxsM71CUQmCD5eRIJIqpy,4qxsM71CUQmCD5eRIJIqpy,Get Together,The Youngbloods,1988,-15.925,major,1980
spotify:track:1cOj24fUMnBSXhtp7waHVW,1cOj24fUMnBSXhtp7waHVW,That's What Friends Are For,Dionne Warwick,1989,-14.643,major,1980
spotify:track:5XcZRgJv3zMhTqCyESjQrF,5XcZRgJv3zMhTqCyESjQrF,Poison,Alice Cooper,1989,-5.509,minor,1980
spotify:track:2YKnKXUeGERi9yCLTO2C3t,2YKnKXUeGERi9yCLTO2C3t,I Need Love,LL Cool J,1987,-20.734,major,1980
spotify:track:39qYD4J4BKvZMQgxfXl5bv,39qYD4J4BKvZMQgxfXl5bv,Eye In The Sky,The Alan Parsons Project,1982,-12.643,major,1980
spotify:track:7KA66zSwthBv5X9bNQEeX1,7KA66zSwthBv5X9bNQEeX1,Heat Of The Moment,Asia,1982,-7.35,major,1980
spotify:track:28clONjZmul6FjfO6tZQDE,28clONjZmul6FjfO6tZQDE,Metal Health (Bang Your Head),Quiet Riot,1983,-5.977,major,1980
spotify:track:4bnNwCbIo9vxlIpu88KV0K,4bnNwCbIo9vxlIpu88KV0K,Der Mussolini - 1998 - Remaster,DAF,1981,-9.404,major,1980
spotify:track:6LFoyjCI9eFZw3QmN46x2V,6LFoyjCI9eFZw3QmN46x2V,Nobody's Fool,Cinderella,1986,-13.615,minor,1980
spotify:track:3bcYb4HwWlytUFLny0e0Q1,3bcYb4HwWlytUFLny0e0Q1,With Or Without You,U2,1987,-14.672,major,1980
spotify:track:5HiP7QX910Rql8nM89Mpl8,5HiP7QX910Rql8nM89Mpl8,Platonic Dancer,オメガトライブ,1985,-4.851,minor,1980
spotify:track:43btz2xjMKpcmjkuRsvxyg,43btz2xjMKpcmjkuRsvxyg,Jack & Diane,John Mellencamp,1982,-8.214,major,1980
spotify:track:4e9hUiLsN4mx61ARosFi7p,4e9hUiLsN4mx61ARosFi7p,The Spirit Of Radio,Rush,1980,-7.066,major,1980
spotify:track:0xpBr84T3FTm9j4D1MdPtk,0xpBr84T3FTm9j4D1MdPtk,Invisible Touch - 2007 Remaster,Genesis,1986,-5.987,major,1980
spotify:track:4r4VwcBtZWLgBn0ucRYlEz,4r4VwcBtZWLgBn0ucRYlEz,It Hurts (There Must Be a Taste of Murder in It),The Lotus Eaters,1984,-13.437,minor,1980
spotify:track:6AgDFWLbbAt2migXMbrhXT,6AgDFWLbbAt2migXMbrhXT,Ready Or Not,After 7,1989,-12.06,minor,1980
spotify:track:7v5rsCN3LhX9XaIlWyTdx3,7v5rsCN3LhX9XaIlWyTdx3,Steal Away - Remastered,Robbie Dupree,1980,-11.466,major,1980
spotify:track:1erQfISWXcYiSsTEYSaNUe,1erQfISWXcYiSsTEYSaNUe,"Da' Butt - From The ""School Daze"" Soundtrack",E.U.,1988,-12.787,minor,1980
spotify:track:4o6BgsqLIBViaGVbx5rbRk,4o6BgsqLIBViaGVbx5rbRk,You Make My Dreams,Daryl Hall & John Oates,1980,-12.151,major,1980
spotify:track:7hDVN6GisA47ym0H93NA1Z,7hDVN6GisA47ym0H93NA1Z,Running,Information Society,1988,-14.671,major,1980
spotify:track:0deI3lZkgbVt6wRsv5s0Ev,0deI3lZkgbVt6wRsv5s0Ev,Out In The Fields,Gary Moore,1985,-8.189,minor,1980
spotify:track:3hx5R8nOKu5zvhlfDNSIQC,3hx5R8nOKu5zvhlfDNSIQC,Sucker M.C.'s (Krush-Groove 1),Run–D.M.C.,1984,-5.636,major,1980
spotify:track:1brpdmqkx3kSxyqzqXfW7J,1brpdmqkx3kSxyqzqXfW7J,Heaven's On Fire,KISS,1984,-6.053,major,1980
spotify:track:0ZNFoXjeI3yDbXI4THHbzl,0ZNFoXjeI3yDbXI4THHbzl,First Finale,オメガトライブ,1985,-6.22,major,1980
spotify:track:5VtqYOQrtrBoaZKMaY0HcK,5VtqYOQrtrBoaZKMaY0HcK,Georgia - 2003 Digital Remaster,Orchestral Manoeuvres In The Dark,1981,-6.369,minor,1980
spotify:track:3ycOJKN5U4l1nLPM5IYJh6,3ycOJKN5U4l1nLPM5IYJh6,Tom Sawyer,Rush,1981,-7.937,major,1980
spotify:track:3298yRJKPcCndQdNiTZKIo,3298yRJKPcCndQdNiTZKIo,Sweet Caroline,Neil Diamond,1987,-16.057,major,1980
spotify:track:1ynmMEK1fkyiZ6Z6F3ThEt,1ynmMEK1fkyiZ6Z6F3ThEt,Centerfold,The J. Geils Band,1981,-12.244,major,1980
spotify:track:2RaA6kIcvomt77qlIgGhCT,2RaA6kIcvomt77qlIgGhCT,Breaking the Law,Judas Priest,1980,-5.664,major,1980
spotify:track:5cV7iNvMXJyMhFNY0HFbQh,5cV7iNvMXJyMhFNY0HFbQh,Gangsta Gangsta,N.W.A.,1988,-3.777,minor,1980
spotify:track:2V8KvnD5LVeeDChMWEkSzC,2V8KvnD5LVeeDChMWEkSzC,Nothin' But A Good Time - Remastered 2006,Poison,1988,-2.785,major,1980
spotify:track:5KhICfI5WQDmdEArnSImOL,5KhICfI5WQDmdEArnSImOL,Eastern Railroad,オメガトライブ,1984,-5.481,minor,1980
spotify:track:7EmSPZ9f1AiLR9eVHNSI62,7EmSPZ9f1AiLR9eVHNSI62,Brothers In Arms,Dire Straits,1985,-13.904,minor,1980
spotify:track:2fdfsGuqb6SBX5ocoBWHUd,2fdfsGuqb6SBX5ocoBWHUd,The One I Love - Remastered,R.E.M.,1987,-4.626,major,1980
spotify:track:4y7EaP5J09FJmclmmvM1jN,4y7EaP5J09FJmclmmvM1jN,Over The Hills And Far Away,Gary Moore,1987,-12.409,major,1980
spotify:track:7qm1JpihtROAIU1XpvqYHS,7qm1JpihtROAIU1XpvqYHS,Human - Edit,The Human League,1988,-10.313,major,1980
spotify:track:5KMPp9asnxJwvaBuSZ5Nsn,5KMPp9asnxJwvaBuSZ5Nsn,"You Just Haven't Earned It Yet, Baby",The Smiths,1987,-5.106,major,1980
spotify:track:0cGG2EouYCEEC3xfa0tDFV,0cGG2EouYCEEC3xfa0tDFV,Tainted Love,Soft Cell,1981,-8.284,minor,1980
spotify:track:648BMGrt98kUbLo24A4vgj,648BMGrt98kUbLo24A4vgj,Hip To Be Square,Huey Lewis & The News,1986,-11.089,major,1980
spotify:track:4tFGNFIIZ9ANSewxGZyiDD,4tFGNFIIZ9ANSewxGZyiDD,The Headmaster Ritual - 2011 Remaster,The Smiths,1985,-6.184,major,1980
spotify:track:1AKI0dqAIamOa2UamiHNF9,1AKI0dqAIamOa2UamiHNF9,Piece Of My Love,Guy,1988,-16.669,major,1980
spotify:track:7y9yjpRtZajYzVpXHRjwGz,7y9yjpRtZajYzVpXHRjwGz,No More ?'s,Eazy-E,1988,-4.782,major,1980
spotify:track:4oDZ5L8izBals6jKBJDBcX,4oDZ5L8izBals6jKBJDBcX,Your Love,The Outfield,1985,-12.421,minor,1980
spotify:track:062mh4qAZyDV9dIQK70iu0,062mh4qAZyDV9dIQK70iu0,Miss You Much,Janet Jackson,1989,-8.719,minor,1980
spotify:track:4bHsxqR3GMrXTxEPLuK5ue,4bHsxqR3GMrXTxEPLuK5ue,Don't Stop Believin',Journey,1981,-9.072,major,1980
spotify:track:3C8xkK4Cir2QmiaN07GIZs,3C8xkK4Cir2QmiaN07GIZs,"Hold It Now, Hit It",Beastie Boys,1986,-8.768,minor,1980
spotify:track:6i8ecOsx4J2Px1maiqzqoG,6i8ecOsx4J2Px1maiqzqoG,Everywhere,Fleetwood Mac,1987,-10.516,major,1980
spotify:track:6RXBjCDKM6vAGiX4ojUD1E,6RXBjCDKM6vAGiX4ojUD1E,Cover Me,Bruce Springsteen,1984,-11.476,minor,1980
spotify:track:7pkWZL0kA26s754CwyK0SH,7pkWZL0kA26s754CwyK0SH,Once Bitten Twice Shy,Great White,1989,-14.021,major,1980
spotify:track:5byYO8JjkxV27yQYo2pDRx,5byYO8JjkxV27yQYo2pDRx,Summergirls,Dino,1989,-15.2,minor,1980
spotify:track:3Drz2lTW7fHczqAoJ3dPWJ,3Drz2lTW7fHczqAoJ3dPWJ,霧のDOWN TOWN,オメガトライブ,1985,-6.26,minor,1980
spotify:track:2fY6tqgrlrg1ky9fgs0t5u,2fY6tqgrlrg1ky9fgs0t5u,Wanted Dead Or Alive,Bon Jovi,1986,-3.886,major,1980
spotify:track:0i5LBaRAugIBpBMEfNvN0e,0i5LBaRAugIBpBMEfNvN0e,Let Your Body Learn,Nitzer Ebb,1987,-12.576,major,1980
spotify:track:1aZLIbKEdsyqxyD6iNcrbA,1aZLIbKEdsyqxyD6iNcrbA,Pour Some Sugar On Me,Def Leppard,1987,-4.899,minor,1980
spotify:track:27Z1opuTMIEItuX9Gc0MBu,27Z1opuTMIEItuX9Gc0MBu,But Not Tonight,Depeche Mode,1986,-15.051,major,1980
spotify:track:0cSJGFChou7M6u2ju9SWN1,0cSJGFChou7M6u2ju9SWN1,Microphone Fiend,Eric B. & Rakim,1988,-8.71,major,1980
spotify:track:3kkWD4jESZLL9eXrzJypGH,3kkWD4jESZLL9eXrzJypGH,Boys Do Fall In Love,Robin Gibb,1984,-14.044,major,1980
spotify:track:7awBgmQ3B0YscMXPBwE1gQ,7awBgmQ3B0YscMXPBwE1gQ,Get on Your Feet,Gloria Estefan,1989,-10.036,major,1980
spotify:track:4rS4K30qVDExdjeU4feF4c,4rS4K30qVDExdjeU4feF4c,Keep the Fire Burning - Remastered Version,Gwen McCrae,1982,-13.806,minor,1980
spotify:track:57ysLbmFhxX9WL9e5QTAmz,57ysLbmFhxX9WL9e5QTAmz,The Way That You Love Me,Paula Abdul,1988,-8.297,major,1980
spotify:track:5F8WPtrurLmNE3tv6Sm14m,5F8WPtrurLmNE3tv6Sm14m,I Wanna Be Somebody,W.A.S.P.,1984,-7.051,minor,1980
spotify:track:2sXp9Qmvc7mRaDBjBgcGGi,2sXp9Qmvc7mRaDBjBgcGGi,Every Breath You Take - Remastered 2003,The Police,1983,-9.78,major,1980
spotify:track:4m3OS54KWywYhP7WD7z1cg,4m3OS54KWywYhP7WD7z1cg,Life in a Northern Town,The Dream Academy,1985,-13.342,major,1980
spotify:track:6iwWFPOSfhH6kArlU52fp0,6iwWFPOSfhH6kArlU52fp0,Give Blood,Pete Townshend,1985,-11.896,major,1980
spotify:track:6Ycf7Ch2VlEKlORbz7yfpJ,6Ycf7Ch2VlEKlORbz7yfpJ,Sweet Love,Anita Baker,1986,-5.699,minor,1980
spotify:track:2DcSehEocZhDogCJKCnXb3,2DcSehEocZhDogCJKCnXb3,Your Love Is King,Sade,1984,-6.797,major,1980
spotify:track:1CrWoWuxupYY1vi1XRdpBX,1CrWoWuxupYY1vi1XRdpBX,Something in My Heart,Michel'le,1989,-12.892,minor,1980
spotify:track:7ptv3yXdBWwzO7rVA62rwy,7ptv3yXdBWwzO7rVA62rwy,(Oh) Pretty Woman - 2015 Remaster,Van Halen,1982,-2.1,minor,1980
spotify:track:43GS3mtezoIFiuIZCLLiDY,43GS3mtezoIFiuIZCLLiDY,Every Rose Has Its Thorn - Remastered 2003,Poison,1988,-5.571,major,1980
spotify:track:1PUwqWUz1Zz345y1s9YRv1,1PUwqWUz1Zz345y1s9YRv1,Shakin',Eddie Money,1983,-10.241,major,1980
spotify:track:0uMMLry3hzWGn3q3loqMkm,0uMMLry3hzWGn3q3loqMkm,La Bamba - 45 Version,Los Lobos,1987,-12.239,major,1980
spotify:track:1XxUDJp9zsjd6tBSvE3la4,1XxUDJp9zsjd6tBSvE3la4,Heavy Metal,Sammy Hagar,1981,-11.674,major,1980
spotify:track:665Jxlgi1HamPKbW1vwzx4,665Jxlgi1HamPKbW1vwzx4,We Belong,Pat Benatar,1984,-14.108,major,1980
spotify:track:7pu8AhGUxHZSCWTkQ2eb5M,7pu8AhGUxHZSCWTkQ2eb5M,Bad Reputation,Joan Jett & The Blackhearts,1981,-4.055,major,1980
spotify:track:4LFwNJWoj74Yd71fIr1W8x,4LFwNJWoj74Yd71fIr1W8x,Right Here Waiting,Richard Marx,1989,-13.589,major,1980
spotify:track:18AXbzPzBS8Y3AkgSxzJPb,18AXbzPzBS8Y3AkgSxzJPb,In The Air Tonight - 2015 Remastered,Phil Collins,1981,-13.945,major,1980
spotify:track:5SVwYZ8kVz8IXVm8Bji6XY,5SVwYZ8kVz8IXVm8Bji6XY,That Smiling Face,Camouflage,1988,-12.658,minor,1980
spotify:track:6qUEOWqOzu1rLPUPQ1ECpx,6qUEOWqOzu1rLPUPQ1ECpx,Walk This Way (feat. Aerosmith),Run–D.M.C.,1986,-12.56,minor,1980
spotify:track:3Cx4yrFaX8CeHwBMReOWXI,3Cx4yrFaX8CeHwBMReOWXI,We Didn't Start the Fire,Billy Joel,1989,-5.206,major,1980
spotify:track:5C0LFQARavkPpn7JgA4sLk,5C0LFQARavkPpn7JgA4sLk,Every Breath You Take - Remastered 2003,The Police,1983,-9.796,major,1980
spotify:track:43eBgYRTmu5BJnCJDBU5Hb,43eBgYRTmu5BJnCJDBU5Hb,Rio - 2009 Remaster,Duran Duran,1982,-7.425,major,1980
spotify:track:6yK7QgE4H7dIzHa9EV4FKL,6yK7QgE4H7dIzHa9EV4FKL,If I Was Your Girlfriend,Prince,1987,-18.998,major,1980
spotify:track:5fsU7AtSTp0zySUf46hwbt,5fsU7AtSTp0zySUf46hwbt,Just Between You And Me,April Wine,1981,-15.021,major,1980
spotify:track:0rkcFGA6XEVd2XV2JI6msk,0rkcFGA6XEVd2XV2JI6msk,When Love Comes To Town,U2,1988,-11.259,major,1980
spotify:track:1LwP9g1Hjbs64jXM2Qsxry,1LwP9g1Hjbs64jXM2Qsxry,Just Like Honey,The Jesus and Mary Chain,1985,-10.503,major,1980
spotify:track:37ZJ0p5Jm13JPevGcx4SkF,37ZJ0p5Jm13JPevGcx4SkF,Livin' On A Prayer,Bon Jovi,1986,-3.757,major,1980
spotify:track:2PfBSkCKZDXMsJogMT0wML,2PfBSkCKZDXMsJogMT0wML,Jump,Van Halen,1984,-7.201,major,1980
spotify:track:4nTYxxF8iWBq54LO3dBUie,4nTYxxF8iWBq54LO3dBUie,Rhythm Nation,Janet Jackson,1989,-7.752,major,1980
spotify:track:51w6nRCU68klqNfYaaVP2j,51w6nRCU68klqNfYaaVP2j,"Hi, How're You Doin'?",DREAMS COME TRUE,1989,-26.087,major,1980
spotify:track:52S4QPlEwa8qkiC2jr6CGp,52S4QPlEwa8qkiC2jr6CGp,Groove Me,Guy,1988,-13.974,major,1980
spotify:track:6OmknRIYvZmABONKgva2GK,6OmknRIYvZmABONKgva2GK,Every Little Step - Remix,Bobby Brown,1989,-10.397,major,1980
spotify:track:52IuMfbQa9aqRPz2oYPAI8,52IuMfbQa9aqRPz2oYPAI8,Express Yourself,N.W.A.,1988,-11.022,minor,1980
spotify:track:7aGqzztb8FoK1wI27EUtGP,7aGqzztb8FoK1wI27EUtGP,Lick It Up,KISS,1983,-5.998,major,1980
spotify:track:1hlveB9M6ijHZRbzZ2teyh,1hlveB9M6ijHZRbzZ2teyh,We're Not Gonna Take It,Twisted Sister,1984,-6.299,major,1980
spotify:track:1FvDJ9KGxcqwv1utyPL3JZ,1FvDJ9KGxcqwv1utyPL3JZ,This Charming Man - 2011 Remaster,The Smiths,1984,-5.9,major,1980
spotify:track:1tjK9HhmpEfk0ijyIKsoUk,1tjK9HhmpEfk0ijyIKsoUk,Hey Nineteen,Steely Dan,1980,-13.936,major,1980
spotify:track:5kz9GDBTX846OXwqWoyKzF,5kz9GDBTX846OXwqWoyKzF,We Got The Beat,The Go-Go's,1981,-5.61,major,1980
spotify:track:2gQaQUhDCNGfBVXTvxAmXQ,2gQaQUhDCNGfBVXTvxAmXQ,Shout,Tears For Fears,1985,-10.407,major,1980
spotify:track:7yzbimr8WVyAtBX3Eg6UL9,7yzbimr8WVyAtBX3Eg6UL9,Hallelujah,Leonard Cohen,1984,-12.577,major,1980
spotify:track:1p5GFCHCm5u8t2tvhDqQ7Z,1p5GFCHCm5u8t2tvhDqQ7Z,Danger,The Flirts,1982,-10.934,minor,1980
spotify:track:7yqU5HODQU91zj8ahUaUX1,7yqU5HODQU91zj8ahUaUX1,I Wanna Dance with Somebody (Who Loves Me),Whitney Houston,1987,-8.824,major,1980
spotify:track:6MfVSA5iKBPHzo6RGARjL0,6MfVSA5iKBPHzo6RGARjL0,Lost In Love,Air Supply,1980,-19.292,major,1980
spotify:track:7elZqrBZysXba7cTLkrw05,7elZqrBZysXba7cTLkrw05,Ask the Lonely,Journey,1983,-3.316,major,1980
spotify:track:28P5HAF0Kll9Xd9dX4qw7A,28P5HAF0Kll9Xd9dX4qw7A,Eye of the Tiger,Survivor,1982,-14.522,minor,1980
spotify:track:1a2iF9XymafjRk56q7oCxo,1a2iF9XymafjRk56q7oCxo,Pride and Joy,Stevie Ray Vaughan,1983,-11.821,major,1980
spotify:track:1HVKyOwoBkhseTKSYAt9Tg,1HVKyOwoBkhseTKSYAt9Tg,Every Minute Every Day,Scorpions,1988,-3.608,major,1980
spotify:track:0RVeadY2MbHz4Pe4MreLNw,0RVeadY2MbHz4Pe4MreLNw,Rocket,Def Leppard,1987,-6.822,major,1980
spotify:track:01R0Xdwje645C6xFCnMRvm,01R0Xdwje645C6xFCnMRvm,Talk Dirty To Me,Poison,1986,-13.267,major,1980
spotify:track:1f1QPwS422JMbg2aRW66bw,1f1QPwS422JMbg2aRW66bw,Beautiful Boy (Darling Boy),John Lennon,1980,-11.53,major,1980
spotify:track:7bkyXSi4GtVfD7itZRUR3e,7bkyXSi4GtVfD7itZRUR3e,Material Girl,Madonna,1984,-12.677,major,1980
spotify:track:2wSAWEYUHkt92X4SBAPqZE,2wSAWEYUHkt92X4SBAPqZE,Karma Chameleon - Remastered,Culture Club,1983,-7.182,major,1980
spotify:track:43thLwzSasUUZEYjYPeJh3,43thLwzSasUUZEYjYPeJh3,Close My Eyes Forever,Lita Ford,1988,-14.884,major,1980
spotify:track:36lkJSDyMEZoWTqtRj8Q8q,36lkJSDyMEZoWTqtRj8Q8q,You're the Inspiration - 2006 Remaster,Chicago,1984,-6.364,major,1980
spotify:track:3EGI5qmVmGlfgy9BmNb1R8,3EGI5qmVmGlfgy9BmNb1R8,Lessons In Love,Level 42,1987,-8.403,major,1980
spotify:track:4RvWPyQ5RL0ao9LPZeSouE,4RvWPyQ5RL0ao9LPZeSouE,Everybody Wants To Rule The World,Tears For Fears,1985,-12.095,major,1980
spotify:track:6AEdWbrFREOUNmI1hMPbyc,6AEdWbrFREOUNmI1hMPbyc,On The Wings Of Love,Jeffrey Osborne,1982,-12.066,major,1980
spotify:track:30upl1YT1suEgSDpIopSky,30upl1YT1suEgSDpIopSky,Any Day Now,Ronnie Milsap,1982,-9.705,major,1980
spotify:track:6amZm52SfS7d6oCEu9NDMl,6amZm52SfS7d6oCEu9NDMl,So Alive,Love and Rockets,1989,-13.991,major,1980
spotify:track:5XsMz0YfEaHZE0MTb1aujs,5XsMz0YfEaHZE0MTb1aujs,Wake Me Up Before You Go-Go,Wham!,1984,-6.027,major,1980
spotify:track:3Cn1aiqSnvaj3FF4eFT80W,3Cn1aiqSnvaj3FF4eFT80W,Someone,El DeBarge,1986,-13.247,minor,1980
spotify:track:3HnI3m7oMAoBbiXTWEQSly,3HnI3m7oMAoBbiXTWEQSly,I Ain't Wit It,Paul Laurence,1989,-7.557,minor,1980
spotify:track:4cVHMHgmWgudD399ZdhQ3L,4cVHMHgmWgudD399ZdhQ3L,Let's Dance - 2002 Remaster,David Bowie,1983,-9.771,major,1980
spotify:track:2pwXHvgUsXiGXpWOyohGA2,2pwXHvgUsXiGXpWOyohGA2,Mary Mack,Babyface,1986,-7.592,major,1980
spotify:track:24IdPCimVnJJDRuB5YSDiS,24IdPCimVnJJDRuB5YSDiS,I Don't Care Anymore - 2016 Remaster,Phil Collins,1982,-8.297,major,1980
spotify:track:3JzfUGNaBr4KyZwadF2zBQ,3JzfUGNaBr4KyZwadF2zBQ,AI O MAKIMODOSHITE,Kiyotaka Sugiyama,1985,-15.819,major,1980
spotify:track:60ubljabcQKHeMpjiypBcH,60ubljabcQKHeMpjiypBcH,Heaven,The Psychedelic Furs,1988,-14.124,major,1980
spotify:track:4DnEyHNO8MdhFYFrDq73BV,4DnEyHNO8MdhFYFrDq73BV,Mr. Brownstone,Guns N' Roses,1987,-9.284,major,1980
spotify:track:745PEogChr9LC3ctmXeijC,745PEogChr9LC3ctmXeijC,Dr. Feelgood,Mötley Crüe,1989,-3.952,major,1980
spotify:track:3ccAZx3wLZDVB2Nq6rikf9,3ccAZx3wLZDVB2Nq6rikf9,Half a Person - 2011 Remaster,The Smiths,1987,-8.698,minor,1980
spotify:track:3QrwftqtZ1D3jybjudsxnt,3QrwftqtZ1D3jybjudsxnt,Do It Again,Steely Dan,1985,-10.68,minor,1980
spotify:track:0Zj9X09LIkNOUNX0I4Tet9,0Zj9X09LIkNOUNX0I4Tet9,Dr. Feelgood,Mötley Crüe,1989,-3.935,major,1980
spotify:track:3FzKPS0oVknVlCW3PhxIHl,3FzKPS0oVknVlCW3PhxIHl,Debaser,Pixies,1989,-12.005,major,1980
spotify:track:30vbOgHRjyUbUZ1KWOY11C,30vbOgHRjyUbUZ1KWOY11C,Put Out The Fire - Remastered 2011,Queen,1982,-5.869,major,1980
spotify:track:1rME1sbMT1519MjbLJrwc7,1rME1sbMT1519MjbLJrwc7,My Prerogative,Bobby Brown,1988,-7.515,major,1980
spotify:track:2374M0fQpWi3dLnB54qaLX,2374M0fQpWi3dLnB54qaLX,Africa,TOTO,1982,-18.064,major,1980
spotify:track:6OuFH2f6Oq0QddSmwZJu6T,6OuFH2f6Oq0QddSmwZJu6T,Lady Free,1986 Omega Tribe,1987,-14.984,minor,1980
spotify:track:1zZvPumuScWPZKZOCC6yq0,1zZvPumuScWPZKZOCC6yq0,Knock Me Down - Remastered,Red Hot Chili Peppers,1989,-3.629,major,1980
spotify:track:1j4OXmXNhQRVtC53cSEtan,1j4OXmXNhQRVtC53cSEtan,Never Ending Summer IV ~Prolog,オメガトライブ,1984,-6.521,major,1980
spotify:track:6WDywA01HXByEC07ZEKt6T,6WDywA01HXByEC07ZEKt6T,二度目のイヴ,オメガトライブ,1985,-6.758,minor,1980
spotify:track:1tMZpzeGkj5C0tKSnO2lrG,1tMZpzeGkj5C0tKSnO2lrG,Rio - 2001 Remastered Version,Duran Duran,1982,-6.282,major,1980
spotify:track:62SpTZPgcuBcygQSb1mC7W,62SpTZPgcuBcygQSb1mC7W,Jarabi,Ketama,1988,-19.701,minor,1980
spotify:track:4PJEK76V3A1S0XzZJuTWh7,4PJEK76V3A1S0XzZJuTWh7,Love Is A Long Road,Tom Petty,1989,-10.851,major,1980
spotify:track:0BnZQnXONdXE0YoAPtHcrt,0BnZQnXONdXE0YoAPtHcrt,The End of the River,オメガトライブ,1985,-8.907,major,1980
spotify:track:5yGTQzYbEdY6B9RFZJypgt,5yGTQzYbEdY6B9RFZJypgt,Rhythm Of The Night,DeBarge,1985,-12.328,minor,1980
spotify:track:2vNw57KPaYDzkyPxXYUORX,2vNw57KPaYDzkyPxXYUORX,Nightrain,Guns N' Roses,1987,-6.995,major,1980
spotify:track:2jsbLRAHKu0FCZcbySednM,2jsbLRAHKu0FCZcbySednM,Futari No Natsu Monogatari Never Ending Summer,オメガトライブ,1985,-4.566,major,1980
spotify:track:5uRsBdLhn91AYcsTCOGNOC,5uRsBdLhn91AYcsTCOGNOC,Sunglasses At Night,Corey Hart,1984,-11.106,minor,1980
spotify:track:5fRTUCS48zwiGai2Ku8gSg,5fRTUCS48zwiGai2Ku8gSg,These Dreams,Heart,1985,-14.122,major,1980
spotify:track:2LUVo82IKIpCuBNSaqF0G8,2LUVo82IKIpCuBNSaqF0G8,Corona,Minutemen,1984,-10.196,major,1980
spotify:track:4CRpOsjhvgxjF7rQufmyZ1,4CRpOsjhvgxjF7rQufmyZ1,Inbetween Days,The Cure,1985,-6.321,major,1980
spotify:track:3i3W6JXFIIRnrm9RKUkaaC,3i3W6JXFIIRnrm9RKUkaaC,N.E. Heart Break,New Edition,1988,-12.378,minor,1980
spotify:track:3ptER26gZWGlFsPT7HJfqd,3ptER26gZWGlFsPT7HJfqd,The Spirit Of Radio,Rush,1980,-7.05,major,1980
spotify:track:66LhCsc06aTa2Ig7iYPDSP,66LhCsc06aTa2Ig7iYPDSP,Stop Draggin' My Heart Around (with Tom Petty and The Heartbreakers) - 2016 Remaster,Stevie Nicks,1981,-7.382,minor,1980
spotify:track:1VKPiQJnV15flF5B3zeocD,1VKPiQJnV15flF5B3zeocD,You Dropped A Bomb On Me,The Gap Band,1982,-11.177,major,1980
spotify:track:5xbqrbNPBTAOGDA6GD3O46,5xbqrbNPBTAOGDA6GD3O46,Words Get In the Way,Miami Sound Machine,1985,-17.352,major,1980
spotify:track:2APxH5XbOLDTmW9X5yi6Hw,2APxH5XbOLDTmW9X5yi6Hw,Dreams,Van Halen,1986,-11.361,major,1980
spotify:track:4WfGrAJVC3A5xhUTja0gUG,4WfGrAJVC3A5xhUTja0gUG,Money For Nothing,Dire Straits,1985,-9.305,minor,1980
spotify:track:2oxcmG1trE8AKHE9b14Lvx,2oxcmG1trE8AKHE9b14Lvx,Facts of Love,Jeff Lorber,1986,-6.281,minor,1980
spotify:track:331dQ0vPDNCNLXFXo2atFe,331dQ0vPDNCNLXFXo2atFe,Every Little Step - With Rap,Bobby Brown,1988,-7.993,major,1980
spotify:track:6iqQCvQ33Ss0SiAgl6MRnz,6iqQCvQ33Ss0SiAgl6MRnz,Promised Land,Skeletal Family,1983,-11.592,major,1980
spotify:track:08o75xMKmGrKny6GsXrNJW,08o75xMKmGrKny6GsXrNJW,Little Lies,Fleetwood Mac,1988,-9.816,major,1980
spotify:track:2PpNgmrS9mAyrkRAwn6YPq,2PpNgmrS9mAyrkRAwn6YPq,Rainbow in the Dark,Dio,1983,-5.659,minor,1980
spotify:track:1o2IoGqzWhjyJEmWFCSUTF,1o2IoGqzWhjyJEmWFCSUTF,When I Think Of You,Janet Jackson,1986,-12.23,major,1980
spotify:track:1kDYCn9VIDmOIbLZ2Xc7OO,1kDYCn9VIDmOIbLZ2Xc7OO,Sweet Child O' Mine,Guns N' Roses,1987,-7.736,major,1980
spotify:track:3ZXcjz3A5vNsR5dA1e6ITl,3ZXcjz3A5vNsR5dA1e6ITl,Always Something There to Remind Me - 2018 Remaster,Naked Eyes,1983,-5.853,major,1980
spotify:track:5dRQUolXAVX3BbCiIxmSsf,5dRQUolXAVX3BbCiIxmSsf,Your Love,The Outfield,1985,-7.868,minor,1980
spotify:track:1co9HQhp1tMkH3OEkb3vXV,1co9HQhp1tMkH3OEkb3vXV,Here We Are,Gloria Estefan,1989,-14.437,major,1980
spotify:track:5WwqdeavrQrbeAMDxGawse,5WwqdeavrQrbeAMDxGawse,Can't Fight This Feeling,REO Speedwagon,1984,-11.017,major,1980
spotify:track:0v9kGNjkKdQUdDoBIuiph4,0v9kGNjkKdQUdDoBIuiph4,My Prerogative,Bobby Brown,1988,-10.544,major,1980
spotify:track:6cqwDeMvlCKI9CoeVahGrM,6cqwDeMvlCKI9CoeVahGrM,Mátenme Porque Me Muero,Caifanes,1988,-5.866,major,1980
spotify:track:19Ym5Sg0YyOCa6ao21bdoG,19Ym5Sg0YyOCa6ao21bdoG,Gypsy,Fleetwood Mac,1988,-13.99,major,1980
spotify:track:46Qy1xAr2K7rylRYwdQ6Gw,46Qy1xAr2K7rylRYwdQ6Gw,House of Pain,Faster Pussycat,1989,-10.256,major,1980
spotify:track:4WoKuMjwJXuy9IqX6AH5JE,4WoKuMjwJXuy9IqX6AH5JE,People Are People,Depeche Mode,1984,-7.305,minor,1980
spotify:track:2M9ro2krNb7nr7HSprkEgo,2M9ro2krNb7nr7HSprkEgo,Fast Car,Tracy Chapman,1988,-15.523,minor,1980
spotify:track:6mYrhCAGWzTdF8QnKuchXM,6mYrhCAGWzTdF8QnKuchXM,If I Could Turn Back Time,Cher,1989,-10.365,major,1980
spotify:track:12G1TYIfbpvC0mdFFn4Pbg,12G1TYIfbpvC0mdFFn4Pbg,Dopeman - Remix,N.W.A.,1988,-9.313,major,1980
spotify:track:6EPRKhUOdiFSQwGBRBbvsZ,6EPRKhUOdiFSQwGBRBbvsZ,Ace of Spades,Motörhead,1980,-7.102,major,1980
spotify:track:2UDic0ZlCZjpDEMKLmxZGz,2UDic0ZlCZjpDEMKLmxZGz,Alone Again,オメガトライブ,1983,-8.121,major,1980
spotify:track:1gnOtJnOZErFPsADj08XVr,1gnOtJnOZErFPsADj08XVr,Gittin' Funky,Kid 'N Play,1988,-16.938,major,1980
spotify:track:6fBwVe6udYdnRqwqo06if8,6fBwVe6udYdnRqwqo06if8,I Would Die 4 U,Prince,1984,-10.457,major,1980
spotify:track:0X3AXpz0M67gO6vtmAqdqa,0X3AXpz0M67gO6vtmAqdqa,Do You Really Want Me Back?,Broken English,1987,-6.026,major,1980
spotify:track:7ChIxgQeXA4jxAS0DE7b7o,7ChIxgQeXA4jxAS0DE7b7o,Toi Hitomi,オメガトライブ,1985,-6.586,major,1980
spotify:track:0Vqap6DWhvILPwGvbtlUi5,0Vqap6DWhvILPwGvbtlUi5,The Rhythm,Kwame,1989,-19.682,minor,1980
spotify:track:5aQfUmnxj8x1zYc37Wit9w,5aQfUmnxj8x1zYc37Wit9w,Sunday Morning,The Bolshoi,1986,-8.047,minor,1980
spotify:track:1nz1xzqPN4xYZtR4zgiLxt,1nz1xzqPN4xYZtR4zgiLxt,Smalltown Boy,Bronski Beat,1984,-11.247,major,1980
spotify:track:3vPrFUtWpKT9oNW94NDDEW,3vPrFUtWpKT9oNW94NDDEW,Don't Know What You Got (Till It's Gone),Cinderella,1988,-9.883,major,1980
spotify:track:752q3k1ds8JckA7tIakICn,752q3k1ds8JckA7tIakICn,Terra Titanic,Peter Schilling,1983,-7.703,major,1980
spotify:track:5fO2fgZVjB1ZnA8X2gU75F,5fO2fgZVjB1ZnA8X2gU75F,FAREWELL CALL,Kiyotaka Sugiyama,1985,-15.851,minor,1980
spotify:track:1zaigPe4NB94tc4CRshK46,1zaigPe4NB94tc4CRshK46,Get It Right,Aretha Franklin,1983,-6.622,major,1980
spotify:track:08IIDDeGMsbKnkSHTVX9Cj,08IIDDeGMsbKnkSHTVX9Cj,All Day All Night,Bobby Brown,1988,-10.415,major,1980
spotify:track:5x6alRKb9sdCidGQz5luEd,5x6alRKb9sdCidGQz5luEd,Out Ta Get Me,Guns N' Roses,1987,-7.975,major,1980
spotify:track:05RgAMGypEvqhNs5hPCbMS,05RgAMGypEvqhNs5hPCbMS,Panama - 2015 Remaster,Van Halen,1984,-5.436,major,1980
spotify:track:0m2BFvSyFp8eyB8aEIVS9T,0m2BFvSyFp8eyB8aEIVS9T,Kids In America,Kim Wilde,1981,-3.899,major,1980
spotify:track:6aBUnkXuCEQQHAlTokv9or,6aBUnkXuCEQQHAlTokv9or,This Must Be the Place (Naive Melody) - 2005 Remaster,Talking Heads,1983,-10.15,major,1980
spotify:track:1pZWORSXTFlZnrfxChRBaz,1pZWORSXTFlZnrfxChRBaz,1-2-3 - Single Version,Gloria Estefan,1984,-6.7,major,1980
spotify:track:20goDx14UZviYtCPtLbqvs,20goDx14UZviYtCPtLbqvs,Lucretia My Reflection - Vinyl Version,Sisters of Mercy,1987,-8.718,major,1980
spotify:track:3NNRDMmQzPjaUWNyAJb3bB,3NNRDMmQzPjaUWNyAJb3bB,Electric Chair,Prince,1989,-11.395,major,1980
spotify:track:7fRvtXvJMpGfTLdF0M09a1,7fRvtXvJMpGfTLdF0M09a1,Talking In Your Sleep,The Romantics,1983,-4.434,minor,1980
spotify:track:7qUvIpu8le9gHunduvgOXg,7qUvIpu8le9gHunduvgOXg,We Got Our Own Thang,Heavy D & The Boyz,1989,-12.762,major,1980
spotify:track:1xaTREM89RbIxkcjlpf4Uw,1xaTREM89RbIxkcjlpf4Uw,Heaven Knows I'm Miserable Now - 2011 Remaster,The Smiths,1984,-4.862,major,1980
spotify:track:76GlO5H5RT6g7y0gev86Nk,76GlO5H5RT6g7y0gev86Nk,Just Like Heaven,The Cure,1987,-3.845,major,1980
spotify:track:7gpavVMJwJYFNUzfzUdSv7,7gpavVMJwJYFNUzfzUdSv7,Last Child,Aerosmith,1980,-9.978,major,1980
spotify:track:4DAr4BlLbgpfUJ7iAwOKK0,4DAr4BlLbgpfUJ7iAwOKK0,Take It While It's Hot,Sweet Sensation,1988,-12.68,minor,1980
spotify:track:3vV3cr2TpPqFk07zxYUbla,3vV3cr2TpPqFk07zxYUbla,Cum on Feel the Noize,Quiet Riot,1983,-5.439,minor,1980
spotify:track:57MflfPN3ObQQAQtPUp0WF,57MflfPN3ObQQAQtPUp0WF,Romeo and Juliet,Dire Straits,1980,-8.169,major,1980
spotify:track:4PxVSYOpsYTI9gx6ZP9IM4,4PxVSYOpsYTI9gx6ZP9IM4,The Ghost in You,The Psychedelic Furs,1984,-13.541,major,1980
spotify:track:1YhyOTcVjHe73cm6tYrHkA,1YhyOTcVjHe73cm6tYrHkA,Middle of the Road - 2007 Remaster,Pretenders,1984,-5.575,major,1980
spotify:track:6kURXiIFcBrvfh11Soiwqv,6kURXiIFcBrvfh11Soiwqv,Golden Dreams,Invisible Limits,1989,-4.878,major,1980
spotify:track:1tuwC1Ob5vnYZhvg3zyzJg,1tuwC1Ob5vnYZhvg3zyzJg,Pictures of You,The Cure,1989,-6.48,major,1980
spotify:track:2ZS0wDcdfrJPC86u5aJGo9,2ZS0wDcdfrJPC86u5aJGo9,Seventeen,Winger,1988,-11.931,major,1980
spotify:track:1xShPgQbOUa98avWJQFDBY,1xShPgQbOUa98avWJQFDBY,Personal Jesus - Original Seven Inch Version,Depeche Mode,1989,-11.625,major,1980
spotify:track:7FlwylpJSe3ea6m1IrkizS,7FlwylpJSe3ea6m1IrkizS,West End Girls - 2001 Remaster,Pet Shop Boys,1986,-6.617,minor,1980
spotify:track:3RVFcKmgDFuYeYIdxBXK8K,3RVFcKmgDFuYeYIdxBXK8K,Can't Stay Away from You,Gloria Estefan,1987,-15.424,major,1980
spotify:track:1lJZSsMoWEbrgaY6CxPMf8,1lJZSsMoWEbrgaY6CxPMf8,Would I Lie to You? - Remastered Version,Eurythmics,1985,-4.639,major,1980
spotify:track:0vue3o9sYZZuZJOHg0RIPJ,0vue3o9sYZZuZJOHg0RIPJ,That's My Attitude,Troop,1989,-13.482,minor,1980
spotify:track:2PFIZFcGry0po3ZfRZkzKc,2PFIZFcGry0po3ZfRZkzKc,Hysteria,Def Leppard,1987,-5.508,major,1980
spotify:track:6N206l5WKFD8BbxCSxxCN1,6N206l5WKFD8BbxCSxxCN1,Do This My Way,Kid 'N Play,1988,-17.621,minor,1980
spotify:track:14YQ2SSnv07HZjPP4Ud9mX,14YQ2SSnv07HZjPP4Ud9mX,Back Chat - Remastered 2011,Queen,1982,-6.423,major,1980
spotify:track:7s56ykjZI6HkIBjpRw5Qv7,7s56ykjZI6HkIBjpRw5Qv7,"Rebel, Rebel",Shaun Cassidy,1980,-14.548,major,1980
spotify:track:6jC4P4UddgJKz4MOdpYlOo,6jC4P4UddgJKz4MOdpYlOo,After The Pain,Betty Wright,1988,-13.737,major,1980
spotify:track:6Ipaqc1ybISGpoJ8E9Qs0E,6Ipaqc1ybISGpoJ8E9Qs0E,Photographic,Depeche Mode,1981,-8.436,major,1980
spotify:track:3kDNbgnKWe8rd7DL34tQwt,3kDNbgnKWe8rd7DL34tQwt,The Motion Of Love,Gene Loves Jezebel,1987,-12.817,minor,1980
spotify:track:7HKez549fwJQDzx3zLjHKC,7HKez549fwJQDzx3zLjHKC,Start Me Up - Remastered,The Rolling Stones,1981,-4.142,major,1980
spotify:track:0ew27xRdxSexrWbODuLfeE,0ew27xRdxSexrWbODuLfeE,I'm Coming Out,Diana Ross,1980,-4.459,major,1980
spotify:track:2RVQIq7bLi4Eu6xHPyQ46t,2RVQIq7bLi4Eu6xHPyQ46t,A Little Respect,Erasure,1988,-13.409,major,1980
spotify:track:6pwQEpLOlwclrsjgEOHEp0,6pwQEpLOlwclrsjgEOHEp0,Shadows Of The Night,Pat Benatar,1982,-10.183,major,1980
spotify:track:12UjiJ9QUzkjOeupCndZBd,12UjiJ9QUzkjOeupCndZBd,Killer,Van Der Graaf Generator,1986,-14.884,major,1980
spotify:track:1TtJkmAW9Rc55iVOPgZ33z,1TtJkmAW9Rc55iVOPgZ33z,The Way You Love Me,Karyn White,1988,-7.523,major,1980
spotify:track:6D3VGJz4hOCMGrEANXFu2f,6D3VGJz4hOCMGrEANXFu2f,How Ya Like Me Now - Longer Version,Kool Moe Dee,1987,-14.099,major,1980
spotify:track:2jVQ4jYVOGBUj5hHv7GYLO,2jVQ4jYVOGBUj5hHv7GYLO,If You Were Here,Thompson Twins,1983,-14.112,major,1980
spotify:track:0FviQvrqHxxFnR2p6bVOwp,0FviQvrqHxxFnR2p6bVOwp,Dynamite,Scorpions,1982,-3.461,minor,1980
spotify:track:6uP1ltEgH9Na7C1AkxJTvF,6uP1ltEgH9Na7C1AkxJTvF,Gimme Gimme Gimme (with Patti Austin),Narada Michael Walden,1985,-5.927,major,1980
spotify:track:6vFsxu9TUJJVWzMtualgyT,6vFsxu9TUJJVWzMtualgyT,ROLLING MEMORIES,Kiyotaka Sugiyama,1985,-15.856,major,1980
spotify:track:3obciWcyGwsVNZ76PYge6C,3obciWcyGwsVNZ76PYge6C,Summertime Girls,Y&T,1985,-6.396,major,1980
spotify:track:2Cdvbe2G4hZsnhNMKyGrie,2Cdvbe2G4hZsnhNMKyGrie,I Love Rock 'N Roll,Joan Jett & The Blackhearts,1981,-5.025,major,1980
spotify:track:7wrBlgNqYBAC5yFfO4fnYb,7wrBlgNqYBAC5yFfO4fnYb,Don't Close Your Eyes,Kix,1988,-15.568,minor,1980
spotify:track:4OwMnNi3kC2DEIrxMTHc3M,4OwMnNi3kC2DEIrxMTHc3M,Johnny And Mary,Robert Palmer,1980,-12.841,major,1980
spotify:track:1oA0tDRFjY5xoNDXuMBGGA,1oA0tDRFjY5xoNDXuMBGGA,"Please, Please, Please, Let Me Get What I Want - 2011 Remaster",The Smiths,1987,-9.579,major,1980
spotify:track:31dqpLUModJWNbxrXu6TWd,31dqpLUModJWNbxrXu6TWd,Shot in the Dark,Ozzy Osbourne,1986,-7.262,major,1980
spotify:track:2Pp1ZQ4Wt8bm7UmYVAvwPO,2Pp1ZQ4Wt8bm7UmYVAvwPO,Leave in Silence - 2006 Remaster,Depeche Mode,1982,-14.893,minor,1980
spotify:track:7vvRkLPIvfjjmCIqNxBuEZ,7vvRkLPIvfjjmCIqNxBuEZ,Back To Life,Soul II Soul,1989,-11.659,major,1980
spotify:track:6BCMCf3kh2VFe3fTU8Jv2R,6BCMCf3kh2VFe3fTU8Jv2R,Somebody For Me,Heavy D & The Boyz,1989,-17.053,minor,1980
spotify:track:758wEKVqfYopJIHYWdLVd4,758wEKVqfYopJIHYWdLVd4,I Wanna Be Adored - Remastered,The Stone Roses,1989,-9.158,minor,1980
spotify:track:15049rGLXHwrWtE4euUb5C,15049rGLXHwrWtE4euUb5C,The Killing Moon,Echo & the Bunnymen,1985,-4.769,major,1980
spotify:track:6ZMda6mscE8eRkuwlw8yFB,6ZMda6mscE8eRkuwlw8yFB,Bedsitter,Soft Cell,1981,-9.121,major,1980
spotify:track:5vywtoD7fO1CP0B2wtm6I6,5vywtoD7fO1CP0B2wtm6I6,Control,Janet Jackson,1986,-12.487,major,1980
spotify:track:1iQpStZpzBb5TOuTDKJKdj,1iQpStZpzBb5TOuTDKJKdj,Poison,Alice Cooper,1989,-7.786,minor,1980
spotify:track:5Ofrnv2h5jrKQuc0WDAY5H,5Ofrnv2h5jrKQuc0WDAY5H,Cheating In The Next Room,Z.Z. Hill,1981,-16.572,major,1980
spotify:track:6WCeKlgDg5zzOY1OvMA3q9,6WCeKlgDg5zzOY1OvMA3q9,Tell Me What You Want,Zebra,1983,-6.923,major,1980
spotify:track:0L3BTsSDXfdRlIyvKLUcST,0L3BTsSDXfdRlIyvKLUcST,Nasty,Janet Jackson,1986,-12.549,minor,1980
spotify:track:4zEi4tr3lEhiAvTRxEzbEz,4zEi4tr3lEhiAvTRxEzbEz,Oh Sherrie,Steve Perry,1984,-5.116,major,1980
spotify:track:1TYt5etb427hvOod3EKJA5,1TYt5etb427hvOod3EKJA5,Can't Stop,After 7,1989,-11.547,minor,1980
spotify:track:1bki22ZoLCkqb0QIJ5PtJF,1bki22ZoLCkqb0QIJ5PtJF,China Girl - 1999 Remaster,David Bowie,1983,-9.838,minor,1980
spotify:track:7G7tgVYORlDuVprcYHuFJh,7G7tgVYORlDuVprcYHuFJh,Don't Dream It's Over,Crowded House,1986,-17.227,major,1980
spotify:track:5RsUlxLto4NZbhJpqJbHfN,5RsUlxLto4NZbhJpqJbHfN,Jessie's Girl,Rick Springfield,1981,-5.851,major,1980
spotify:track:5tVA6TkbaAH9QMITTQRrNv,5tVA6TkbaAH9QMITTQRrNv,Free Fallin',Tom Petty,1989,-13.333,major,1980
spotify:track:0DCxAJasKxjhODdqpF4s36,0DCxAJasKxjhODdqpF4s36,Everlasting Love,Gloria Estefan,1984,-6.689,major,1980
spotify:track:28eg5bkYvIHT7HPmzZFwLN,28eg5bkYvIHT7HPmzZFwLN,Lonely Is The Night - Remastered,Billy Squier,1981,-4.923,major,1980
spotify:track:18URo35acNKRTHfEdjTcGn,18URo35acNKRTHfEdjTcGn,Photograph,Def Leppard,1983,-6.606,major,1980
spotify:track:3rzYUfyzdZW96cHXnGn1xI,3rzYUfyzdZW96cHXnGn1xI,What Difference Does It Make? - 2011 Remaster,The Smiths,1984,-6.503,minor,1980
spotify:track:6U8TcYGLSinKxjtfPcCPrh,6U8TcYGLSinKxjtfPcCPrh,"Christmas Ain't Christmas, New Years Ain't New Years Without The One You Love",The O'Jays,1988,-12.278,major,1980
spotify:track:3Oa8vnNXStoOHLbJwwMEDP,3Oa8vnNXStoOHLbJwwMEDP,Lips Like Sugar,Echo & the Bunnymen,1987,-4.039,major,1980
spotify:track:0qi4b1l0eT3jpzeNHeFXDT,0qi4b1l0eT3jpzeNHeFXDT,Just Can't Get Enough,Depeche Mode,1981,-9.362,major,1980
spotify:track:4TIJ7zSBNejpoIPaWpWRKc,4TIJ7zSBNejpoIPaWpWRKc,Rebel Yell,Billy Idol,1983,-4.948,minor,1980
spotify:track:6LR5yuN6XStHDZiusCxqYe,6LR5yuN6XStHDZiusCxqYe,Dead Ringer for Love (with Cher),Meat Loaf,1981,-8.732,major,1980
spotify:track:39lSeqnyjZJejRuaREfyLL,39lSeqnyjZJejRuaREfyLL,Hungry Like the Wolf - 2009 Remaster,Duran Duran,1982,-7.772,major,1980
spotify:track:4I72mMJwJ3jnnRls1SBxws,4I72mMJwJ3jnnRls1SBxws,Tush,ZZ Top,1987,-7.632,major,1980
spotify:track:5vNivpfJaXsTpYpxIHsjvm,5vNivpfJaXsTpYpxIHsjvm,I'm for Real,Howard Hewett,1986,-9.75,minor,1980
spotify:track:4nI98GEywAAxoA0i8Vap4s,4nI98GEywAAxoA0i8Vap4s,I Go Crazy,Flesh For Lulu,1987,-6.702,major,1980
spotify:track:6xAORvvGEMK44FygUsiMQy,6xAORvvGEMK44FygUsiMQy,Here I Go Again 87 - 2008 Remaster,Whitesnake,1987,-4.959,major,1980
spotify:track:4eQFhnR8PNZbysZO4bzTVj,4eQFhnR8PNZbysZO4bzTVj,Hotel Happiness,Chuckii Booker,1989,-10.846,minor,1980
spotify:track:5DuTNKFEjJIySAyJH1yNDU,5DuTNKFEjJIySAyJH1yNDU,The Message (feat. Melle Mel & Duke Bootee),Grandmaster Flash & The Furious Five,1982,-10.58,minor,1980
spotify:track:27kMqdX3aoN3gBndVKlTfR,27kMqdX3aoN3gBndVKlTfR,Fallen Angel - Remastered,Poison,1988,-3.633,major,1980
spotify:track:1wv8bYmoqY3TAKKQY3Qn7t,1wv8bYmoqY3TAKKQY3Qn7t,Foolin',Def Leppard,1983,-6.703,minor,1980
spotify:track:7o2CTH4ctstm8TNelqjb51,7o2CTH4ctstm8TNelqjb51,Sweet Child O' Mine,Guns N' Roses,1987,-7.766,major,1980
spotify:track:1RCtHLyq1xIbgGMrYRrKJ2,1RCtHLyq1xIbgGMrYRrKJ2,Under the Milky Way,The Church,1988,-13.416,minor,1980
spotify:track:0SwuCcwpFM6x4cu5zOvmi0,0SwuCcwpFM6x4cu5zOvmi0,I Ain't No Joke,Eric B. & Rakim,1987,-9.5,minor,1980
spotify:track:4zXvB4MoQD8onk0NCZbeHG,4zXvB4MoQD8onk0NCZbeHG,Home Sweet Home,Mötley Crüe,1985,-6.416,major,1980
spotify:track:69QHm3pustz01CJRwdo20z,69QHm3pustz01CJRwdo20z,Hells Bells,AC/DC,1980,-4.768,minor,1980
spotify:track:0hioWv2FDtVePjHFTwgrf7,0hioWv2FDtVePjHFTwgrf7,I'm Bad,LL Cool J,1987,-15.44,major,1980
spotify:track:0xWRZHmgpe4iGNnxV96xZj,0xWRZHmgpe4iGNnxV96xZj,Changes,Imagination,1982,-11.514,minor,1980
spotify:track:5xl5582IihbEZAnfj0xyso,5xl5582IihbEZAnfj0xyso,Straight Up,Paula Abdul,1988,-8.252,major,1980
spotify:track:3bkcq1VrFlcoqa04VBs4J8,3bkcq1VrFlcoqa04VBs4J8,(Feels Like) Heaven,Fiction Factory,1984,-10.982,major,1980
spotify:track:6xYHezItSIXOpxMvrVRJTb,6xYHezItSIXOpxMvrVRJTb,Life Is Real (Song For Lennon) - Remastered 2011,Queen,1982,-8.303,major,1980
spotify:track:1jDOlilttG1vKtZLfwFRZD,1jDOlilttG1vKtZLfwFRZD,Papa Was A Rollin' Stone,The Temptations,1987,-19.756,minor,1980
spotify:track:6HvUtPLqkP0t6zd6YNdWby,6HvUtPLqkP0t6zd6YNdWby,The Look Of Love - Pt. 1,ABC,1982,-4.566,minor,1980
spotify:track:4XOq7frultDFgx4l3wuRPc,4XOq7frultDFgx4l3wuRPc,The Right Stuff,Vanessa Williams,1988,-11.164,minor,1980
spotify:track:1lFC3sMgOcDrVzNh8zXRnl,1lFC3sMgOcDrVzNh8zXRnl,Monkey Gone to Heaven,Pixies,1989,-12.029,minor,1980
spotify:track:15BSoozSq9X6kLmXwhUX8A,15BSoozSq9X6kLmXwhUX8A,The Ghost in You,The Psychedelic Furs,1988,-14.432,major,1980
spotify:track:0kA5scXMiaO5Ms2GQ4pRWa,0kA5scXMiaO5Ms2GQ4pRWa,Suedehead - 2011 Remaster,Morrissey,1988,-4.5,major,1980
spotify:track:1D2QnxvMOac95EG9C0KbsJ,1D2QnxvMOac95EG9C0KbsJ,So In Love,Orchestral Manoeuvres In The Dark,1985,-7.07,major,1980
spotify:track:2OErSh4oVVAUll0vHxdr6p,2OErSh4oVVAUll0vHxdr6p,Bigmouth Strikes Again - 2011 Remaster,The Smiths,1986,-5.011,minor,1980
spotify:track:0oqVuh6ldLQO2TKCcE3rzE,0oqVuh6ldLQO2TKCcE3rzE,Home Sweet Home,Mötley Crüe,1985,-6.25,major,1980
spotify:track:1PnQ1sK77wMXagGDhwfBdY,1PnQ1sK77wMXagGDhwfBdY,Play for Today - Remastered Version,The Cure,1980,-8.775,minor,1980
spotify:track:0X1sqQ652p1sceKM2nJlIJ,0X1sqQ652p1sceKM2nJlIJ,Runaway,Bon Jovi,1984,-4.321,minor,1980
spotify:track:3AloB0Mg11pjqmUvjKfahn,3AloB0Mg11pjqmUvjKfahn,Words Get in the Way,Gloria Estefan,1985,-9.117,major,1980
spotify:track:7HF88mJXq8DpotZohoW2mo,7HF88mJXq8DpotZohoW2mo,She's A Beauty - Remastered 1991,The Tubes,1983,-8.565,major,1980
spotify:track:1pOIpxfrQ8AszXZdKR3aH3,1pOIpxfrQ8AszXZdKR3aH3,Gangsta Gangsta,N.W.A.,1988,-8.264,minor,1980
spotify:track:1jwFU6N6giBRr2NON3fGiM,1jwFU6N6giBRr2NON3fGiM,(I'll Remember) In The Still Of The Night,The Five Satins,1987,-18.197,major,1980
spotify:track:2XwYeBzumtjxVbFWwhJpsy,2XwYeBzumtjxVbFWwhJpsy,Freewill,Rush,1980,-7.005,major,1980
spotify:track:32TKQVwtSGCHIqmbmaNdFj,32TKQVwtSGCHIqmbmaNdFj,Dreams Never End - 2015 Remaster,New Order,1981,-7.865,major,1980
spotify:track:5ChkMS8OtdzJeqyybCc9R5,5ChkMS8OtdzJeqyybCc9R5,Billie Jean,Michael Jackson,1982,-3.051,minor,1980
spotify:track:0VAoDsKh7Or84V8xP7p1Fs,0VAoDsKh7Or84V8xP7p1Fs,Don't Believe The Hype,Public Enemy,1988,-13.776,major,1980
spotify:track:3aAuIvgJGdp4wWd60riWfB,3aAuIvgJGdp4wWd60riWfB,Valerie,Steve Winwood,1982,-10.779,major,1980
spotify:track:0symbiCfmFvJDJgR6y8gkf,0symbiCfmFvJDJgR6y8gkf,(You're My One And Only) True Love,Seduction,1989,-12.115,minor,1980
spotify:track:7itr4N5bXkAWesPUomCNf7,7itr4N5bXkAWesPUomCNf7,Stranglehold,Ted Nugent,1981,-7.04,major,1980
spotify:track:5xLyTbCFONUGUuG0LtUxjn,5xLyTbCFONUGUuG0LtUxjn,"Girls, Girls, Girls",Mötley Crüe,1987,-4.647,major,1980
spotify:track:7AERV8NHv04U0xGM5Wac62,7AERV8NHv04U0xGM5Wac62,Wake Up,STOP,1989,-12.559,minor,1980
spotify:track:5qrNtSNkPsWfjqaYNugzYT,5qrNtSNkPsWfjqaYNugzYT,Rock You Like a Hurricane - 2015 - Remaster,Scorpions,1984,-3.209,minor,1980
spotify:track:19u5G7pWq3Nj6lQiP4W4Hp,19u5G7pWq3Nj6lQiP4W4Hp,Friends And Lovers (feat. Gloria Loring),Carl Anderson,1982,-9.928,major,1980
spotify:track:5bycn7SuJzYnxte0W54mNX,5bycn7SuJzYnxte0W54mNX,Santa Lucia - Remastered,Miguel Rios,1980,-5.931,major,1980
spotify:track:5a3QwvHiJO4fKWJqsPkJvB,5a3QwvHiJO4fKWJqsPkJvB,Come Go with Me,Exposé,1987,-9.708,major,1980
spotify:track:41wWrTueWew7qUU0Ru87Mp,41wWrTueWew7qUU0Ru87Mp,Wild Side,Mötley Crüe,1987,-4.635,major,1980
spotify:track:2BzxBQSZ4KERJvuNpeJatT,2BzxBQSZ4KERJvuNpeJatT,Groove Me,Guy,1988,-14.042,major,1980
spotify:track:6gTWAUYQMAQV3Cw2t5kWrx,6gTWAUYQMAQV3Cw2t5kWrx,Right and a Wrong Way,Keith Sweat,1987,-14.908,minor,1980
spotify:track:4L5ag9C1m1gEAPs5KC3yuy,4L5ag9C1m1gEAPs5KC3yuy,Dreamin',Will To Power,1988,-13.29,minor,1980
spotify:track:3cXiUuiGpFmZ8OdAWKk8Ck,3cXiUuiGpFmZ8OdAWKk8Ck,Lick It Up,KISS,1983,-6.051,major,1980
spotify:track:7JmsQwxDlC89imxewJcnHO,7JmsQwxDlC89imxewJcnHO,What About Love?,Heart,1985,-10.77,minor,1980
spotify:track:5vuWELDzHEtD5K7yADIBpz,5vuWELDzHEtD5K7yADIBpz,Voices Carry,'Til Tuesday,1985,-13.346,major,1980
spotify:track:7z38bideBRvGAgjXe2SECm,7z38bideBRvGAgjXe2SECm,Opposites Attract,Paula Abdul,1988,-8.838,major,1980
spotify:track:4cperyKfUBl5qwObuPvDdL,4cperyKfUBl5qwObuPvDdL,My Girly - Radio Edit Version,Ready For The World,1988,-12.569,minor,1980
spotify:track:6IDHh3FcwLVcG5NsmpQgg2,6IDHh3FcwLVcG5NsmpQgg2,It's a Sin - 2001 Remaster,Pet Shop Boys,1987,-5.916,minor,1980
spotify:track:2phcupbmqItBvC3OnsHQLF,2phcupbmqItBvC3OnsHQLF,Alive And Kicking - 2002 Digital Remaster,Simple Minds,1985,-5.972,major,1980
spotify:track:2VyOpoblI3AHO6R8dr87Ia,2VyOpoblI3AHO6R8dr87Ia,Never Had No One Ever - 2011 Remaster,The Smiths,1986,-8.673,minor,1980
spotify:track:7pmNNEJcBcODkrPHEIf7Cy,7pmNNEJcBcODkrPHEIf7Cy,Another Brick In The Wall - 2001 Remastered Version,Pink Floyd,1981,-12.532,major,1980
spotify:track:7pgAdesi3gGZO8lAyzOTvu,7pgAdesi3gGZO8lAyzOTvu,Little Jeannie,Elton John,1980,-17.042,major,1980
spotify:track:18ZRmY7kNZQQHpopsSVxwJ,18ZRmY7kNZQQHpopsSVxwJ,Criticize,Alexander O'Neal,1987,-12.455,minor,1980
spotify:track:0OGidxV6e9dWeN2bXjXBGi,0OGidxV6e9dWeN2bXjXBGi,The Formula,The D.O.C.,1989,-7.601,major,1980
spotify:track:4NffXDmI70vw19P5Efoe0T,4NffXDmI70vw19P5Efoe0T,Rock the Night,Europe,1983,-2.789,minor,1980
spotify:track:1TfqLAPs4K3s2rJMoCokcS,1TfqLAPs4K3s2rJMoCokcS,Sweet Dreams (Are Made of This) - Remastered,Eurythmics,1983,-7.498,minor,1980
spotify:track:3GR5Qd34nif6bskCrhTZue,3GR5Qd34nif6bskCrhTZue,Sounds Like a Melody,Alphaville,1984,-9.439,minor,1980
spotify:track:2yzPBlE5UXK2sqvnNM9QQ0,2yzPBlE5UXK2sqvnNM9QQ0,West End Girls - 2001 Remaster,Pet Shop Boys,1986,-6.566,minor,1980
spotify:track:63W4sfeRTTiNKFLAzUJHFe,63W4sfeRTTiNKFLAzUJHFe,Alright,Janet Jackson,1989,-7.083,major,1980
spotify:track:49wHCjiu34kM3VRgumQ1tJ,49wHCjiu34kM3VRgumQ1tJ,Echo Beach,Martha and the Muffins,1980,-9.412,major,1980
spotify:track:3P6fS71hWhZvOnnxQojJ0Z,3P6fS71hWhZvOnnxQojJ0Z,Mentirosa,Mellow Man Ace,1989,-14.762,major,1980
spotify:track:52KvuGmgcgRdrLMXOtda0E,52KvuGmgcgRdrLMXOtda0E,The Stroke - Remastered,Billy Squier,1981,-6.012,major,1980
spotify:track:3DIe90xqHuUDtyuapTwCAR,3DIe90xqHuUDtyuapTwCAR,Take Your Time (Do It Right),The S.O.S Band,1980,-13.924,minor,1980
spotify:track:5u8yv7FPvdRZLBF40BaThB,5u8yv7FPvdRZLBF40BaThB,Still Loving You,Scorpions,1984,-4.134,minor,1980
spotify:track:5O6JuXxnhwG3W5YClY2mEb,5O6JuXxnhwG3W5YClY2mEb,He's Back (The Man Behind The Mask),Alice Cooper,1986,-11.062,minor,1980
spotify:track:64Ret7Tf2M8pDE4aqbW2tX,64Ret7Tf2M8pDE4aqbW2tX,One,Metallica,1988,-9.443,major,1980
spotify:track:4LujRMTMwAfFKjm45tixHY,4LujRMTMwAfFKjm45tixHY,Straight Outta Compton,N.W.A.,1988,-6.02,major,1980
spotify:track:6UF638eAEk8I2gfZGw7Txn,6UF638eAEk8I2gfZGw7Txn,Never Ending Summer III,オメガトライブ,1984,-5.916,major,1980
spotify:track:30wNRf3NQ1PpJiZ2lzleeB,30wNRf3NQ1PpJiZ2lzleeB,夕凪通信,オメガトライブ,1985,-5.576,minor,1980
spotify:track:4F4neui0edP1ozygvFiCi7,4F4neui0edP1ozygvFiCi7,Rock The Bells,LL Cool J,1985,-12.813,minor,1980
spotify:track:1krKp0OXeCH6SI5SXl8tu5,1krKp0OXeCH6SI5SXl8tu5,The Pleasure Principle,Janet Jackson,1986,-11.037,major,1980
spotify:track:2c3z8TYNaMnzeyppLfvrtf,2c3z8TYNaMnzeyppLfvrtf,Mr. Big Stuff - Remix,Heavy D & The Boyz,1987,-16.293,major,1980
spotify:track:4Jg1nU6FYvCWkqFw8Kr4bO,4Jg1nU6FYvCWkqFw8Kr4bO,Never,Heart,1985,-12.187,minor,1980
spotify:track:0JUWF44gfMszGNhjCF7Ufs,0JUWF44gfMszGNhjCF7Ufs,Midnight Pretenders,Tomoko Aran,1983,-14.937,minor,1980
spotify:track:0FjMLXne5a6RXzlZyl6ftr,0FjMLXne5a6RXzlZyl6ftr,My Prerogative,Bobby Brown,1988,-11.406,major,1980
spotify:track:3QtMzmaXaQnHp70RsAZ8rL,3QtMzmaXaQnHp70RsAZ8rL,I Beg Your Pardon (I Never Promised You a Rose Garden),Kon Kan,1989,-7.551,major,1980
spotify:track:3Dj016lu9g5nVJ8ebMTfEo,3Dj016lu9g5nVJ8ebMTfEo,Chinatown,Thin Lizzy,1980,-9.348,minor,1980
spotify:track:1lNn0udm3EHKFRCGpNKZxn,1lNn0udm3EHKFRCGpNKZxn,"The More You Live, The More You Love",A Flock Of Seagulls,1981,-5.565,minor,1980
spotify:track:59ec82BVYaafQKsam7SYId,59ec82BVYaafQKsam7SYId,渚・モデラート,Masayoshi Takanaka,1985,-8.167,minor,1980
spotify:track:4MhBFMMibAWuJv8zMQWrKA,4MhBFMMibAWuJv8zMQWrKA,Little Piece of My Heart,John Hartford,1984,-11.052,major,1980
spotify:track:4nuUssdgKFy2QyYHHNkZQW,4nuUssdgKFy2QyYHHNkZQW,Sunday Bloody Sunday - Remastered 2008,U2,1983,-7.495,major,1980
spotify:track:3jYRpwbctfqB77uU7T7K3U,3jYRpwbctfqB77uU7T7K3U,Caught Up In You,38 Special,1982,-8.604,minor,1980
spotify:track:0eaZbB3SewakRxB9uHKjjj,0eaZbB3SewakRxB9uHKjjj,Owner Of A Lonely Heart,Yes,1983,-13.924,major,1980
spotify:track:6SooMzpsDiPHFoLsk9XAvU,6SooMzpsDiPHFoLsk9XAvU,Burning Flame,Vitamin Z,1985,-6.765,minor,1980
spotify:track:4dk40nfaQav6b4ZsJ9OYUo,4dk40nfaQav6b4ZsJ9OYUo,Love My Way,The Psychedelic Furs,1982,-5.054,major,1980
spotify:track:6nIutPMI1oxGDXtxRf2QtR,6nIutPMI1oxGDXtxRf2QtR,(Don't U Know) I Love U,Chuckii Booker,1989,-9.609,minor,1980
spotify:track:4d6eqRtpDX7tydHJGDZUBQ,4d6eqRtpDX7tydHJGDZUBQ,She Drives Me Crazy,Fine Young Cannibals,1988,-5.682,major,1980
spotify:track:7D5n2kpYH2WSqIyEO9MeXf,7D5n2kpYH2WSqIyEO9MeXf,Patience,Guns N' Roses,1988,-14.465,major,1980
spotify:track:3iC3Numiy9P3AkF7iioKmx,3iC3Numiy9P3AkF7iioKmx,Wild Child,W.A.S.P.,1985,-7.816,minor,1980
spotify:track:0BPTTsnnfz44XmZn3EE0oo,0BPTTsnnfz44XmZn3EE0oo,Song To The Siren (Remastered),This Mortal Coil,1984,-12.598,major,1980
spotify:track:0lVdukU9ejbFQwZIhg47hx,0lVdukU9ejbFQwZIhg47hx,Everyday Is Like Sunday - 2011 Remaster,Morrissey,1988,-5.126,major,1980
spotify:track:32wghPySDJ1mNdqhwW9YMh,32wghPySDJ1mNdqhwW9YMh,Dragon Attack - Remastered 2011,Queen,1980,-5.482,major,1980
spotify:track:4xSDpJJNXAUis65Ogl7f7i,4xSDpJJNXAUis65Ogl7f7i,Coming Soon - Remastered 2011,Queen,1980,-5.785,minor,1980
spotify:track:6mcxQ1Y3uQRU0IHsvdNLH1,6mcxQ1Y3uQRU0IHsvdNLH1,Where Is My Mind?,Pixies,1988,-14.134,major,1980
spotify:track:0rhyBUAgNXwdyvGVXSrLzc,0rhyBUAgNXwdyvGVXSrLzc,Into The Night,Benny Mardones,1980,-6.635,minor,1980
spotify:track:2H7PHVdQ3mXqEHXcvclTB0,2H7PHVdQ3mXqEHXcvclTB0,1999,Prince,1982,-8.201,major,1980
spotify:track:4ejjjAuVya6bapdTjZE9Lx,4ejjjAuVya6bapdTjZE9Lx,Dancer - Remastered 2011,Queen,1982,-6.112,major,1980
spotify:track:4iQZi2sMZlbTpcUlo5YGBf,4iQZi2sMZlbTpcUlo5YGBf,Midnight Blue,Lou Gramm,1987,-11.543,major,1980
spotify:track:0V7AVcMTaQqLKzxVloxWHj,0V7AVcMTaQqLKzxVloxWHj,Don't Try Suicide - Remastered 2011,Queen,1980,-7.543,major,1980
spotify:track:67hbP9PFQZrb4XZc3TzB0s,67hbP9PFQZrb4XZc3TzB0s,"Rasputin - 7"" Version",Boney M.,1984,-12.734,minor,1980
spotify:track:0gFB5H3pHN13ERt2FyMuWi,0gFB5H3pHN13ERt2FyMuWi,It Takes Two,Rob Base & DJ EZ Rock,1988,-9.719,major,1980
spotify:track:5PLPlz2rQlwMTFQqnQAPgu,5PLPlz2rQlwMTFQqnQAPgu,Still of the Night - 2017 Remastered Version,Whitesnake,1987,-5.872,major,1980
spotify:track:2zFqQ0xLiMHOVUuV5zw9Gq,2zFqQ0xLiMHOVUuV5zw9Gq,It's No Crime,Babyface,1989,-6.709,major,1980
spotify:track:4tyl9OMKMG8F2L0RUYQMH3,4tyl9OMKMG8F2L0RUYQMH3,Walk Of Life,Dire Straits,1985,-8.507,major,1980
spotify:track:521gC8oqqmUknLZpodHOh9,521gC8oqqmUknLZpodHOh9,Perfect Strangers,Deep Purple,1984,-7.699,major,1980
spotify:track:3x2Vsy7q5bHgEPCbtPYKd8,3x2Vsy7q5bHgEPCbtPYKd8,FUTARI NO NATSU MONOGATARI -NEVER ENDING SUMMER-,Kiyotaka Sugiyama,1985,-14.273,minor,1980
spotify:track:08mG3Y1vljYA6bvDt4Wqkj,08mG3Y1vljYA6bvDt4Wqkj,Back In Black,AC/DC,1980,-5.678,major,1980
spotify:track:7vVIj8Tm1wCawjvwVZdeLD,7vVIj8Tm1wCawjvwVZdeLD,Make It Last Forever (with Jacci McGhee),Keith Sweat,1987,-12.054,minor,1980
spotify:track:0QJO0Pb4yfzXIbVcidpy4m,0QJO0Pb4yfzXIbVcidpy4m,Love Is Stronger Than Pride,Sade,1988,-12.417,minor,1980
spotify:track:5ZY7Gug850kv4heJcWZGHM,5ZY7Gug850kv4heJcWZGHM,Just Like Paradise,David Lee Roth,1988,-4.983,major,1980
spotify:track:2TQaMcc3BEAF5Srn7FCipl,2TQaMcc3BEAF5Srn7FCipl,Always,Atlantic Starr,1987,-6.758,major,1980
spotify:track:3bha0QWUY1V3nXG5mzcnI3,3bha0QWUY1V3nXG5mzcnI3,When We Kiss,Bardeux,1988,-18.787,minor,1980
spotify:track:5Q41NLTmGbVPozwHKK7bk2,5Q41NLTmGbVPozwHKK7bk2,Paradise City,Guns N' Roses,1987,-8.642,major,1980
spotify:track:0ooy3NjwsJreceWYCxlfQt,0ooy3NjwsJreceWYCxlfQt,Never Let Me Down Again,Depeche Mode,1987,-12.57,major,1980
spotify:track:1DWfjSM4lKBjg7hQLwYkr2,1DWfjSM4lKBjg7hQLwYkr2,ひと夏のタペストリー,Tomoko Aran,1983,-11.974,major,1980
spotify:track:2rSosmvUzlCiucKgpmbS0f,2rSosmvUzlCiucKgpmbS0f,Apache - 45 Version,The Sugarhill Gang,1981,-7.073,major,1980
spotify:track:3WrOAryvCUOVsm8P8O2DoE,3WrOAryvCUOVsm8P8O2DoE,Perfect Way,Scritti Politti,1985,-12.324,major,1980
spotify:track:7nX2FSz4m94R7DErMJsPJi,7nX2FSz4m94R7DErMJsPJi,Don't Be Cruel,Bobby Brown,1988,-8.882,major,1980
spotify:track:1ko2lVN0vKGUl9zrU0qSlT,1ko2lVN0vKGUl9zrU0qSlT,Just the Two of Us (feat. Bill Withers),"Grover Washington, Jr.",1985,-9.303,major,1980
spotify:track:3KN1A4XVt5lYudW7M6gD9T,3KN1A4XVt5lYudW7M6gD9T,Isolation - 2007 Remaster,Joy Division,1980,-8.12,major,1980
spotify:track:67eX1ovaHyVPUinMHeUtIM,67eX1ovaHyVPUinMHeUtIM,Hurts So Good,John Mellencamp,1982,-5.306,major,1980
spotify:track:2uduMoxSNLkDBhyLS2JroT,2uduMoxSNLkDBhyLS2JroT,Used To Love Her,Guns N' Roses,1988,-9.394,major,1980
spotify:track:2GRMJEIAvKlqJd9UHZTjRD,2GRMJEIAvKlqJd9UHZTjRD,Off on Your Own (Girl),Al B. Sure!,1988,-13.99,minor,1980
spotify:track:42v9l3Nc8U2CZ7ZYS8n7BU,42v9l3Nc8U2CZ7ZYS8n7BU,Kickstart My Heart,Mötley Crüe,1989,-3.634,minor,1980
spotify:track:5MEMiHV54Y5ODV1zvEPsyp,5MEMiHV54Y5ODV1zvEPsyp,I Still Haven't Found What I'm Looking For,U2,1987,-12.924,major,1980
spotify:track:0a4agFmqHXxcZl1nho1BxM,0a4agFmqHXxcZl1nho1BxM,Heart Of Glass - Special Mix,Blondie,1981,-14.63,major,1980
spotify:track:55hCApSPesst6S7XmsBkJH,55hCApSPesst6S7XmsBkJH,The Pleasure Principle,Janet Jackson,1986,-11.907,major,1980
spotify:track:1EXrFPfVNVsyb32yapebbM,1EXrFPfVNVsyb32yapebbM,Our House,Madness,1982,-6.073,major,1980
spotify:track:6FEKEO3y7QFcMwoGeR0GtU,6FEKEO3y7QFcMwoGeR0GtU,Crimson and Clover,Tommy James & The Shondells,1989,-11.767,major,1980
spotify:track:5HkFTCxSeJ3kGNyQJbT4rJ,5HkFTCxSeJ3kGNyQJbT4rJ,Another One Bites The Dust,Queen,1981,-12.083,minor,1980
spotify:track:57fqmDaokbxZ3TaB0jp39q,57fqmDaokbxZ3TaB0jp39q,Holy Diver,Dio,1983,-6.751,major,1980
spotify:track:7jP9Pn6IroUryPoKlamiMz,7jP9Pn6IroUryPoKlamiMz,Transit In Summer,オメガトライブ,1983,-7.448,minor,1980
spotify:track:528CAH5pTLq86oZ52fHifA,528CAH5pTLq86oZ52fHifA,The Flame,Cheap Trick,1988,-11.856,major,1980
spotify:track:56KqaFSGTb7ifpt16t5Y1N,56KqaFSGTb7ifpt16t5Y1N,Rock the Casbah - Remastered,The Clash,1982,-6.722,minor,1980
spotify:track:6ZAwEE4kTdtvyE66iRhFxR,6ZAwEE4kTdtvyE66iRhFxR,Real Wild Child (Wild One),Iggy Pop,1986,-11.754,major,1980
spotify:track:2A6yzRGMgSQCUapR2ptm6A,2A6yzRGMgSQCUapR2ptm6A,True Colors,Cyndi Lauper,1986,-16.94,major,1980
spotify:track:7C0rG4oWO7VeZcffyW1sK9,7C0rG4oWO7VeZcffyW1sK9,Mr. Roboto,Styx,1983,-12.093,major,1980
spotify:track:5VkHTogGhpdkLv0bOtlVjt,5VkHTogGhpdkLv0bOtlVjt,Voice of Chunk,The Lounge Lizards,1988,-12.934,minor,1980
spotify:track:4OdhffpvG3HxDJMxYOKh97,4OdhffpvG3HxDJMxYOKh97,I Ran (So Far Away),A Flock Of Seagulls,1982,-12.923,major,1980
spotify:track:2Y90nL1ohB4sgYELDs7uNx,2Y90nL1ohB4sgYELDs7uNx,Glory Days,Bruce Springsteen,1984,-4.906,major,1980
spotify:track:7pFydJbDEToJHtvl6g579k,7pFydJbDEToJHtvl6g579k,(Forever) Live And Die,Orchestral Manoeuvres In The Dark,1986,-13.603,major,1980
spotify:track:5RSpR665UGsu1FFEq1pG8R,5RSpR665UGsu1FFEq1pG8R,I'm in Love,Tomoko Aran,1983,-15.917,major,1980
spotify:track:0YmlzdaM792n2RWVcJvR2c,0YmlzdaM792n2RWVcJvR2c,Silent Romance,オメガトライブ,1984,-7.228,minor,1980
spotify:track:58XWGx7KNNkKneHdprcprX,58XWGx7KNNkKneHdprcprX,Rock You Like A Hurricane,Scorpions,1984,-12.931,minor,1980
spotify:track:15rjQH7nTcTomKwfVMd4xl,15rjQH7nTcTomKwfVMd4xl,Go Your Own Way,Fleetwood Mac,1988,-12.062,major,1980
spotify:track:2bflwesbh5cKt0d9CxXPO7,2bflwesbh5cKt0d9CxXPO7,Dance Freak,Chain Reaction,1980,-8.056,minor,1980
spotify:track:1hqrYSqvNc9x3BETX1cZhk,1hqrYSqvNc9x3BETX1cZhk,Shout At The Devil,Mötley Crüe,1983,-4.615,major,1980
spotify:track:2KH16WveTQWT6KOG9Rg6e2,2KH16WveTQWT6KOG9Rg6e2,Eye of the Tiger,Survivor,1985,-9.249,minor,1980
spotify:track:3Q3XLVUfQ0HOxUOtCUYMpG,3Q3XLVUfQ0HOxUOtCUYMpG,Ain't My Type Of Hype,Full Force,1989,-14.279,major,1980
spotify:track:5gys5nzVQIYhgHIfiOJYva,5gys5nzVQIYhgHIfiOJYva,Take It On the Run,REO Speedwagon,1980,-5.679,major,1980
spotify:track:2GRL794l2R1SFJc3Z0pIlr,2GRL794l2R1SFJc3Z0pIlr,Away,The Bolshoi,1986,-8.984,major,1980
spotify:track:5YXoB0KJFppgXyxWu6G8OM,5YXoB0KJFppgXyxWu6G8OM,I Get the Job Done,Big Daddy Kane,1989,-11.672,minor,1980
spotify:track:6mdNRnbiVerwM8kGCS1KwD,6mdNRnbiVerwM8kGCS1KwD,Roni,Bobby Brown,1988,-11.815,major,1980
spotify:track:0lmS0Wofcv7B7uFYssSKta,0lmS0Wofcv7B7uFYssSKta,Forever Your Girl,Paula Abdul,1988,-7.873,major,1980
spotify:track:7GhIk7Il098yCjg4BQjzvb,7GhIk7Il098yCjg4BQjzvb,Never Gonna Give You Up,Rick Astley,1987,-11.855,major,1980
spotify:track:2VpWQNy9Ywa6rIPX4l54A2,2VpWQNy9Ywa6rIPX4l54A2,Let Me Go,Heaven 17,1982,-7.189,minor,1980
spotify:track:4xiyq1iRdsxuU1BPUJ490Z,4xiyq1iRdsxuU1BPUJ490Z,Close To Me,The Cure,1985,-11.139,major,1980
spotify:track:35k31HZI4z9PbBOioaI4dZ,35k31HZI4z9PbBOioaI4dZ,Working for the Weekend,Loverboy,1981,-12.768,major,1980
spotify:track:5vdp5UmvTsnMEMESIF2Ym7,5vdp5UmvTsnMEMESIF2Ym7,Another One Bites The Dust - Remastered 2011,Queen,1980,-6.472,minor,1980
spotify:track:2EjnH55mnsEjYMoZ9Q6rSe,2EjnH55mnsEjYMoZ9Q6rSe,"Promises, Promises",Christopher Williams,1989,-10.853,major,1980
spotify:track:5fbR5XxBRLGMue3QKtDgF3,5fbR5XxBRLGMue3QKtDgF3,The Village - 2015 Remaster,New Order,1983,-7.095,major,1980
spotify:track:0bSr5pybJSlgG5OZH441gF,0bSr5pybJSlgG5OZH441gF,Simply Irresistible,Robert Palmer,1988,-13.357,major,1980
spotify:track:6yl8Es1tCYD9WdSkeVLFw4,6yl8Es1tCYD9WdSkeVLFw4,You Shook Me All Night Long,AC/DC,1986,-5.51,major,1980
spotify:track:6PwbCWiHXgYuN9NZl6Tkn7,6PwbCWiHXgYuN9NZl6Tkn7,Do It Again,オメガトライブ,1984,-5.291,minor,1980
spotify:track:5B6Z7NwVqA7W3UFiqBdEJC,5B6Z7NwVqA7W3UFiqBdEJC,Round and Round,Ratt,1984,-4.464,major,1980
spotify:track:5eU8qMd0TpaLqTGDZJaLDs,5eU8qMd0TpaLqTGDZJaLDs,Need You Tonight,INXS,1987,-4.985,minor,1980
spotify:track:2fF7mQOxo1SZuIMHTQgQD8,2fF7mQOxo1SZuIMHTQgQD8,Romeo And Juliet,Dire Straits,1980,-11.999,major,1980
spotify:track:5n8Aro6j1bEGIy7Tpo7FV7,5n8Aro6j1bEGIy7Tpo7FV7,Fuck Tha Police,N.W.A.,1988,-8.325,minor,1980
spotify:track:0NSSqYISjnav81CEn6EgBY,0NSSqYISjnav81CEn6EgBY,Come Back To Me,Janet Jackson,1989,-12.346,minor,1980
spotify:track:3ZKpdWRhiIp2t5WqFwVEG3,3ZKpdWRhiIp2t5WqFwVEG3,Rainbow In The Dark,Dio,1983,-9.285,minor,1980
spotify:track:1CtAzw53AIXKjAemxy4b1j,1CtAzw53AIXKjAemxy4b1j,Beds Are Burning - Remastered,Midnight Oil,1987,-11.112,major,1980
spotify:track:3MrRksHupTVEQ7YbA0FsZK,3MrRksHupTVEQ7YbA0FsZK,The Final Countdown,Europe,1986,-6.918,minor,1980
spotify:track:7aS418hRnOnYrXeyrZilwk,7aS418hRnOnYrXeyrZilwk,A Little Respect - 2009 Remastered Version,Erasure,1988,-7.963,major,1980
spotify:track:4K0IHrrajSNyuYCaJaiNH8,4K0IHrrajSNyuYCaJaiNH8,Watching The Wheels,John Lennon,1980,-8.666,major,1980
spotify:track:3G3lahQSMk4BHnap1i853u,3G3lahQSMk4BHnap1i853u,Supersonic,J.J. Fad,1988,-15.962,major,1980
spotify:track:4igVZAgZAqgPJFJd25p09I,4igVZAgZAqgPJFJd25p09I,Trade Wind,オメガトライブ,1983,-8.015,major,1980
spotify:track:7zSAI7Ae6DPVepN8MksKVZ,7zSAI7Ae6DPVepN8MksKVZ,Space Age Love Song,A Flock Of Seagulls,1981,-4.613,major,1980
spotify:track:63LiOsvf1w1DSbmjbxjh4b,63LiOsvf1w1DSbmjbxjh4b,It's Funky Enough - Remastered Single,The D.O.C.,1989,-6.627,major,1980
spotify:track:1uKjQoh8JZj9ryuYRhpd7E,1uKjQoh8JZj9ryuYRhpd7E,Ahora Te Puedes Marchar,Luis Miguel,1987,-3.683,minor,1980
spotify:track:4D13ulAZI1V7PG7Zg1Ar7r,4D13ulAZI1V7PG7Zg1Ar7r,Whip Appeal - 12-inch Version,Babyface,1989,-7.421,minor,1980
spotify:track:1ESuT2y9AKu1zMdxq47qW5,1ESuT2y9AKu1zMdxq47qW5,Sleeping Bag,ZZ Top,1985,-12.892,major,1980
spotify:track:79q7xFOodcfIVbpNHjE2gB,79q7xFOodcfIVbpNHjE2gB,Highway Star,Deep Purple,1980,-6.596,minor,1980
spotify:track:7H5Lvcs6XoLVrde3bZfUry,7H5Lvcs6XoLVrde3bZfUry,LOVE IN THE FIRST DEGREE ~悪いあなた~ (Remastered 2013),Wink,1988,-6.579,major,1980
spotify:track:0LN5gIsS5tQSmRzQrHSaTR,0LN5gIsS5tQSmRzQrHSaTR,Eminence Front,The Who,1982,-9.695,minor,1980
spotify:track:6Ib6spYstXrIWT8R0jAHoF,6Ib6spYstXrIWT8R0jAHoF,For Tonight,Nancy Martinez,1986,-12.246,minor,1980
spotify:track:4zOZQdgs7nSjMkqB7keSM5,4zOZQdgs7nSjMkqB7keSM5,Ojos Chinos,El Gran Combo De Puerto Rico,1982,-8.32,minor,1980
spotify:track:4KOjtG3BcHOJbfuGARHPcT,4KOjtG3BcHOJbfuGARHPcT,Bliss,Th' Dudes,1980,-9.82,minor,1980
spotify:track:5QRs63VVKNaqUjg6XSSckM,5QRs63VVKNaqUjg6XSSckM,Don't Know What You Got (Till It's Gone),Cinderella,1988,-9.939,major,1980
spotify:track:5AM6VOkN7ficA2O04f5JG1,5AM6VOkN7ficA2O04f5JG1,Bad Boy,Miami Sound Machine,1985,-16.185,minor,1980
spotify:track:2NRQ80uXOLkfNMXsjuBOxB,2NRQ80uXOLkfNMXsjuBOxB,Gangsta Gangsta,N.W.A.,1988,-8.264,minor,1980
spotify:track:2LbkpJUH052AvFcNIgjHTO,2LbkpJUH052AvFcNIgjHTO,Mony Mony - Downtown Mix / 24-Bit Digitally Remastered 2001,Billy Idol,1985,-6.293,minor,1980
spotify:track:0vsRt9W2VisbZW6mqqjbp8,0vsRt9W2VisbZW6mqqjbp8,Turn Back The Clock,Johnny Hates Jazz,1988,-8.095,major,1980
spotify:track:2hvOsGJc6qll4WzW8Ljqc3,2hvOsGJc6qll4WzW8Ljqc3,Brass in Pocket - 2006 Remaster,Pretenders,1980,-5.687,major,1980
spotify:track:7N3PAbqfTjSEU1edb2tY8j,7N3PAbqfTjSEU1edb2tY8j,Jump - 2015 Remaster,Van Halen,1984,-6.219,major,1980
spotify:track:3OXc6xDxasnl4uj2jl1q4Y,3OXc6xDxasnl4uj2jl1q4Y,Fire of Unknown Origin,Blue Öyster Cult,1981,-9.533,major,1980
spotify:track:3X3P8wgRL2wsLoPtVFO41d,3X3P8wgRL2wsLoPtVFO41d,Let's Straighten It Out,Latimore,1983,-15.083,minor,1980
spotify:track:7BwxbmYFy0l3ROHDjV2c14,7BwxbmYFy0l3ROHDjV2c14,Culpable O No - Miénteme Como Siempre,Luis Miguel,1988,-14.238,major,1980
spotify:track:2J4qy8RyfwgXHt73cWOE6P,2J4qy8RyfwgXHt73cWOE6P,Fría Como El Viento,Luis Miguel,1988,-13.995,minor,1980
spotify:track:0orySH7qPlY8KlhGRLEAlO,0orySH7qPlY8KlhGRLEAlO,Gypsy Road,Cinderella,1988,-9.065,major,1980
spotify:track:7nhWtCc3v6Vem80gYPlppQ,7nhWtCc3v6Vem80gYPlppQ,Cool Cat - Remastered 2011,Queen,1982,-9.927,major,1980
spotify:track:5Apf3vHBoTfRBTRhrndVXO,5Apf3vHBoTfRBTRhrndVXO,Midnight Down Town,オメガトライブ,1983,-7.723,minor,1980
spotify:track:0s6e7ZafqOAUBDoQYGmxrc,0s6e7ZafqOAUBDoQYGmxrc,Every Little Step,Bobby Brown,1988,-11.511,major,1980
spotify:track:6aYRLFKPuIt399nJdro93G,6aYRLFKPuIt399nJdro93G,Scramble Cross,オメガトライブ,1985,-6.145,minor,1980
spotify:track:66BlLSG6ImOYNPttwSw3Wl,66BlLSG6ImOYNPttwSw3Wl,Jezebel,Sade,1985,-12.422,minor,1980
spotify:track:3rdxvEfBp86WNcRDLaFEk9,3rdxvEfBp86WNcRDLaFEk9,Here I Go Again 87 - 2007 Remastered Version,Whitesnake,1987,-4.089,major,1980
spotify:track:3333YXdcyths5CB8v28dZj,3333YXdcyths5CB8v28dZj,Let's Wait Awhile,Janet Jackson,1986,-16.392,major,1980
spotify:track:3Q5oNMl4OYrycajbOofpyY,3Q5oNMl4OYrycajbOofpyY,Holy Diver,Dio,1983,-9.913,minor,1980
spotify:track:58Jkqs5MtV3GXwnq6yq5v4,58Jkqs5MtV3GXwnq6yq5v4,Sally,Stetsasonic,1988,-5.412,minor,1980
spotify:track:21T9lWigjSIMg9uD6ZfRnQ,21T9lWigjSIMg9uD6ZfRnQ,Eighties - 2007 Digital Remaster,Killing Joke,1985,-8.838,major,1980
spotify:track:5agxCIWiABK6l4ltmCAHoH,5agxCIWiABK6l4ltmCAHoH,Tinseltown in the Rain,The Blue Nile,1984,-6.699,minor,1980
spotify:track:771lQyKAtqXRpZ7iM4JsbP,771lQyKAtqXRpZ7iM4JsbP,Fuck Tha Police,N.W.A.,1988,-5.439,minor,1980
spotify:track:3dp70eMLPsq41O60QnJcsn,3dp70eMLPsq41O60QnJcsn,Light Morning,オメガトライブ,1983,-6.174,minor,1980
spotify:track:4hWUOIDHda9XOb1zDchftP,4hWUOIDHda9XOb1zDchftP,Too Much Time On My Hands,Styx,1981,-13.597,minor,1980
spotify:track:0sId1fkKRfPlyMMOSVShng,0sId1fkKRfPlyMMOSVShng,What's on Your Mind (Pure Energy),Information Society,1988,-11.217,major,1980
spotify:track:0ZfM5XfJTtFPhOxAERRnNY,0ZfM5XfJTtFPhOxAERRnNY,The Look,Roxette,1988,-5.363,major,1980
spotify:track:59Xo3BICqRNDdvNquirBot,59Xo3BICqRNDdvNquirBot,Mother,Danzig,1988,-9.438,minor,1980
spotify:track:4r5VaK6H1bq0cTGPMTN97Z,4r5VaK6H1bq0cTGPMTN97Z,Miss You Much,Janet Jackson,1989,-7.968,minor,1980
spotify:track:4FHThyT81RGEPRW5ZTL00K,4FHThyT81RGEPRW5ZTL00K,Roni,Bobby Brown,1988,-12.543,major,1980
spotify:track:4W4wYHtsrgDiivRASVOINL,4W4wYHtsrgDiivRASVOINL,Love Shack,The B-52's,1989,-6.227,minor,1980
spotify:track:6jrp8qBMJO6vhAeYVAsdk9,6jrp8qBMJO6vhAeYVAsdk9,Cold Hearted,Paula Abdul,1988,-8.59,minor,1980
spotify:track:3ix6K4wZY29bCujrSznwFZ,3ix6K4wZY29bCujrSznwFZ,Let's Dance - 2018 Remaster,David Bowie,1983,-7.44,minor,1980
spotify:track:1DLbjtj2CSYt5Y9kJ0mkXE,1DLbjtj2CSYt5Y9kJ0mkXE,Let's Get Crazy,Quiet Riot,1983,-5.118,major,1980
spotify:track:2R9ebQopHFiZxUtMLHalTi,2R9ebQopHFiZxUtMLHalTi,Bad Boys Running Wild,Scorpions,1984,-2.12,major,1980
spotify:track:39SBJ11H2SKe3Jx3vO3pON,39SBJ11H2SKe3Jx3vO3pON,Don't Be Cruel,Bobby Brown,1988,-13.227,major,1980
spotify:track:47KKOdexdhKL2jgX673WrW,47KKOdexdhKL2jgX673WrW,Calling All Girls - Remastered 2011,Queen,1982,-6.749,major,1980
spotify:track:2tUBqZG2AbRi7Q0BIrVrEj,2tUBqZG2AbRi7Q0BIrVrEj,I Wanna Dance with Somebody (Who Loves Me),Whitney Houston,1987,-8.824,major,1980
spotify:track:3bceL3NJmM8sKwr5dyrKAz,3bceL3NJmM8sKwr5dyrKAz,Superwoman,Karyn White,1988,-5.612,major,1980
spotify:track:65TPre8PWZmmoPzLm15wjK,65TPre8PWZmmoPzLm15wjK,Headhunter V1.0,Front 242,1988,-8.752,major,1980
spotify:track:4zmx3vEPgRPjRT2CszUsZo,4zmx3vEPgRPjRT2CszUsZo,White Wedding - Part 1 - 2001- Remaster,Billy Idol,1982,-6.74,major,1980
spotify:track:0dOg1ySSI7NkpAe89Zo0b9,0dOg1ySSI7NkpAe89Zo0b9,Born in the U.S.A.,Bruce Springsteen,1984,-6.042,major,1980
spotify:track:4TnUKixNWMfajncgdSwFoi,4TnUKixNWMfajncgdSwFoi,Amarillo By Morning,George Strait,1982,-16.031,major,1980
spotify:track:4GDmAT5ZZyHdBo32UYDIvM,4GDmAT5ZZyHdBo32UYDIvM,Tainted Love,Soft Cell,1981,-8.057,minor,1980
spotify:track:5ze2tIC1kKvaFFf0nP9iNR,5ze2tIC1kKvaFFf0nP9iNR,"No Pain, (No Gain)",Betty Wright,1988,-13.427,major,1980
spotify:track:2k1np6GRFvKjgjYfo2g39B,2k1np6GRFvKjgjYfo2g39B,I Wanna Dance with Somebody (Who Loves Me),Whitney Houston,1987,-8.824,major,1980
spotify:track:32fKHW6Eac4yBXn9WY7Aic,32fKHW6Eac4yBXn9WY7Aic,All Those Years Ago - 2004 Mix,George Harrison,1981,-6.832,major,1980
spotify:track:4qWizh4UB8BuSypZ3T1zAz,4qWizh4UB8BuSypZ3T1zAz,Love Bites,Def Leppard,1987,-7.078,minor,1980
spotify:track:6r8cZQUc0zieslYpGuMmLj,6r8cZQUc0zieslYpGuMmLj,Woman,John Lennon,1980,-6.373,major,1980
spotify:track:1KYzwQbt73OvhLAta0KQ4j,1KYzwQbt73OvhLAta0KQ4j,Give A Little Bit,Supertramp,1987,-15.449,major,1980
spotify:track:2VAK1wpNtziRwQrJxg0eQe,2VAK1wpNtziRwQrJxg0eQe,Little Walter,Tony! Toni! Toné!,1988,-13.927,minor,1980
spotify:track:6nnH5zeFZOH3HMpEOG5DLg,6nnH5zeFZOH3HMpEOG5DLg,Action This Day - Remastered 2011,Queen,1982,-6.121,major,1980
spotify:track:7wnagOAqma4Sg6JOGjWr5R,7wnagOAqma4Sg6JOGjWr5R,Big in Japan - Remaster,Alphaville,1984,-8.039,major,1980
spotify:track:709ffFK4o4MtG1NKoLvOma,709ffFK4o4MtG1NKoLvOma,Major Tom - Coming Home,Peter Schilling,1989,-14.32,minor,1980
spotify:track:2pnPe4pJtq7689i5ydzvJJ,2pnPe4pJtq7689i5ydzvJJ,Run Rudolph Run - Single Version,Chuck Berry,1986,-10.609,minor,1980
spotify:track:3OgmD7U0OBKsGk8Iqm5mps,3OgmD7U0OBKsGk8Iqm5mps,Solidarity,Angelic Upstarts,1983,-11.236,minor,1980
spotify:track:6N5DRCQUSXT1qQqmqsO92B,6N5DRCQUSXT1qQqmqsO92B,Party All the Time,Eddie Murphy,1985,-13.045,major,1980
spotify:track:1Hs3XZxhdpHrOyiZBB4kEK,1Hs3XZxhdpHrOyiZBB4kEK,Rock Me Amadeus,Falco,1985,-11.061,minor,1980
spotify:track:06EC9TibZK2mACTZ2usK1h,06EC9TibZK2mACTZ2usK1h,Live Wire,Mötley Crüe,1981,-6.655,minor,1980
spotify:track:6BrMEbPSSj55nQhkgf6DnE,6BrMEbPSSj55nQhkgf6DnE,"Please, Please, Please, Let Me Get What I Want - 2011 Remaster",The Smiths,1984,-9.579,major,1980
spotify:track:4rcHWl68ai6KvpXlc8vbnE,4rcHWl68ai6KvpXlc8vbnE,Keep on Loving You,REO Speedwagon,1980,-5.963,major,1980
spotify:track:5OWokvF4QOqMDQ8ByQsm6V,5OWokvF4QOqMDQ8ByQsm6V,Shake It Up,The Cars,1981,-7.466,major,1980
spotify:track:5zA8vzDGqPl2AzZkEYQGKh,5zA8vzDGqPl2AzZkEYQGKh,Uptown Girl,Billy Joel,1983,-2.986,major,1980
spotify:track:2dyfo7lqKI7NtSAhUZwnoJ,2dyfo7lqKI7NtSAhUZwnoJ,My Michelle,Guns N' Roses,1987,-8.49,major,1980
spotify:track:6NHgiZFCnfDzDhOD02GcnR,6NHgiZFCnfDzDhOD02GcnR,Walking Away,Information Society,1988,-12.083,minor,1980
spotify:track:1k82KNC5Ds6HRUXbf6EaHE,1k82KNC5Ds6HRUXbf6EaHE,What's On Your Mind - Pure Energy,Information Society,1988,-11.217,major,1980
spotify:track:4kAJawkLZj4Q7N5521ofP6,4kAJawkLZj4Q7N5521ofP6,With Or Without You - Remastered,U2,1987,-11.882,major,1980
spotify:track:6WEBIVqiEsevfgJefTyuQQ,6WEBIVqiEsevfgJefTyuQQ,Too Shy,Kajagoogoo,1983,-11.067,minor,1980
spotify:track:1YCsTFttuHAzgfEWKdOb9K,1YCsTFttuHAzgfEWKdOb9K,Rock Steady,The Whispers,1987,-7.665,minor,1980
spotify:track:7fvpQhtkRJOApCjNmSLehs,7fvpQhtkRJOApCjNmSLehs,Don't Stop Your Love,Keith Sweat,1987,-13.489,minor,1980
spotify:track:4GELnDqZNS3EWPi6Mk1rmJ,4GELnDqZNS3EWPi6Mk1rmJ,When The Smoke Is Going Down,Scorpions,1982,-5.612,minor,1980
spotify:track:0snPJPxkk0MbTc0xeUvAPt,0snPJPxkk0MbTc0xeUvAPt,Dancing On The Ceiling,Lionel Richie,1986,-8.642,major,1980
spotify:track:7ISDHzm0wwyyYTA6oBahNC,7ISDHzm0wwyyYTA6oBahNC,Phoenix,1986 Omega Tribe,1987,-13.987,minor,1980
spotify:track:3OeUlriM0EZHdWleJtjoVr,3OeUlriM0EZHdWleJtjoVr,Got My Mind Set On You - 2004 Mix,George Harrison,1987,-6.947,major,1980
spotify:track:3U7H63zKWLjOuFZJUmTowp,3U7H63zKWLjOuFZJUmTowp,You Give Love A Bad Name,Bon Jovi,1986,-10.725,minor,1980
spotify:track:1UBQ5GK8JaQjm5VbkBZY66,1UBQ5GK8JaQjm5VbkBZY66,Sharp Dressed Man - 2008 Remaster,ZZ Top,1983,-5.263,major,1980
spotify:track:2fnuoul0x4g8ZYkAYNgAgZ,2fnuoul0x4g8ZYkAYNgAgZ,Glory Days,Bruce Springsteen,1984,-12.609,major,1980
spotify:track:63HA3dpnOmdDcazJ9sDfrh,63HA3dpnOmdDcazJ9sDfrh,It's So Easy,Guns N' Roses,1987,-10.098,major,1980
spotify:track:2pxAohyJptQWTQ5ZRWYijN,2pxAohyJptQWTQ5ZRWYijN,The Trooper - 1998 Remastered Version,Iron Maiden,1983,-6.777,minor,1980
spotify:track:5HAv1Ckfe50DUjv8ghwTrz,5HAv1Ckfe50DUjv8ghwTrz,Escapade,Janet Jackson,1989,-6.741,major,1980
spotify:track:00qOE7OjRl0BpYiCiweZB2,00qOE7OjRl0BpYiCiweZB2,Juke Box Hero,Foreigner,1981,-5.554,major,1980
spotify:track:4ByEFOBuLXpCqvO1kw8Wdm,4ByEFOBuLXpCqvO1kw8Wdm,(I Just) Died In Your Arms,Cutting Crew,1986,-11.402,minor,1980
spotify:track:1OTI9UsJFPUixcVr8r9uaG,1OTI9UsJFPUixcVr8r9uaG,Twilight Bay City,オメガトライブ,1984,-6.337,major,1980
spotify:track:1hx5XSk2uGFGBuUIROLGHN,1hx5XSk2uGFGBuUIROLGHN,Head to Toe,Lisa Lisa & Cult Jam,1985,-7.318,minor,1980
spotify:track:03yOjwHoOPDlTUg0NRxN6t,03yOjwHoOPDlTUg0NRxN6t,Cemetry Gates - 2011 Remaster,The Smiths,1986,-7.007,major,1980
spotify:track:2EEinN4Zk8MUv4OQuLsTBj,2EEinN4Zk8MUv4OQuLsTBj,Age of Consent - 2015 Remaster,New Order,1983,-5.559,major,1980
spotify:track:7cDzJyC95jtGO9zAeZsWOg,7cDzJyC95jtGO9zAeZsWOg,Kiss on My List,Daryl Hall & John Oates,1980,-9.478,major,1980
spotify:track:19wadMw1A8XejDV4p5wMt1,19wadMw1A8XejDV4p5wMt1,Didn't We Almost Have It All,Whitney Houston,1987,-10.151,major,1980
spotify:track:4GbnjrrobeVLCl1FQ5C0OY,4GbnjrrobeVLCl1FQ5C0OY,People Have the Power,Patti Smith,1988,-9.296,major,1980
spotify:track:1vXowFMghZPxYLY4dozLzY,1vXowFMghZPxYLY4dozLzY,Never Alone,The High School of Music & Art,1980,-10.642,major,1980
spotify:track:1Fu3vJJwVKY7c7JnTX3Mvi,1Fu3vJJwVKY7c7JnTX3Mvi,Cryin',Vixen,1988,-12.871,major,1980
spotify:track:1YrnDTqvcnUKxAIeXyaEmU,1YrnDTqvcnUKxAIeXyaEmU,How Soon Is Now? - 2011 Remaster,The Smiths,1984,-6.76,major,1980
spotify:track:6KGXbG5wEb6WlIFAGKDQh0,6KGXbG5wEb6WlIFAGKDQh0,Still Loving You,Scorpions,1984,-4.134,minor,1980
spotify:track:765k9tDIFOnoOfkO2cgitB,765k9tDIFOnoOfkO2cgitB,Take Me with U,Prince,1984,-10.677,major,1980
spotify:track:2sse25kdRSbaFvA8i0hynD,2sse25kdRSbaFvA8i0hynD,Cuts Both Ways,Gloria Estefan,1989,-12.6,major,1980
spotify:track:5NIPsWpDjJTFBoPxCUUeXp,5NIPsWpDjJTFBoPxCUUeXp,Welcome To The Jungle,Guns N' Roses,1987,-8.027,major,1980
spotify:track:64F0vO85TOINI2wItykfU0,64F0vO85TOINI2wItykfU0,Super Chance,1986 Omega Tribe,1987,-12.285,minor,1980
spotify:track:0OBwxFLu6Yj61s2OagYbgY,0OBwxFLu6Yj61s2OagYbgY,Gimme All Your Lovin',ZZ Top,1983,-6.7,major,1980
spotify:track:2OgVsp77En2nju8pnCieVU,2OgVsp77En2nju8pnCieVU,Waiting for a Girl like You,Foreigner,1981,-9.286,minor,1980
spotify:track:7hs0Q5T9oyYMuGg4EQZenj,7hs0Q5T9oyYMuGg4EQZenj,April Skies,The Jesus and Mary Chain,1987,-6.869,major,1980
spotify:track:6N3HyzopHHNVNmZx4HOrvI,6N3HyzopHHNVNmZx4HOrvI,Reincarnation,People Like Us,1986,-2.895,minor,1980
spotify:track:62LJFaYihsdVrrkgUOJC05,62LJFaYihsdVrrkgUOJC05,Kiss,Prince,1986,-12.238,major,1980
spotify:track:7kSAaTFnsEPCSDzfl5XB5L,7kSAaTFnsEPCSDzfl5XB5L,A Question of Lust,Depeche Mode,1986,-12.535,major,1980
spotify:track:7LyIoUsiMtelB1I0I4drEF,7LyIoUsiMtelB1I0I4drEF,Modern Love - 1999 Remaster,David Bowie,1983,-8.192,major,1980
spotify:track:51H2y6YrNNXcy3dfc3qSbA,51H2y6YrNNXcy3dfc3qSbA,When Doves Cry,Prince,1984,-4.613,minor,1980
spotify:track:1JhORTF6h6N2lpb3lLWeqv,1JhORTF6h6N2lpb3lLWeqv,She's In Parties,Bauhaus,1986,-13.643,minor,1980
spotify:track:6twIBPybEvGydyNzNz89FT,6twIBPybEvGydyNzNz89FT,Land of Confusion - 2007 Remaster,Genesis,1986,-7.142,major,1980
spotify:track:3J9NEWkd9Cx1MwSSvDySkL,3J9NEWkd9Cx1MwSSvDySkL,Rock the Night,Europe,1986,-5.78,minor,1980
spotify:track:57JVGBtBLCfHw2muk5416J,57JVGBtBLCfHw2muk5416J,Another One Bites The Dust - Remastered 2011,Queen,1980,-6.472,minor,1980
spotify:track:3FGcQkWQlkeB82RdZwlw8V,3FGcQkWQlkeB82RdZwlw8V,Kiss You All Over,Exile,1983,-17.204,major,1980
spotify:track:3BZGi1yUqQyCNC868AqUGG,3BZGi1yUqQyCNC868AqUGG,Big in Japan,Alphaville,1984,-15.15,minor,1980
spotify:track:6gQUbFwwdYXlKdmqRoWKJe,6gQUbFwwdYXlKdmqRoWKJe,Dude (Looks Like A Lady),Aerosmith,1987,-2.962,minor,1980
spotify:track:2TFi29E9X6MPc05Vyfzout,2TFi29E9X6MPc05Vyfzout,Rock You Like A Hurricane,Scorpions,1984,-3.226,minor,1980
spotify:track:6H2TBm4IAc9LSzad2QbP53,6H2TBm4IAc9LSzad2QbP53,Private Passion,Jeff Lorber,1986,-6.293,major,1980
spotify:track:34jQlhS7FGfPitCHJRd2fR,34jQlhS7FGfPitCHJRd2fR,Winter Wonderland,Alexander O'Neal,1988,-15.494,major,1980
spotify:track:6YvIfawv3lpWKbezzrdFz2,6YvIfawv3lpWKbezzrdFz2,Rainy Harbor Light,オメガトライブ,1984,-6.693,major,1980
spotify:track:0QeI79sp1vS8L3JgpEO7mD,0QeI79sp1vS8L3JgpEO7mD,Let's Go Crazy,Prince,1984,-6.399,major,1980
spotify:track:4n5QvgYuN2oCSythoCXZeV,4n5QvgYuN2oCSythoCXZeV,A Question of Lust,Depeche Mode,1986,-13.631,major,1980
spotify:track:1WtkrKWpfFx75erK1VqtQh,1WtkrKWpfFx75erK1VqtQh,Tender Love,Force M.D.'s,1985,-7.288,major,1980
spotify:track:0RjuP2ncb70tx4f6RdwaCB,0RjuP2ncb70tx4f6RdwaCB,Presence Of Love,The Alarm,1987,-9.597,major,1980
spotify:track:3EAFamlgsYPA3HijLUPszI,3EAFamlgsYPA3HijLUPszI,She Sells Sanctuary (2009 Re-master),The Cult,1985,-6.812,major,1980
spotify:track:41Laec0pItedzpw2D8HWYp,41Laec0pItedzpw2D8HWYp,(Feels Like) Heaven,Fiction Factory,1984,-10.978,major,1980
spotify:track:1lhmgubpHo0AGAX7BCiO2a,1lhmgubpHo0AGAX7BCiO2a,Carry on Wayward Son,Kansas,1984,-8.625,major,1980
spotify:track:7t6CAWplijBj4sdl0q3z0e,7t6CAWplijBj4sdl0q3z0e,Legs - 2008 Remaster,ZZ Top,1983,-5.357,major,1980
spotify:track:4ECNtOnqzxutZkXP4TE3n3,4ECNtOnqzxutZkXP4TE3n3,Separate Ways (Worlds Apart),Journey,1983,-3.947,major,1980
spotify:track:0K6yUnIKNsFtfIpTgGtcHm,0K6yUnIKNsFtfIpTgGtcHm,Limelight,Rush,1981,-8.485,minor,1980
spotify:track:0XIvZ82aDF7JiSi3ZE320u,0XIvZ82aDF7JiSi3ZE320u,Rock You Like A Hurricane,Scorpions,1984,-12.846,major,1980
spotify:track:0swJk3Hoi5woYCdfnL5lWj,0swJk3Hoi5woYCdfnL5lWj,Rebel Yell - 1999 - Remaster,Billy Idol,1983,-11.372,minor,1980
spotify:track:4USWxDtF8lnLTTaQDs2mQa,4USWxDtF8lnLTTaQDs2mQa,Somebody For Me,Heavy D & The Boyz,1989,-17.053,minor,1980
spotify:track:4ZhPLoMzZwewHLLjV1J15c,4ZhPLoMzZwewHLLjV1J15c,99 Luftballons,Nena,1983,-7.495,major,1980
spotify:track:14g6foD6sxO1qgkDKuPgWv,14g6foD6sxO1qgkDKuPgWv,Swingin Party - 2008 Remaster,The Replacements,1985,-8.657,minor,1980
spotify:track:5WwZeusFlxOKmTW25ImmgM,5WwZeusFlxOKmTW25ImmgM,Can You Feel the Beat,Lisa Lisa & Cult Jam,1985,-13.244,minor,1980
spotify:track:6wVViUl2xSRoDK2T7dMZbR,6wVViUl2xSRoDK2T7dMZbR,Bizarre Love Triangle,New Order,1986,-7.463,major,1980
spotify:track:3sRCesHh424gmCji7Fz9Gm,3sRCesHh424gmCji7Fz9Gm,I Wonder If I Take You Home,Lisa Lisa & Cult Jam,1985,-9.248,major,1980
spotify:track:1ci5FGk5faD2gWyYl995yw,1ci5FGk5faD2gWyYl995yw,Mercedes Boy,Pebbles,1987,-14.609,major,1980
spotify:track:3D3lmTEhuWaunO1yxpYPD8,3D3lmTEhuWaunO1yxpYPD8,You're in Love,Ratt,1985,-11.541,major,1980
spotify:track:5ahbge6cAozopYL2EeJg82,5ahbge6cAozopYL2EeJg82,Everything's Out In the Open,Johnnie Taylor,1988,-16.82,minor,1980
spotify:track:35E2eKIEXXnP5q9L51iOAk,35E2eKIEXXnP5q9L51iOAk,The Killing Moon,Echo & the Bunnymen,1984,-7.066,major,1980
spotify:track:3YBZIN3rekqsKxbJc9FZko,3YBZIN3rekqsKxbJc9FZko,Paradise City,Guns N' Roses,1987,-8.762,major,1980
spotify:track:0sSVf7esNGPkEeCQ3Dhiv0,0sSVf7esNGPkEeCQ3Dhiv0,Happy Relationship,Troop,1988,-13.177,major,1980
spotify:track:5ft1GmMZA4uNX7afvQfDLn,5ft1GmMZA4uNX7afvQfDLn,Just Like Heaven,The Cure,1987,-11.548,major,1980
spotify:track:2lWE9q2bYGvhV9xAyUxFYy,2lWE9q2bYGvhV9xAyUxFYy,Ain't No Cookin',Stephanie Mills,1989,-10.764,major,1980
spotify:track:5ZpDiWqCG93McsnuHu9uCR,5ZpDiWqCG93McsnuHu9uCR,The Safety Dance,Men Without Hats,1982,-8.534,major,1980
spotify:track:15taea6JZLAfG5OX0pzfG6,15taea6JZLAfG5OX0pzfG6,Make Believe,TOTO,1982,-12.416,minor,1980
spotify:track:4wdvkTP86WAvmr1pB01KFw,4wdvkTP86WAvmr1pB01KFw,Handle With Care,Traveling Wilburys,1988,-5.949,major,1980
spotify:track:7kZZ2Hmkg1zfwrQLsmypNE,7kZZ2Hmkg1zfwrQLsmypNE,Dreamtime,Daryl Hall,1986,-10.03,major,1980
spotify:track:3Ud6fFep5ZlXzRWw6Sm8no,3Ud6fFep5ZlXzRWw6Sm8no,Walk Of Life,Dire Straits,1985,-8.507,major,1980
spotify:track:7woZGXjtaYwuvSoU1zToB3,7woZGXjtaYwuvSoU1zToB3,Free Fallin',Tom Petty,1989,-13.547,major,1980
spotify:track:1pBFEy8cz0Fq4Pru0c4awd,1pBFEy8cz0Fq4Pru0c4awd,Save Me - Remastered 2011,Queen,1980,-6.8,major,1980
spotify:track:2tMkYJbCdaL8p9NDTU3ISu,2tMkYJbCdaL8p9NDTU3ISu,Control,Janet Jackson,1986,-13.341,major,1980
spotify:track:6FSTE58Y4IDxTj8vbfHQc6,6FSTE58Y4IDxTj8vbfHQc6,Do What You Do,Jermaine Jackson,1984,-11.921,minor,1980
spotify:track:42YGM6GMUbTeIDu0JXtpry,42YGM6GMUbTeIDu0JXtpry,RIVERSIDE HOTEL,Kiyotaka Sugiyama,1985,-16.536,minor,1980
spotify:track:4QPRua3G7RQraiYX2NwdH6,4QPRua3G7RQraiYX2NwdH6,Addicted To That Rush,Mr. Big,1989,-5.095,major,1980
spotify:track:2HXixVqzzm9rEUIMAWzshl,2HXixVqzzm9rEUIMAWzshl,I Hate Myself for Loving You,Joan Jett & The Blackhearts,1988,-11.225,major,1980
spotify:track:3ulPX3lyADhCnIaxJv8nxv,3ulPX3lyADhCnIaxJv8nxv,Fat Bottomed Girls,Queen,1981,-10.159,major,1980
spotify:track:2iGtdYI4lI0jDpnxJOqZRw,2iGtdYI4lI0jDpnxJOqZRw,Hey Jude - Remastered 2009,The Beatles,1988,-9.44,major,1980
spotify:track:7ABE6G4uQxbNtYgVrpBBPA,7ABE6G4uQxbNtYgVrpBBPA,Close to Me - Remastered,The Cure,1985,-11.121,major,1980
spotify:track:5fSVerSB7TpXkUF9BxTUcP,5fSVerSB7TpXkUF9BxTUcP,Some Like It Hot - 2005 Remaster,The Power Station,1985,-8.355,major,1980
spotify:track:08PPWoWOXNWxWoMGSADdSq,08PPWoWOXNWxWoMGSADdSq,Say It's Gonna Rain,Will To Power,1988,-10.442,minor,1980
spotify:track:5E6bjaFJZszZHSphdOPHpE,5E6bjaFJZszZHSphdOPHpE,Work for Love,Ministry,1983,-12.335,minor,1980
spotify:track:3HNjLJb6VfoP0VC30TdxyE,3HNjLJb6VfoP0VC30TdxyE,As We Lay,Shirley Murdock,1986,-9.651,major,1980
spotify:track:3n1DqizISmjSPzVmwkkzUv,3n1DqizISmjSPzVmwkkzUv,Saturday's Generation,オメガトライブ,1984,-6.874,major,1980
spotify:track:0bVtevEgtDIeRjCJbK3Lmv,0bVtevEgtDIeRjCJbK3Lmv,Welcome To The Jungle,Guns N' Roses,1987,-8.069,major,1980
spotify:track:1gzIbdFnGJ226LTl0Cn2SX,1gzIbdFnGJ226LTl0Cn2SX,White Wedding - Pt. 1,Billy Idol,1982,-5.411,major,1980
spotify:track:17lu4tymfnhmcIDlzBbtAb,17lu4tymfnhmcIDlzBbtAb,For Those About to Rock (We Salute You),AC/DC,1981,-5.724,major,1980
spotify:track:1jF5Id0OPFU1Mae8BEUF5u,1jF5Id0OPFU1Mae8BEUF5u,Youth Gone Wild,Skid Row,1989,-11.277,minor,1980
spotify:track:3W1iDAW7PVwlMC2zJIKF0k,3W1iDAW7PVwlMC2zJIKF0k,Gypsy Road,Cinderella,1988,-9.019,major,1980
spotify:track:0JiEGVMAF8wzdnmXVNxELS,0JiEGVMAF8wzdnmXVNxELS,Tempted,Squeeze,1989,-10.107,minor,1980
spotify:track:4qgZs0RNjdzKAS22lP0QjY,4qgZs0RNjdzKAS22lP0QjY,Where The Streets Have No Name - Remastered,U2,1987,-9.581,major,1980
spotify:track:0GTK6TesV108Jj5D3MHsYb,0GTK6TesV108Jj5D3MHsYb,Owner of a Lonely Heart,Yes,1983,-5.981,major,1980
spotify:track:4pYVwcwdWc0SaBeGpUbaja,4pYVwcwdWc0SaBeGpUbaja,Scenes from an Italian Restaurant,Billy Joel,1985,-6.392,major,1980
spotify:track:0Yk6Xgk1Do6fAJWydT1dI6,0Yk6Xgk1Do6fAJWydT1dI6,State Of The World,Janet Jackson,1989,-7.533,major,1980
spotify:track:4eXGF4fOubY0IhWieQ0OoF,4eXGF4fOubY0IhWieQ0OoF,Rock Of Ages,Def Leppard,1983,-7.666,minor,1980
spotify:track:54yLLvpezvPO1lA3GspiZj,54yLLvpezvPO1lA3GspiZj,Holy Diver,Dio,1983,-10.671,minor,1980
spotify:track:57trQKFZdJxHia4sMJioWk,57trQKFZdJxHia4sMJioWk,Sister Christian,Night Ranger,1983,-16.239,major,1980
spotify:track:0BB9eUBBaaX6GALSYNcEp7,0BB9eUBBaaX6GALSYNcEp7,You Spin Me Round (Like a Record),Dead Or Alive,1985,-10.526,minor,1980
spotify:track:1Ijr9ESO1G5gqupDotJiVU,1Ijr9ESO1G5gqupDotJiVU,Because,オメガトライブ,1984,-6.089,major,1980
spotify:track:3HeYi0kMBereApC8YFNgJO,3HeYi0kMBereApC8YFNgJO,Big City Nights,Scorpions,1985,-3.163,minor,1980
spotify:track:1haofRgjpVfOyTVWnjJRND,1haofRgjpVfOyTVWnjJRND,Hey Santa Claus,The Moonglows,1988,-10.801,major,1980
spotify:track:3a5eLAeyZQfniimaVZBDRz,3a5eLAeyZQfniimaVZBDRz,Sexy Halation,Kiyotaka Sugiyama,1983,-7.37,major,1980
spotify:track:3ybF6Iaia01EbXg5VmxPcb,3ybF6Iaia01EbXg5VmxPcb,Armageddon It,Def Leppard,1987,-6.014,major,1980
spotify:track:3FdHgoJbH3DXNtGLh56pFu,3FdHgoJbH3DXNtGLh56pFu,Conga,Miami Sound Machine,1985,-14.825,major,1980
spotify:track:3L7RtEcu1Hw3OXrpnthngx,3L7RtEcu1Hw3OXrpnthngx,Don't You Want Me,The Human League,1981,-8.125,minor,1980
spotify:track:0F0imGVd7KnvQPkBmVtPo9,0F0imGVd7KnvQPkBmVtPo9,Leave Me Alone - 2015 Remaster,New Order,1983,-7.648,major,1980
spotify:track:2Aqc48sn8He26hmTvQ2BMj,2Aqc48sn8He26hmTvQ2BMj,Hey,Pixies,1989,-15.014,major,1980
spotify:track:3CKLPDN1AIOYa7QPpy6oDH,3CKLPDN1AIOYa7QPpy6oDH,Cars,Gary Numan,1981,-9.074,major,1980
spotify:track:6V50MyHPGhEmwYu0Wdyf0t,6V50MyHPGhEmwYu0Wdyf0t,The Way It Is,Bruce Hornsby,1986,-12.203,major,1980
spotify:track:2SiXAy7TuUkycRVbbWDEpo,2SiXAy7TuUkycRVbbWDEpo,You Shook Me All Night Long,AC/DC,1980,-5.509,major,1980
spotify:track:3mJ6pNcFM2CkykCYSREdKT,3mJ6pNcFM2CkykCYSREdKT,When I Think Of You,Janet Jackson,1986,-11.386,major,1980
spotify:track:6xdLJrVj4vIXwhuG8TMopk,6xdLJrVj4vIXwhuG8TMopk,Crazy Little Thing Called Love - Remastered 2011,Queen,1980,-6.887,major,1980
spotify:track:2vX5WL7s6UdeQyweZEx7PP,2vX5WL7s6UdeQyweZEx7PP,Walk This Way,Aerosmith,1980,-10.761,major,1980
spotify:track:6XjpxthF6oeDDSYZX0CJq0,6XjpxthF6oeDDSYZX0CJq0,Believe In Love,Scorpions,1988,-4.443,major,1980
spotify:track:67j0ZucyzdfMGWLe2kh6Ze,67j0ZucyzdfMGWLe2kh6Ze,I Like,Guy,1988,-14.396,major,1980
spotify:track:7AiDf42w2K2c3fWgTE4ytW,7AiDf42w2K2c3fWgTE4ytW,Whirlpool Heart,The Wild Swans,1988,-9.965,major,1980
spotify:track:43LEbsntZ2eKwp6tClYZQT,43LEbsntZ2eKwp6tClYZQT,Every Little Step - Uptown Mix,Bobby Brown,1988,-9.207,major,1980
spotify:track:20s3FayrStM8GY0m4dRFsw,20s3FayrStM8GY0m4dRFsw,Paid In Full,Eric B. & Rakim,1987,-8.971,major,1980
spotify:track:5p6xhgQCwzX0G9PadMU9GA,5p6xhgQCwzX0G9PadMU9GA,Play The Game - Remastered 2011,Queen,1980,-5.772,major,1980
spotify:track:1PI87c2lTmkjNUG6EHzvgc,1PI87c2lTmkjNUG6EHzvgc,Hype,Kid 'N Play,1988,-15.897,minor,1980
spotify:track:3eiUQTsfRQ0abO6duxLcxw,3eiUQTsfRQ0abO6duxLcxw,To Cut a Long Story Short - 2010 Remaster,Spandau Ballet,1981,-5.113,major,1980
spotify:track:0IXpUl1fn2QZcBavfuq0H4,0IXpUl1fn2QZcBavfuq0H4,Living After Midnight,Judas Priest,1980,-6.046,major,1980
spotify:track:4y1LsJpmMti1PfRQV9AWWe,4y1LsJpmMti1PfRQV9AWWe,Girls Just Want to Have Fun,Cyndi Lauper,1983,-4.897,major,1980
spotify:track:2hb2C7LOzkXRHbz4d1NapC,2hb2C7LOzkXRHbz4d1NapC,She,The Jacksons,1989,-7.891,minor,1980
spotify:track:0WnVjkW8k8Zo37JAI7K8zF,0WnVjkW8k8Zo37JAI7K8zF,Secret,Orchestral Manoeuvres In The Dark,1985,-8.597,major,1980
spotify:track:21wxCbULEulBXZ4GaGqVNA,21wxCbULEulBXZ4GaGqVNA,Go See the Doctor,Kool Moe Dee,1986,-13.601,major,1980
spotify:track:0BJU4rYOfj43xHw6gvTIwE,0BJU4rYOfj43xHw6gvTIwE,Hold Me Now,Thompson Twins,1984,-12.794,major,1980
spotify:track:1lx8ddGT5wCD6W2xmLeRKG,1lx8ddGT5wCD6W2xmLeRKG,Saving All My Love for You,Whitney Houston,1985,-14.567,minor,1980
spotify:track:0HEmnAUT8PHznIAAmVXqFJ,0HEmnAUT8PHznIAAmVXqFJ,Faith - Remastered,George Michael,1987,-11.994,major,1980
spotify:track:74D3tZI3Cd9PCx3BGZG1vo,74D3tZI3Cd9PCx3BGZG1vo,Teddy's Jam,Guy,1988,-13.129,minor,1980
spotify:track:50RKxAH1u49WI5BI8AlRaw,50RKxAH1u49WI5BI8AlRaw,Samishii Nettaigyo (Bonus Track) - Remastered 2013,Wink,1989,-6.125,minor,1980
spotify:track:1ohwrBQrxIlqMYfkoYERiN,1ohwrBQrxIlqMYfkoYERiN,Eazy-Duz-It,Eazy-E,1988,-3.912,major,1980
spotify:track:6P9iLOJ9FwBe6S9xrdp5jK,6P9iLOJ9FwBe6S9xrdp5jK,Cuéntame Tu Vida,Caifanes,1988,-5.833,major,1980
spotify:track:5Rso4igx5lTkTAbDEN9nuQ,5Rso4igx5lTkTAbDEN9nuQ,"Girls, Girls, Girls",Mötley Crüe,1987,-4.903,major,1980
spotify:track:64M7vSptOdMCuHwYzKuplj,64M7vSptOdMCuHwYzKuplj,Looking For A New Love,Jody Watley,1987,-13.181,major,1980
spotify:track:7cvzMbuaFpFH3ZkutMcfNc,7cvzMbuaFpFH3ZkutMcfNc,Still Of The Night - 2007 Remastered Version,Whitesnake,1987,-7.78,major,1980
spotify:track:5MurSc4fn80xQPhmCjTRTE,5MurSc4fn80xQPhmCjTRTE,Here Today - Remixed 2015,Paul McCartney,1982,-15.44,major,1980
spotify:track:3r7wIvLStJVlbTZsibIL2t,3r7wIvLStJVlbTZsibIL2t,Valotte,Julian Lennon,1984,-13.735,major,1980
spotify:track:2E7W1X4maFFcjHrVrFA7Vs,2E7W1X4maFFcjHrVrFA7Vs,Bark at the Moon,Ozzy Osbourne,1983,-5.333,minor,1980
spotify:track:3g3PQ6TTd6Dnb4zt2d8B9S,3g3PQ6TTd6Dnb4zt2d8B9S,Everything She Wants,Wham!,1984,-9.496,minor,1980
spotify:track:6ANCLKKUMPt0vfRdYQAqcd,6ANCLKKUMPt0vfRdYQAqcd,Walking On The Edge,Scorpions,1988,-4.916,major,1980
spotify:track:6hazdpTPlt5W2BTCGYKBoj,6hazdpTPlt5W2BTCGYKBoj,Delirious,Prince,1982,-16.656,major,1980
spotify:track:41gBEkVcxU4FSjVpOGWxsB,41gBEkVcxU4FSjVpOGWxsB,Wild Wild West,Kool Moe Dee,1987,-11.089,major,1980
spotify:track:7r6KRHz2HAjoaBQCtQJfzR,7r6KRHz2HAjoaBQCtQJfzR,Here I Go Again - 20th Anniversary Remaster,Whitesnake,1987,-4.121,major,1980
spotify:track:6fAADiK2jnjdm5QRI7hSYc,6fAADiK2jnjdm5QRI7hSYc,When We Was Fab - 2004 Mix,George Harrison,1987,-9.088,major,1980
spotify:track:5lWFrW5T3JtxVCLDb7etPu,5lWFrW5T3JtxVCLDb7etPu,Bad - 2012 Remaster,Michael Jackson,1987,-3.786,major,1980
spotify:track:2WNP92cnREKAU4PmzwfKvf,2WNP92cnREKAU4PmzwfKvf,Same Old Song and Dance,Aerosmith,1980,-8.427,major,1980
spotify:track:3fCqWsYPCPdLteUpeIOeyQ,3fCqWsYPCPdLteUpeIOeyQ,Let's Wait Awhile,Janet Jackson,1986,-17.243,major,1980
spotify:track:72hcFp4tYkd3dbNA9dZ3Pv,72hcFp4tYkd3dbNA9dZ3Pv,Bad Medicine,Bon Jovi,1988,-3.804,major,1980
spotify:track:06luxtMuY4HXVpfWIK0rjw,06luxtMuY4HXVpfWIK0rjw,Russian Radio,Red Flag,1989,-11.908,major,1980
spotify:track:72ZeHD0lrIIBDlaZefI4bf,72ZeHD0lrIIBDlaZefI4bf,Remember the Brightness,オメガトライブ,1985,-3.679,minor,1980
spotify:track:7dQC53NiYOY9gKg3Qsu2Bs,7dQC53NiYOY9gKg3Qsu2Bs,All Out of Love,Air Supply,1980,-16.875,major,1980
spotify:track:7aHRctaQ7vjxVTVmY8OhAA,7aHRctaQ7vjxVTVmY8OhAA,We Built This City,Starship,1985,-4.897,major,1980
spotify:track:0XdwNwmKWdMmSWdsxt8rFS,0XdwNwmKWdMmSWdsxt8rFS,Paddling To You,オメガトライブ,1983,-6.22,major,1980
spotify:track:6ZkCW6AT0fPg6Oi6f5hS8L,6ZkCW6AT0fPg6Oi6f5hS8L,Ipanema Rain,1986 Omega Tribe,1987,-14.141,major,1980
spotify:track:70Z9t1qhytWtG4cCmmi7mU,70Z9t1qhytWtG4cCmmi7mU,I Wanna Rock,Twisted Sister,1984,-2.97,major,1980
spotify:track:0DnA2DyUwy0W4xMYtRxocL,0DnA2DyUwy0W4xMYtRxocL,Who Can It Be Now?,Men At Work,1981,-7.392,major,1980
spotify:track:5gFW8TiJAyPwjQAMuwR2dB,5gFW8TiJAyPwjQAMuwR2dB,Perfect Machine,Herbie Hancock,1988,-4.13,minor,1980
spotify:track:6KIKRz9eSTXdNsGUnomdtW,6KIKRz9eSTXdNsGUnomdtW,Straight Outta Compton,N.W.A.,1988,-9.484,major,1980
spotify:track:471SXWs7Ko4d2rkKOk7oPF,471SXWs7Ko4d2rkKOk7oPF,Alive And Kicking,Simple Minds,1985,-6.614,major,1980
spotify:track:07CyrZF9eVd02zzIse7tZA,07CyrZF9eVd02zzIse7tZA,In Between Days - 2006 Remaster,The Cure,1985,-6.246,major,1980
spotify:track:5TM2eqdzfWPHklI7YnBmsD,5TM2eqdzfWPHklI7YnBmsD,Blister in the Sun - 2002 Remastered Version,Violent Femmes,1983,-19.846,major,1980
spotify:track:2SFq0UIiBWkBgky0fkrHP0,2SFq0UIiBWkBgky0fkrHP0,What Have You Done For Me Lately,Janet Jackson,1986,-12.408,major,1980
spotify:track:5X0bLSho0KTiSQYCI0IOcl,5X0bLSho0KTiSQYCI0IOcl,Dr. Feelgood,Mötley Crüe,1989,-5.105,major,1980
spotify:track:6vYK729O29XnvQqPWyLPfe,6vYK729O29XnvQqPWyLPfe,It's a Sin - 2001 Remaster,Pet Shop Boys,1987,-5.928,minor,1980
spotify:track:2w4EpqGasrz9qdTwocx54t,2w4EpqGasrz9qdTwocx54t,Open Arms,Journey,1981,-13.214,major,1980
spotify:track:3QZ7uX97s82HFYSmQUAN1D,3QZ7uX97s82HFYSmQUAN1D,Tom Sawyer,Rush,1981,-7.211,major,1980
spotify:track:7b4yGtR0rujvLi5EBfKKJ2,7b4yGtR0rujvLi5EBfKKJ2,Take Me Home Tonight,Eddie Money,1986,-9.911,major,1980
spotify:track:0kFM6t9htbB53Dg8frGDGh,0kFM6t9htbB53Dg8frGDGh,Kiss Me Deadly,Lita Ford,1988,-10.846,major,1980
spotify:track:505lCWNDROW6OMK02H8SPw,505lCWNDROW6OMK02H8SPw,Lonely Is The Night,Billy Squier,1981,-11.286,major,1980
spotify:track:2avaSeKHI5l4sLruVfLdi2,2avaSeKHI5l4sLruVfLdi2,"Burning Heart - From ""Rocky IV"" Soundtrack",Survivor,1985,-7.43,minor,1980
spotify:track:4aOjDKk1s5hlsEY5ZhhX3l,4aOjDKk1s5hlsEY5ZhhX3l,My Hooptie,Sir Mix-A-Lot,1989,-12.128,major,1980
spotify:track:5qYBigLezS1D4IvivEKYVX,5qYBigLezS1D4IvivEKYVX,Girl's Got It Goin' On,Michael Cooper,1989,-10.79,minor,1980
spotify:track:6N6Yn22lGPa6PC8asQjGDZ,6N6Yn22lGPa6PC8asQjGDZ,Saigon - 2002 Digital Remaster,Martha and the Muffins,1980,-13.207,major,1980
spotify:track:2fuCquhmrzHpu5xcA1ci9x,2fuCquhmrzHpu5xcA1ci9x,Under Pressure - Remastered,Queen,1982,-7.815,major,1980
spotify:track:57J2znxukXsXzS3XPuZ1TG,57J2znxukXsXzS3XPuZ1TG,(I Can't Get No) Satisfaction - Mono Version / Remastered 2002,The Rolling Stones,1989,-6.763,major,1980
spotify:track:0qxYx4F3vm1AOnfux6dDxP,0qxYx4F3vm1AOnfux6dDxP,You Can Call Me Al,Paul Simon,1986,-8.124,major,1980
spotify:track:5NFbzd8K2VHwrydjKVetIv,5NFbzd8K2VHwrydjKVetIv,Don't Wanna Lose You,Gloria Estefan,1989,-14.127,major,1980
spotify:track:0Ow2s49u3akTmiLDmb1GU0,0Ow2s49u3akTmiLDmb1GU0,Rock Wit'cha,Bobby Brown,1988,-13.237,minor,1980
spotify:track:4yqtwO7MQIIXqoiRBPHAgR,4yqtwO7MQIIXqoiRBPHAgR,Money for Nothing,Dire Straits,1985,-9.339,minor,1980
spotify:track:0r5Ju8WyodpXBHmg3f4zYf,0r5Ju8WyodpXBHmg3f4zYf,Kayleigh - 2017 Remaster,Marillion,1985,-8.35,major,1980
spotify:track:4GFOE4FOXH395LTx1Dc6DG,4GFOE4FOXH395LTx1Dc6DG,November Blue,オメガトライブ,1985,-4.32,minor,1980
spotify:track:3AAufodtnqwvGMzklCU7qd,3AAufodtnqwvGMzklCU7qd,Diamond Girl,Nice & Wild,1987,-12.602,minor,1980
spotify:track:3vVSwkIqE7j6AaIxsxXzNA,3vVSwkIqE7j6AaIxsxXzNA,Need Your Loving Tonight - Remastered 2011,Queen,1980,-3.879,major,1980
spotify:track:1BwVIIKOb2jv5Cbgau61v3,1BwVIIKOb2jv5Cbgau61v3,Get The Balance Right! - Combination Mix,Depeche Mode,1983,-10.973,major,1980
spotify:track:38NUJ71SZ6h0RhWCTCt2wi,38NUJ71SZ6h0RhWCTCt2wi,Body to Body,Tomoko Aran,1983,-12.93,major,1980
spotify:track:6HA97v4wEGQ5TUClRM0XLc,6HA97v4wEGQ5TUClRM0XLc,99 Luftballons,Nena,1984,-12.858,major,1980
spotify:track:1H5N26VqHR4JhuaRKY2I0u,1H5N26VqHR4JhuaRKY2I0u,Heaven Knows I'm Miserable Now - 2011 Remaster,The Smiths,1987,-4.862,major,1980
spotify:track:3QfLERjG54GUIAS9w86kul,3QfLERjG54GUIAS9w86kul,Las Palabras De Amor (The Words Of Love) - Remastered 2011,Queen,1982,-7.643,major,1980
spotify:track:0X5C4WjQNubRysTkHOubz3,0X5C4WjQNubRysTkHOubz3,Lovesong,The Cure,1989,-7.689,minor,1980
spotify:track:2h47SG8bNphmicAll4H9RV,2h47SG8bNphmicAll4H9RV,Dead Man's Party,Oingo Boingo,1985,-10.984,major,1980
spotify:track:0pUVeEgZuNyFzIMKp67RbS,0pUVeEgZuNyFzIMKp67RbS,Eyes Without A Face,Billy Idol,1983,-6.197,major,1980
spotify:track:5tHbBxWjTxaQpL5SrT17Tz,5tHbBxWjTxaQpL5SrT17Tz,The Lady In Red,Chris de Burgh,1986,-16.326,major,1980
spotify:track:7lyjPebrs7neketibbAKB8,7lyjPebrs7neketibbAKB8,The Chauffeur - 2001 Remastered Version,Duran Duran,1982,-9.415,major,1980
spotify:track:2Up5Gs5EJeAPeR3Ce5Aspi,2Up5Gs5EJeAPeR3Ce5Aspi,He Got You,Ronnie Milsap,1982,-10.285,major,1980
spotify:track:46xnw9xZ0gKsGqaKg6jAzu,46xnw9xZ0gKsGqaKg6jAzu,Crucial - Dance Remix,New Edition,1988,-10.02,minor,1980
spotify:track:1grnSNpTAe14gjtqfArZan,1grnSNpTAe14gjtqfArZan,New Girl Now,Honeymoon Suite,1984,-11.493,major,1980
spotify:track:1s4Ie0cT6P73SRSfh3oyGW,1s4Ie0cT6P73SRSfh3oyGW,The Number Of The Beast - 1998 Remastered Version,Iron Maiden,1982,-5.583,minor,1980
spotify:track:1MANhf0nwr6gFwsRJMeDbr,1MANhf0nwr6gFwsRJMeDbr,Turning Japanese - Non Stop Edit,The Vapors,1980,-5.845,major,1980
spotify:track:35Iy0Neh1ewQapV6n0td6X,35Iy0Neh1ewQapV6n0td6X,Dial My Heart,The Boys,1988,-11.793,minor,1980
spotify:track:6s0NHplywwr1IjnQpUpWJk,6s0NHplywwr1IjnQpUpWJk,Bad To The Bone,George Thorogood & The Destroyers,1982,-11.777,major,1980
spotify:track:57ebBLITHpRgRKGrlbxMZS,57ebBLITHpRgRKGrlbxMZS,Faithfully,Journey,1983,-5.212,major,1980
spotify:track:57K5A7o09IOVm4zeMXrARo,57K5A7o09IOVm4zeMXrARo,Mayonaka No Screen Board,オメガトライブ,1985,-5.58,minor,1980
spotify:track:7zSDDsIlks515d0tZGM64x,7zSDDsIlks515d0tZGM64x,The Next Time I Fall (with Amy Grant),Peter Cetera,1986,-13.398,major,1980
spotify:track:1pCOmSyhfCTFm6vdoeD4JD,1pCOmSyhfCTFm6vdoeD4JD,"Darlin', Darlin'",Ready For The World,1988,-14.598,major,1980
spotify:track:6LtNEH08J18r4HLs4HzvqW,6LtNEH08J18r4HLs4HzvqW,Heaven And Hell,Black Sabbath,1980,-16.343,minor,1980
spotify:track:0QyIxB3MqUoSQX0kBjG6NO,0QyIxB3MqUoSQX0kBjG6NO,Sweet Emotion - Single Version,Aerosmith,1980,-9.898,major,1980
spotify:track:7mJq5UJOfh5yzyjCaiPaZH,7mJq5UJOfh5yzyjCaiPaZH,Some Kind Of Lover,Jody Watley,1987,-13.486,major,1980
spotify:track:7JmPqImeW3kLoYVNBA9v11,7JmPqImeW3kLoYVNBA9v11,If It Isn't Love,New Edition,1988,-12.418,minor,1980
spotify:track:2mEk0VdrbDJ11DBC6Y92mh,2mEk0VdrbDJ11DBC6Y92mh,Edge Of A Broken Heart,Vixen,1988,-11.568,minor,1980
spotify:track:2uXewDKMktNkkMfotqSxN6,2uXewDKMktNkkMfotqSxN6,Something About You - Single Version,Level 42,1989,-13.52,minor,1980
spotify:track:1qOU8KzFifXE9YrgjVwYvc,1qOU8KzFifXE9YrgjVwYvc,Here I Go Again - 2018 Remaster,Whitesnake,1987,-6.763,major,1980
spotify:track:3nFJbZCHP4d9vduKjJLdBL,3nFJbZCHP4d9vduKjJLdBL,Never Too Much,Luther Vandross,1981,-11.866,major,1980
spotify:track:1lpFXKKckqVkyAN1lPwwC2,1lpFXKKckqVkyAN1lPwwC2,Radio Ga Ga,Queen,1984,-12.036,major,1980
spotify:track:4gDBc1RxPAvinJrZzZ9nYX,4gDBc1RxPAvinJrZzZ9nYX,Love Will Save the Day,Whitney Houston,1987,-9.453,major,1980
spotify:track:6QDbGdbJ57Mtkflsg42WV5,6QDbGdbJ57Mtkflsg42WV5,Hot for Teacher - 2015 Remaster,Van Halen,1984,-4.671,major,1980
spotify:track:5iOc8d1LkUdQ9AbDjSBrVQ,5iOc8d1LkUdQ9AbDjSBrVQ,My Bag,Lloyd Cole and the Commotions,1987,-13.336,major,1980
spotify:track:4wpBgGZWcMPQA1iusHwl2t,4wpBgGZWcMPQA1iusHwl2t,Back On My Feet Again,The Babys,1980,-6.811,major,1980
spotify:track:3YVPpVJvJG2EauXurPA90F,3YVPpVJvJG2EauXurPA90F,Tell It to My Heart,Taylor Dayne,1988,-5.042,major,1980
spotify:track:0sLrHBMJNOxEcMhcseE3I4,0sLrHBMJNOxEcMhcseE3I4,Rollin' With Kid 'N Play,Kid 'N Play,1988,-12.655,major,1980
spotify:track:0h5LK5DWEDQoTYemtRGMzA,0h5LK5DWEDQoTYemtRGMzA,ASPHALT LADY,Kiyotaka Sugiyama,1985,-14.699,minor,1980
spotify:track:0egYMfS7hjEneR86a9K61w,0egYMfS7hjEneR86a9K61w,Everyday Is Like Sunday - 2011 Remaster,Morrissey,1988,-5.126,major,1980
spotify:track:29pzjF6ZkzcW3ofgOVbF0t,29pzjF6ZkzcW3ofgOVbF0t,Here I Go Again,Whitesnake,1982,-12.967,minor,1980
spotify:track:3qwnfEm2N8lvD9BaJvOfaW,3qwnfEm2N8lvD9BaJvOfaW,Is This Love - 2017 Remastered Version,Whitesnake,1987,-6.802,major,1980
spotify:track:2dURQIBrw3XcHyVZlfdpC1,2dURQIBrw3XcHyVZlfdpC1,Two of Hearts,Stacey Q,1986,-6.716,minor,1980
spotify:track:0qgrrDnUUhyxpxbBznUnzg,0qgrrDnUUhyxpxbBznUnzg,18 and Life,Skid Row,1989,-11.101,minor,1980
spotify:track:4Y7fEQ4PAzhlLnLviRw2P4,4Y7fEQ4PAzhlLnLviRw2P4,Rockin' in the Free World,Neil Young,1989,-4.986,minor,1980
spotify:track:63nVsCAdxu9OdeRhe58wiE,63nVsCAdxu9OdeRhe58wiE,Broken Wings,Mr. Mister,1985,-15.646,minor,1980
spotify:track:25suYHVUwWFTG6G31kuhZH,25suYHVUwWFTG6G31kuhZH,Screaming in the Night,Krokus,1983,-13.059,major,1980
spotify:track:2aLbP76Cm8mFduDuntRit2,2aLbP76Cm8mFduDuntRit2,Never Ending Summer II,オメガトライブ,1984,-5.102,minor,1980
spotify:track:4gpext9x0CbdD9NWaa4nDj,4gpext9x0CbdD9NWaa4nDj,Amanda,Boston,1986,-14.06,major,1980
spotify:track:3O4TPMOgChXOerSdB5WENH,3O4TPMOgChXOerSdB5WENH,A Forest - Remastered Version,The Cure,1980,-11.271,major,1980
spotify:track:3k58VAgUkM9cSvRpjIVaC7,3k58VAgUkM9cSvRpjIVaC7,Is This Love - 2007 Remastered Version,Whitesnake,1987,-4.618,major,1980
spotify:track:4moXVLw4YS7tVNmjs8v60A,4moXVLw4YS7tVNmjs8v60A,Dancing In The Dark,Bruce Springsteen,1984,-12.12,major,1980
spotify:track:7qkW1FftvUU5S2P1eNEBjr,7qkW1FftvUU5S2P1eNEBjr,(Just Like) Starting Over,John Lennon,1980,-6.16,major,1980
spotify:track:3KYiA4vq6RPO1dE2XROXd8,3KYiA4vq6RPO1dE2XROXd8,You Give Love A Bad Name,Bon Jovi,1986,-3.002,minor,1980
spotify:track:0oWHLtxWeMJhmwxtrxhNK0,0oWHLtxWeMJhmwxtrxhNK0,Welcome To The Jungle,Guns N' Roses,1987,-8.066,major,1980
spotify:track:0vOkmmJEtjuFZDzrQSFzEE,0vOkmmJEtjuFZDzrQSFzEE,Hit Me With Your Best Shot,Pat Benatar,1980,-9.05,major,1980
spotify:track:4w09y5LHv5vJDZO4hWS846,4w09y5LHv5vJDZO4hWS846,Rock It (Prime Jive) - Remastered 2011,Queen,1980,-5.698,major,1980
spotify:track:4sr4NdrPfds9Qfors9UkiO,4sr4NdrPfds9Qfors9UkiO,Solid,Ashford & Simpson,1984,-12.017,major,1980
spotify:track:12fKpb9QgcHegCQYvKhejP,12fKpb9QgcHegCQYvKhejP,A Dream Away - Remastered,The Cars,1981,-8.91,major,1980
spotify:track:2tyW1uBUnYMKAFEfKDKi9B,2tyW1uBUnYMKAFEfKDKi9B,Livin' On A Prayer,Bon Jovi,1986,-10.912,major,1980
spotify:track:0Pty8SVxAew9j7eBOD8Kaa,0Pty8SVxAew9j7eBOD8Kaa,Older Girl,1986 Omega Tribe,1986,-12.724,major,1980
spotify:track:4lL4xJcnGCLl7JbW3nSP26,4lL4xJcnGCLl7JbW3nSP26,Umikaze Tsushin (海風通信),オメガトライブ,1983,-5.602,major,1980
spotify:track:2CLXW451BFgjvB9rCIlizC,2CLXW451BFgjvB9rCIlizC,In The Army Now,Status Quo,1986,-12.196,minor,1980
spotify:track:5RGXoZt1qxmAErdhbyKJKq,5RGXoZt1qxmAErdhbyKJKq,Boyz-N-The-Hood,Eazy-E,1987,-10.247,major,1980
spotify:track:22p7tgi6cFVBaH7vAbgcUY,22p7tgi6cFVBaH7vAbgcUY,River's Island,Kiyotaka Sugiyama,1984,-5.218,minor,1980
spotify:track:2WfaOiMkCvy7F5fcp2zZ8L,2WfaOiMkCvy7F5fcp2zZ8L,Take on Me,a-ha,1985,-7.638,minor,1980
spotify:track:7iLeu3HnJt7hkxfrqO55V4,7iLeu3HnJt7hkxfrqO55V4,Anything Goes,Guns N' Roses,1987,-7.281,major,1980
spotify:track:2ZBalNGwjqdKJd29O76wBV,2ZBalNGwjqdKJd29O76wBV,Heat Of The Moment,Asia,1982,-7.31,major,1980
spotify:track:4KFM3A5QF2IMcc6nHsu3Wp,4KFM3A5QF2IMcc6nHsu3Wp,Englishman In New York,Sting,1987,-17.707,major,1980
spotify:track:537yo062QIz16oQOgxmul3,537yo062QIz16oQOgxmul3,Human,The Human League,1986,-9.095,major,1980
spotify:track:47FyQCd3TYLrZ9TU6MPaWK,47FyQCd3TYLrZ9TU6MPaWK,Ace Of Spades,Motörhead,1980,-4.465,major,1980
spotify:track:75Eyxd1VgJKKIqMILFQ8mL,75Eyxd1VgJKKIqMILFQ8mL,Stay the Night Forever,オメガトライブ,1984,-8.174,major,1980
spotify:track:7nfGP5B3Pc508kEb6zL6r9,7nfGP5B3Pc508kEb6zL6r9,The Dead Heart - 2007 Remastered,Midnight Oil,1987,-11.004,major,1980
spotify:track:3Z9mE6hpkwil8jogHOy4Lk,3Z9mE6hpkwil8jogHOy4Lk,Tonight I'm Gonna Rock You Tonight,Spinal Tap,1984,-10.572,major,1980
spotify:track:4Kt9ktbH1rLPGSfc8YXpfr,4Kt9ktbH1rLPGSfc8YXpfr,Counterlight,1986 Omega Tribe,1987,-13.575,minor,1980
spotify:track:6IPIjf0vsB2um4Lb0v6nRE,6IPIjf0vsB2um4Lb0v6nRE,Mystify,INXS,1987,-6.138,minor,1980
spotify:track:0xuXRQJfxmdP6gvfDe2Z4L,0xuXRQJfxmdP6gvfDe2Z4L,Just Can't Get Enough - 2006 Remaster,Depeche Mode,1981,-9.374,major,1980
spotify:track:6oSvZCB4TiquW9eBfcrlAu,6oSvZCB4TiquW9eBfcrlAu,Just What I Like,Michael Cooper,1989,-11.293,major,1980
spotify:track:6mJQe0vTIojlxwyMwwy6YR,6mJQe0vTIojlxwyMwwy6YR,Think I'm In Love,Eddie Money,1983,-10.815,major,1980
spotify:track:0YL8rCxASTV9uBE9Sur0Ag,0YL8rCxASTV9uBE9Sur0Ag,Shower Me With Your Love,Surface,1988,-10.811,major,1980
spotify:track:7rxrTyHE6wCoWEThKZ4ltj,7rxrTyHE6wCoWEThKZ4ltj,君はIN the RAIN,オメガトライブ,1985,-5.467,major,1980
spotify:track:5tdKaKLnC4SgtDZ6RlWeal,5tdKaKLnC4SgtDZ6RlWeal,How Will I Know,Whitney Houston,1985,-12.697,major,1980
spotify:track:5ZBnVHVp7PyuQzlAJXoHQ9,5ZBnVHVp7PyuQzlAJXoHQ9,Down Home Blues,Z.Z. Hill,1981,-14.431,major,1980
spotify:track:4k0bXm9Q4RaTuYi09i4lKK,4k0bXm9Q4RaTuYi09i4lKK,Jump (For My Love),The Pointer Sisters,1989,-12.514,minor,1980
spotify:track:0usYFHAPoXjEK1UpzwPy0i,0usYFHAPoXjEK1UpzwPy0i,Where Eagles Dare - 1998 Remastered Version,Iron Maiden,1983,-7.183,minor,1980
spotify:track:1b5SISCI3nhthZFcVSLgIF,1b5SISCI3nhthZFcVSLgIF,Spread My Wings,Troop,1989,-10.714,major,1980
spotify:track:4aYOQDyN2wTOlt2mRQ6zef,4aYOQDyN2wTOlt2mRQ6zef,Secret Rendezvous,Karyn White,1988,-13.001,minor,1980
spotify:track:77eDrs7w2utSdbBdpbefol,77eDrs7w2utSdbBdpbefol,No me importa nada,Luz Casal,1989,-4.848,major,1980
spotify:track:2vEQ9zBiwbAVXzS2SOxodY,2vEQ9zBiwbAVXzS2SOxodY,Nothing's Gonna Stop Us Now,Starship,1987,-4.921,major,1980
spotify:track:5QcQcmeXFT0ayv8sBcnMYY,5QcQcmeXFT0ayv8sBcnMYY,Away,The Bolshoi,1986,-9.223,major,1980
spotify:track:3UCsoEI6l71mhwaiNM8DOD,3UCsoEI6l71mhwaiNM8DOD,I Got You,Split Enz,1987,-13.895,major,1980
spotify:track:7LoGfKBAaOl0nxhodJ1240,7LoGfKBAaOl0nxhodJ1240,Word Up,Cameo,1986,-13.105,minor,1980
spotify:track:0UhZkk4agmJpbMCvT3OgLG,0UhZkk4agmJpbMCvT3OgLG,Election Day,Arcadia,1985,-14.746,major,1980
spotify:track:14McuZa6Yi5pl1Ga8cA8gq,14McuZa6Yi5pl1Ga8cA8gq,Long Time Coming,Ready For The World,1986,-12.983,minor,1980
spotify:track:5EBWCGlCn65HM8Hglrc5V1,5EBWCGlCn65HM8Hglrc5V1,Come Back To Me,Janet Jackson,1989,-13.083,minor,1980
spotify:track:6EZDbjz2X5XzgIZCtbsrXh,6EZDbjz2X5XzgIZCtbsrXh,The Passenger,Siouxsie and the Banshees,1987,-4.544,minor,1980
spotify:track:6tM8cMX9S4AyRd5sDDrzhN,6tM8cMX9S4AyRd5sDDrzhN,Romeo Had Juliette,Lou Reed,1989,-13.069,major,1980
spotify:track:4i4QN9Zs5s7OZRRLIYHMmP,4i4QN9Zs5s7OZRRLIYHMmP,Souvenir - Remastered 2003,Orchestral Manoeuvres In The Dark,1981,-7.557,major,1980
spotify:track:5g0qn8cU7uTzbPwma79XdR,5g0qn8cU7uTzbPwma79XdR,Rhythm Is Gonna Get You,Gloria Estefan,1987,-12.793,minor,1980
spotify:track:39vsjFm9kU2FNubcqGMzED,39vsjFm9kU2FNubcqGMzED,Let's Get It Started,MC Hammer,1988,-12.223,minor,1980
spotify:track:01q4ccXbvPlCwZ1fPiFaeM,01q4ccXbvPlCwZ1fPiFaeM,Girlfriend in a Coma - 2011 Remaster,The Smiths,1987,-8.519,major,1980
spotify:track:3clIHVzJ9J2rvvrFUKLICo,3clIHVzJ9J2rvvrFUKLICo,She Bangs the Drums - Remastered,The Stone Roses,1989,-4.782,major,1980
spotify:track:0F0MA0ns8oXwGw66B2BSXm,0F0MA0ns8oXwGw66B2BSXm,Let's Dance - 1999 Remaster,David Bowie,1983,-9.414,minor,1980
spotify:track:2hBJgz4Ye9MkkmBbaDTTKx,2hBJgz4Ye9MkkmBbaDTTKx,Another Part of Me - 2012 Remaster,Michael Jackson,1987,-4.5,major,1980
spotify:track:4tmERaVkzL7X64Oku4vDo0,4tmERaVkzL7X64Oku4vDo0,Sail Away Sweet Sister - Remastered 2011,Queen,1980,-6.937,major,1980
spotify:track:6iX1f3r7oUJnMbGgQ2gx1j,6iX1f3r7oUJnMbGgQ2gx1j,867-5309 / Jenny,Tommy Tutone,1981,-10.039,major,1980
spotify:track:60TmG8cFPMBo7kTTFOLiAB,60TmG8cFPMBo7kTTFOLiAB,Electricity - 2003 Digital Remaster,Orchestral Manoeuvres In The Dark,1980,-5.215,minor,1980
spotify:track:3HCDGtLZabH3umLgwCBpDB,3HCDGtLZabH3umLgwCBpDB,Send Me An Angel,Real Life,1983,-4.831,minor,1980
spotify:track:1I6q6nwNjNgik1Qe8Oi0Y7,1I6q6nwNjNgik1Qe8Oi0Y7,Do You Really Want To Hurt Me,Culture Club,1982,-14.996,minor,1980
spotify:track:6xZPeWKW5hNc5v6V33ksz4,6xZPeWKW5hNc5v6V33ksz4,I'll Be Good To You,Bobby Brown,1988,-6.222,major,1980
spotify:track:54s7NH3Lnu8nlrX08VPwFI,54s7NH3Lnu8nlrX08VPwFI,Hot For Teacher,Van Halen,1984,-4.896,major,1980
spotify:track:07OzC5JlcaDwEkzWmvqp6y,07OzC5JlcaDwEkzWmvqp6y,Nasty,Janet Jackson,1986,-11.697,minor,1980
spotify:track:1j06ieEC2BOCM0fTmYhn2l,1j06ieEC2BOCM0fTmYhn2l,Alone Again,Dokken,1984,-9.002,minor,1980
spotify:track:6eozUVzr02EXMji1vuxgiP,6eozUVzr02EXMji1vuxgiP,Don't Wanna Fall in Love,Jane Child,1989,-11.226,major,1980
spotify:track:0XHGKdViVybbZKqEZ2tXqV,0XHGKdViVybbZKqEZ2tXqV,Beds Are Burning,Midnight Oil,1986,-11.8,major,1980
spotify:track:1GqgSodUhTUR8KwjxJfNPP,1GqgSodUhTUR8KwjxJfNPP,Change,Tears For Fears,1983,-4.69,minor,1980
spotify:track:2QIxieRCegkCSS2nDsBFRG,2QIxieRCegkCSS2nDsBFRG,君のハートはマリンブルー,オメガトライブ,1984,-5.512,minor,1980
spotify:track:1K1TFdBh7NrDyKiwiJEmsy,1K1TFdBh7NrDyKiwiJEmsy,Pretty in Pink,The Psychedelic Furs,1981,-5.955,major,1980
spotify:track:3ojDU1HhKEfdExIN6QsK8q,3ojDU1HhKEfdExIN6QsK8q,On Our Own,Bobby Brown,1989,-6.207,major,1980
spotify:track:7mLatcwUn8BLmVrgfFnzqC,7mLatcwUn8BLmVrgfFnzqC,Love Song,Simple Minds,1981,-13.678,major,1980
spotify:track:0u6CqsKqlArqFuMVKREXp9,0u6CqsKqlArqFuMVKREXp9,Never Can Say Goodbye,The Communards,1987,-6.931,major,1980
spotify:track:1pwE0jB6MTtTWx8fzqriAj,1pwE0jB6MTtTWx8fzqriAj,Bohemian Rhapsody - 2011 Remaster,Queen,1981,-9.973,minor,1980
spotify:track:0sOoGrE5PY5EBDQnR7Yysu,0sOoGrE5PY5EBDQnR7Yysu,"The Rain, The Park & Other Things - Single Version",The Cowsills,1988,-9.433,major,1980
spotify:track:0gGJO7JM51uAUu7EE2lxx6,0gGJO7JM51uAUu7EE2lxx6,I Surrender,Rainbow,1981,-5.259,minor,1980
spotify:track:7112WRQXlBGe4Os43yw8gV,7112WRQXlBGe4Os43yw8gV,King of Rock,Run–D.M.C.,1985,-3.389,minor,1980
spotify:track:4wvKPOCiOlZh6xwwympC8c,4wvKPOCiOlZh6xwwympC8c,Members Only,"Bobby ""Blue"" Bland",1985,-10.666,major,1980
spotify:track:2V8FnzDA3T6Jrc19HlHy9Z,2V8FnzDA3T6Jrc19HlHy9Z,Angel,Fra Lippo Lippi,1987,-14.807,major,1980
spotify:track:6C1YAAL2KFTlpqfZqVN5LD,6C1YAAL2KFTlpqfZqVN5LD,State Of The World,Janet Jackson,1989,-8.117,major,1980
spotify:track:1eyq8cjUQ2daFthW2PC2GM,1eyq8cjUQ2daFthW2PC2GM,Glory of Love,Peter Cetera,1986,-8.485,major,1980
spotify:track:48p5E25cFPanxuwCTmTpuL,48p5E25cFPanxuwCTmTpuL,The Promise,When In Rome,1988,-10.141,major,1980
spotify:track:00GfGwzlSB8DoA0cDP2Eit,00GfGwzlSB8DoA0cDP2Eit,Tender Lover,Babyface,1989,-6.346,major,1980
spotify:track:0Fe8UbYzUVBlW60IlcYpHE,0Fe8UbYzUVBlW60IlcYpHE,Pipes Of Peace - Remastered 2015,Paul McCartney,1983,-14.336,minor,1980
spotify:track:5izGeTxueiFX1UPFGohY9w,5izGeTxueiFX1UPFGohY9w,Addicted To Love,Robert Palmer,1985,-13.415,major,1980
spotify:track:0ozd432IdkUR3ItM8ieKt0,0ozd432IdkUR3ItM8ieKt0,Point of No Return,Exposé,1987,-9.411,major,1980
spotify:track:6F9yAYUaNbUhdlQyt5uZ3b,6F9yAYUaNbUhdlQyt5uZ3b,La Incondicional,Luis Miguel,1988,-4.352,major,1980
spotify:track:4P0uyibZjcXZLVeNOHBd8Q,4P0uyibZjcXZLVeNOHBd8Q,In Too Deep - 2007 Remaster,Genesis,1986,-9.646,major,1980
spotify:track:64UioB4Nmwgn2f4cbIpAkl,64UioB4Nmwgn2f4cbIpAkl,It's Still Rock and Roll to Me,Billy Joel,1980,-7.599,major,1980
spotify:track:3KwBXx4v79jKrITc0WBw6H,3KwBXx4v79jKrITc0WBw6H,Whip Appeal,Babyface,1989,-9.694,major,1980
spotify:track:18bWoys4FQwEp9ojZpbH4j,18bWoys4FQwEp9ojZpbH4j,Just Coolin' (feat. Heavy D.),Levert,1988,-14.513,minor,1980
spotify:track:5BugaNbZM9Lc7qUtd5FDir,5BugaNbZM9Lc7qUtd5FDir,Run To You,Bryan Adams,1984,-11.748,major,1980
spotify:track:0GQuzKlkH0otZ01oMFzsSu,0GQuzKlkH0otZ01oMFzsSu,You're Crazy,Guns N' Roses,1987,-7.074,major,1980
spotify:track:5jG3djnKEjdcJwidjYWtxL,5jG3djnKEjdcJwidjYWtxL,Eazy-er Said Than Dunn,Eazy-E,1988,-4.111,minor,1980
spotify:track:2CbgPrMwa0UWUdppsOIoTR,2CbgPrMwa0UWUdppsOIoTR,Boogie Down Bronx,Man Parrish,1983,-14.938,minor,1980
spotify:track:5JSMty4xsozv560lo6UxhM,5JSMty4xsozv560lo6UxhM,Is This Love - 2007 Remastered Version,Whitesnake,1987,-4.618,major,1980
spotify:track:6Nd6ntkzr4t8o1FKPGOSMt,6Nd6ntkzr4t8o1FKPGOSMt,Here I Go Again - 2018 Remaster,Whitesnake,1987,-6.763,major,1980
spotify:track:2MQ23MqDI0N9IVy8iaZddc,2MQ23MqDI0N9IVy8iaZddc,Catch Me (I'm Falling),Pretty Poison,1988,-11.816,major,1980
spotify:track:6t1FIJlZWTQfIZhsGjaulM,6t1FIJlZWTQfIZhsGjaulM,Video Killed The Radio Star,The Buggles,1980,-13.811,major,1980
spotify:track:7jsTBebfjKpkMaS8Ny12Un,7jsTBebfjKpkMaS8Ny12Un,Punch Drunk,Sade,1985,-11.852,major,1980
spotify:track:3zOGILD2cGfg9RDID1EEsX,3zOGILD2cGfg9RDID1EEsX,Remember What You Like,Jenny Burton,1983,-14.319,minor,1980
spotify:track:0DCzMvkONMvWDiOtVzyRUX,0DCzMvkONMvWDiOtVzyRUX,Dear Breeze,オメガトライブ,1985,-6.73,major,1980
spotify:track:1gpHMfSpviLSP9CNAeb5xt,1gpHMfSpviLSP9CNAeb5xt,Poem Without Words 2 - Journey By Night,Anne Clark,1987,-16.031,minor,1980
spotify:track:4cgodXjv4TfrooNQxvlO4O,4cgodXjv4TfrooNQxvlO4O,Atomic Dog,George Clinton,1982,-11.043,minor,1980
spotify:track:4kDl3770KCqW0FComaO3TV,4kDl3770KCqW0FComaO3TV,Light in Darkness,YELLOW MAGIC ORCHESTRA,1981,-10.265,major,1980
spotify:track:4KkGTqja19AHqItq3XBV3C,4KkGTqja19AHqItq3XBV3C,One,Three Dog Night,1982,-13.38,minor,1980
spotify:track:4RbdImUyfncUx7Jc7m0K9c,4RbdImUyfncUx7Jc7m0K9c,最後のナイト・フライト,オメガトライブ,1984,-5.667,minor,1980
spotify:track:1bcklQyAGzDxQiNMczMLt6,1bcklQyAGzDxQiNMczMLt6,Pour Some Sugar On Me,Def Leppard,1987,-4.897,minor,1980
spotify:track:3XDeeP9wBZzGhIPZmLfEEx,3XDeeP9wBZzGhIPZmLfEEx,Karma Chameleon,Culture Club,1983,-12.385,major,1980
spotify:track:0ZYf6N5eBeXStMri0mf3DZ,0ZYf6N5eBeXStMri0mf3DZ,Voices Carry,'Til Tuesday,1985,-9.044,major,1980
spotify:track:51Rzl0NM0JDcGa21IA8hDc,51Rzl0NM0JDcGa21IA8hDc,JOANNA,Kiyotaka Sugiyama,1985,-17.231,minor,1980
spotify:track:1wp0NDVViJ1DCoYct05RLh,1wp0NDVViJ1DCoYct05RLh,Burn - 2004 Remix,Deep Purple,1980,-6.72,major,1980
spotify:track:4buDeg67vos7KP1yHrS9wl,4buDeg67vos7KP1yHrS9wl,You Got It (The Right Stuff),New Kids On The Block,1988,-13.029,minor,1980
spotify:track:3XGBFBUEalGmIDcjvu4nrj,3XGBFBUEalGmIDcjvu4nrj,Bringing Home the Ashes,The Wild Swans,1988,-10.632,major,1980
spotify:track:6CfjAVG9FwmwRtxE8yEWlu,6CfjAVG9FwmwRtxE8yEWlu,Cum on Feel the Noize,Quiet Riot,1983,-4.216,minor,1980
spotify:track:0Qv7xi6uPSqH2k82tOkGSt,0Qv7xi6uPSqH2k82tOkGSt,Mad World,Tears For Fears,1983,-6.047,major,1980
spotify:track:1JSTJqkT5qHq8MDJnJbRE1,1JSTJqkT5qHq8MDJnJbRE1,Every Breath You Take,The Police,1983,-9.796,major,1980
spotify:track:2Nvw9xRjuuJnsDtgmd7Qnq,2Nvw9xRjuuJnsDtgmd7Qnq,I'll Be Good To You,Bobby Brown,1988,-9.488,major,1980
spotify:track:4RvJ5sXFvWt8n9HHt7yBRD,4RvJ5sXFvWt8n9HHt7yBRD,Summer Suspicion,オメガトライブ,1983,-5.314,minor,1980
spotify:track:3JbE6e17yvNdPggjPDrCyO,3JbE6e17yvNdPggjPDrCyO,"Lola - Live at Providence Civic Center, Providence, RI - September 1979",The Kinks,1980,-12.658,major,1980
spotify:track:12A0IAyIegPcMStxpk47YM,12A0IAyIegPcMStxpk47YM,Heaven's On Fire,KISS,1984,-6.053,major,1980
spotify:track:21brTVDh5Y3B3mA4z5yyaU,21brTVDh5Y3B3mA4z5yyaU,Silent Morning,Noel,1988,-10.885,minor,1980
spotify:track:74UH2neux1IsLGhW0IOG4j,74UH2neux1IsLGhW0IOG4j,You Belong to Him,1986 Omega Tribe,1986,-13.473,minor,1980
spotify:track:5TVcX5PEr29TRSqiHtHrqq,5TVcX5PEr29TRSqiHtHrqq,No One Like You,Scorpions,1982,-2.859,minor,1980
spotify:track:0iFlO6zAJQf5tAwScQXWOx,0iFlO6zAJQf5tAwScQXWOx,Amanece,Caifanes,1988,-5.343,major,1980
spotify:track:056uvAVDFOa7kv9idKPpf0,056uvAVDFOa7kv9idKPpf0,I See Your Smile,Gloria Estefan,1985,-8.984,major,1980
spotify:track:6QtDzKo8oVwnOx7Sg7jxUe,6QtDzKo8oVwnOx7Sg7jxUe,Over The Mountain,Ozzy Osbourne,1981,-3.563,minor,1980
spotify:track:09PFYYJuXJ961Kp8ZIxxpx,09PFYYJuXJ961Kp8ZIxxpx,Point of No Return,Nu Shooz,1986,-10.401,major,1980
spotify:track:29wJiSQcze8HEmxkUQykyp,29wJiSQcze8HEmxkUQykyp,Carrie,Europe,1986,-7.112,major,1980
spotify:track:4PUgCtazseRV9gXm8topvU,4PUgCtazseRV9gXm8topvU,You Can Be Mine,Janet Jackson,1986,-12.29,major,1980
spotify:track:20VSzRqyzeBZNuOiQEifBj,20VSzRqyzeBZNuOiQEifBj,Ghetto Man,Marvin Sease,1987,-11.644,major,1980
spotify:track:5ao8tEjVqtn9zx0YHvtNRU,5ao8tEjVqtn9zx0YHvtNRU,君は1000%,1986 Omega Tribe,1986,-12.873,minor,1980
spotify:track:0eKRwDBVWxCXWpLYFYrbd1,0eKRwDBVWxCXWpLYFYrbd1,Your Silent Face - 2015 Remaster,New Order,1983,-10.087,major,1980
spotify:track:2X6okzhnNPSzh9yxDMHHe3,2X6okzhnNPSzh9yxDMHHe3,U Got the Look,Prince,1987,-15.012,major,1980
spotify:track:0PdM2a6oIjqepoEfcJo0RO,0PdM2a6oIjqepoEfcJo0RO,Pour Some Sugar On Me - Remastered 2017,Def Leppard,1987,-4.899,minor,1980
spotify:track:7FwBtcecmlpc1sLySPXeGE,7FwBtcecmlpc1sLySPXeGE,Dancing In the Dark,Bruce Springsteen,1984,-5.64,minor,1980
spotify:track:1li0jGGRIaMaNNRBV8JXZ4,1li0jGGRIaMaNNRBV8JXZ4,The Final Countdown,Europe,1983,-3.803,minor,1980
spotify:track:6SIVSBnYbdVUcXJQJGDe0C,6SIVSBnYbdVUcXJQJGDe0C,Rescue Me,Al B. Sure!,1988,-13.594,major,1980
spotify:track:5yPctjzVZhi0UZppV0Vwbk,5yPctjzVZhi0UZppV0Vwbk,Stormbringer - 2009 remix,Deep Purple,1980,-7.645,minor,1980
spotify:track:0TaT50ZZxT4ytZxuqkE3A9,0TaT50ZZxT4ytZxuqkE3A9,Why Can't This Be Love,Van Halen,1986,-13.371,major,1980
spotify:track:6QJCZyJv1fhkCyZA3lRoAD,6QJCZyJv1fhkCyZA3lRoAD,Viento,Caifanes,1988,-5.947,minor,1980
spotify:track:6wpGqhRvJGNNXwWlPmkMyO,6wpGqhRvJGNNXwWlPmkMyO,I Still Haven't Found What I'm Looking For,U2,1987,-9.424,major,1980
spotify:track:0aZPhHp1DVNVS5HAWzpUsM,0aZPhHp1DVNVS5HAWzpUsM,Everybody Wants To Rule The World - Extended Version,Tears For Fears,1985,-11.766,major,1980
spotify:track:6cVHu0HmKo4oEOSOqooTa3,6cVHu0HmKo4oEOSOqooTa3,La Negra Tomasa - Bilongo - Versión Tropical,Caifanes,1988,-7.13,major,1980
spotify:track:7MmhQMfjXPF2AnqrmbqvVB,7MmhQMfjXPF2AnqrmbqvVB,Posse On Broadway,Sir Mix-A-Lot,1988,-15.114,major,1980
spotify:track:45PxL9PEi3AogpOyegTts8,45PxL9PEi3AogpOyegTts8,V. Thirteen,Big Audio Dynamite,1987,-17.183,minor,1980
spotify:track:4Y5yjzs9FFw5qIgfZBd43I,4Y5yjzs9FFw5qIgfZBd43I,"Living in America - From ""Rocky IV"" Soundtrack",James Brown,1985,-7.114,major,1980
spotify:track:4qjscZh4jfhkpcQG4ZQfi2,4qjscZh4jfhkpcQG4ZQfi2,Animal,Def Leppard,1987,-5.215,major,1980
spotify:track:6s1lXoCa6EmIGnr0GrwcJp,6s1lXoCa6EmIGnr0GrwcJp,The Boy with the Thorn in His Side - 2011 Remaster,The Smiths,1986,-6.516,major,1980
spotify:track:3S1RgaEOY4JxjIIS0kt5Nu,3S1RgaEOY4JxjIIS0kt5Nu,Staying Power - Remastered 2011,Queen,1982,-6.105,major,1980
spotify:track:4Yenz5JZZOUiZSeyKY8bDz,4Yenz5JZZOUiZSeyKY8bDz,Sign 'O' the Times,Prince,1987,-6.551,major,1980
spotify:track:26FJA5apYWeehOGnZdUPob,26FJA5apYWeehOGnZdUPob,Body Language - Remastered 2011,Queen,1982,-9.593,major,1980
spotify:track:6WkSUgo1VdpzgtiXKlFPcY,6WkSUgo1VdpzgtiXKlFPcY,Dammit,blink-182,1997,-5.122,major,1990
spotify:track:5qiDen4GXbcZixkS114QXw,5qiDen4GXbcZixkS114QXw,Hurricane,The Click,1995,-6.745,minor,1990
spotify:track:4XmsMIMjvDIFEjeY3ycMzW,4XmsMIMjvDIFEjeY3ycMzW,All 4 Love,Color Me Badd,1991,-8.29,major,1990
spotify:track:4WUnM4KNZ0kjp0CUeoyOnS,4WUnM4KNZ0kjp0CUeoyOnS,I Swear,All-4-One,1994,-9.658,minor,1990
spotify:track:35irxCsC8QXJ1IN0eioD3H,35irxCsC8QXJ1IN0eioD3H,Friend Of Mine - Remix,Kelly Price,1998,-8.346,minor,1990
spotify:track:3tRv4ZYZimrL27flnjgeR6,3tRv4ZYZimrL27flnjgeR6,Every You Every Me,Placebo,1998,-7.547,major,1990
spotify:track:5aJa1CiO5gUtBakMgXIk6f,5aJa1CiO5gUtBakMgXIk6f,Vapors,Snoop Dogg,1996,-3.781,major,1990
spotify:track:5K7AMlpc4796JRWXb26nCV,5K7AMlpc4796JRWXb26nCV,I'll Be,Edwin McCain,1997,-5.524,major,1990
spotify:track:0Rp4akmfqBTpbDM6EoqtNy,0Rp4akmfqBTpbDM6EoqtNy,Won't Get Fooled Again - Original Album Version,The Who,1994,-12.151,major,1990
spotify:track:0nNgYDUY4zx9KJAM6ZkPAs,0nNgYDUY4zx9KJAM6ZkPAs,That's The Way Love Is,Bobby Brown,1992,-6.335,minor,1990
spotify:track:6tBD4yjOf9P8rWwUlXdJFm,6tBD4yjOf9P8rWwUlXdJFm,Have You Ever,Brandy,1998,-6.246,major,1990
spotify:track:4vtXsXvSYaTfKQ0dJXbJGu,4vtXsXvSYaTfKQ0dJXbJGu,Dust N' Bones,Guns N' Roses,1991,-6.665,major,1990
spotify:track:21fXrzSxu2y51Yqf57QycI,21fXrzSxu2y51Yqf57QycI,Happily Ever After,Case,1999,-6.985,minor,1990
spotify:track:6q9CRTF8dyABIcKj7bCJwf,6q9CRTF8dyABIcKj7bCJwf,Fear Of The Dark - 1998 Remastered Version,Iron Maiden,1999,-8.786,minor,1990
spotify:track:7ABJ2azouB9EwEYzL9Tljt,7ABJ2azouB9EwEYzL9Tljt,Booti Call,Blackstreet,1994,-2.858,minor,1990
spotify:track:0rNqUrYiOu4tuEMdNgpqTO,0rNqUrYiOu4tuEMdNgpqTO,G Funk,Nancy Fletcher,1998,-6.599,major,1990
spotify:track:36MAwMm94K15Zrc2DrSxGE,36MAwMm94K15Zrc2DrSxGE,Sensitivity (Ralph's Rap),Ralph Tresvant,1990,-11.242,minor,1990
spotify:track:1dJNuQQ5Zp06oBlnwpiNzT,1dJNuQQ5Zp06oBlnwpiNzT,Mass Appeal,Gang Starr,1999,-4.386,minor,1990
spotify:track:6sHsXIJoEN5JpdkGMQDJxt,6sHsXIJoEN5JpdkGMQDJxt,The Boy Is Mine,Brandy,1998,-6.537,minor,1990
spotify:track:1Inq5p7LPUNq1W40hvTD7h,1Inq5p7LPUNq1W40hvTD7h,That's Right,DJ Taz,1997,-12.854,minor,1990
spotify:track:46RVKt5Edm1zl0rXhPJZxz,46RVKt5Edm1zl0rXhPJZxz,Down Under,Men At Work,1996,-4.7,minor,1990
spotify:track:1ds0ha8qvDdxNOSNv5NMIe,1ds0ha8qvDdxNOSNv5NMIe,With All My Heart,Chuckii Booker,1992,-7.88,major,1990
spotify:track:1GwdUrz7DujSedNxnzVfqI,1GwdUrz7DujSedNxnzVfqI,Beautiful Life,Ace of Base,1999,-6.969,minor,1990
spotify:track:2hMUJcAMtDEOj165WyTjXT,2hMUJcAMtDEOj165WyTjXT,Spinnin,Chuckii Booker,1992,-9.667,minor,1990
spotify:track:31tcr4OcLi2TXE5u4Iwhjc,31tcr4OcLi2TXE5u4Iwhjc,Right Down to It,Damian Dame,1991,-11.274,minor,1990
spotify:track:6xkryXuiZU360Lngd4sx13,6xkryXuiZU360Lngd4sx13,Fantasy,Mariah Carey,1995,-7.585,major,1990
spotify:track:40hRYfBECQqk5Bj3RNdPeY,40hRYfBECQqk5Bj3RNdPeY,Quik's Groove,DJ Quik,1991,-16.177,major,1990
spotify:track:6LwKnTZmR2Y6ciMQgW6Nd1,6LwKnTZmR2Y6ciMQgW6Nd1,3 Lil' Putos,Cypress Hill,1993,-11.12,minor,1990
spotify:track:7rdtBpPpe4knfd7aD98h9X,7rdtBpPpe4knfd7aD98h9X,Take Me to Your Heart,Michael Learns To Rock,1999,-10.358,minor,1990
spotify:track:6rQ9qJPvInEqSzlh89LsPJ,6rQ9qJPvInEqSzlh89LsPJ,Coco Jamboo - Radio Version,Mr. President,1996,-5.414,minor,1990
spotify:track:78fii1y8vrGtn5YtHEnpaN,78fii1y8vrGtn5YtHEnpaN,Ready Or Not,After 7,1997,-7.42,minor,1990
spotify:track:1cU34sZG9kF4FYHCoAD0Ib,1cU34sZG9kF4FYHCoAD0Ib,Some Kind Of Wonderful - Remastered 1999,Grand Funk Railroad,1999,-6.51,major,1990
spotify:track:2rkVoKVEMuct8SmEIGKzBw,2rkVoKVEMuct8SmEIGKzBw,Before I Let You Go,Blackstreet,1994,-6.725,minor,1990
spotify:track:7a35kVTnsXzlplOrxOIN9W,7a35kVTnsXzlplOrxOIN9W,Fairweather Friend,Johnny Gill,1990,-8.579,major,1990
spotify:track:6YYd5MLpu45J0uLrMdivF7,6YYd5MLpu45J0uLrMdivF7,Got Your Money (feat. Kelis),Ol' Dirty Bastard,1999,-7.654,major,1990
spotify:track:02KG9DpLT3bV4fzUM1bORW,02KG9DpLT3bV4fzUM1bORW,Aquí No Es Así,Caifanes,1994,-11.095,major,1990
spotify:track:2bWcKoMFFIHYiFLXOMIDSm,2bWcKoMFFIHYiFLXOMIDSm,Merry Go Round,Keith Sweat,1990,-13.143,minor,1990
spotify:track:4JqxdEkR2KWTBz7WB4fj3W,4JqxdEkR2KWTBz7WB4fj3W,Pocket Full of Stones,UGK,1992,-9.298,minor,1990
spotify:track:7CVYxHq1L0Z4G84jTDS6Jl,7CVYxHq1L0Z4G84jTDS6Jl,Don't Look Back In Anger - Remastered,Oasis,1995,-4.087,major,1990
spotify:track:0z4Ryh7Qg9jKOQXzkUZLVK,0z4Ryh7Qg9jKOQXzkUZLVK,"Front, Back & Side to Side",UGK,1994,-5.598,major,1990
spotify:track:29rQJydAlO0uMyWvRIZxQg,29rQJydAlO0uMyWvRIZxQg,That's The Way Love Goes,Janet Jackson,1993,-6.789,major,1990
spotify:track:34x6hEJgGAOQvmlMql5Ige,34x6hEJgGAOQvmlMql5Ige,"Danger Zone - From ""Top Gun"" Original Soundtrack",Kenny Loggins,1997,-6.056,minor,1990
spotify:track:3DuBDR9bgPOGsHQC8e5N9t,3DuBDR9bgPOGsHQC8e5N9t,Don't Wanna Love You,Shanice,1992,-11.686,minor,1990
spotify:track:74Zp9QiDrFZpBV949AMbUs,74Zp9QiDrFZpBV949AMbUs,Dammit,blink-182,1997,-5.069,major,1990
spotify:track:52yW8YAEwKcUZZVcflq3Fw,52yW8YAEwKcUZZVcflq3Fw,Remember The Time,Michael Jackson,1991,-2.383,minor,1990
spotify:track:7K6th4aUMwWWqu3WfqgCrT,7K6th4aUMwWWqu3WfqgCrT,Geesed,Whistle,1990,-17.881,major,1990
spotify:track:5zJAnQ1NFfks3SRbIRLVSM,5zJAnQ1NFfks3SRbIRLVSM,All The Places (I Will Kiss You),Aaron Hall,1998,-5.711,minor,1990
spotify:track:3RxF3Mz5wprRMopI8fp9uF,3RxF3Mz5wprRMopI8fp9uF,Crooklyn - Crooklyn/Soundtrack Version,Crooklyn Dodgers,1994,-9.742,major,1990
spotify:track:1KLhUURHRl72xGO5A94lme,1KLhUURHRl72xGO5A94lme,How Ya Do Dat,Young Bleed,1998,-9.313,major,1990
spotify:track:4h7wUvVV8Ff8UL7JqAByiL,4h7wUvVV8Ff8UL7JqAByiL,I Don't Wanna,Aaliyah,1999,-5.69,minor,1990
spotify:track:2N2yrmodOnVF10mKvItC9P,2N2yrmodOnVF10mKvItC9P,Don't Cry (Original),Guns N' Roses,1991,-8.638,major,1990
spotify:track:22RKxY3GXYzNiJu36nFueQ,22RKxY3GXYzNiJu36nFueQ,Hombre Al Agua - Remasterizado 2007,Soda Stereo,1997,-7.051,minor,1990
spotify:track:7pttadWh6YEfKqA5udf0VO,7pttadWh6YEfKqA5udf0VO,Latino Lingo (Latin Lingo) - Spanish Edit,Cypress Hill,1999,-8.503,major,1990
spotify:track:3zaXjodcrXLPj6Z8Wm3txR,3zaXjodcrXLPj6Z8Wm3txR,Humpin' Around,Bobby Brown,1993,-5.729,major,1990
spotify:track:4LwU4Vp6od3Sb08CsP99GC,4LwU4Vp6od3Sb08CsP99GC,The Next Episode,Dr. Dre,1999,-2.429,minor,1990
spotify:track:4nOGwuxFp5LIFe2Nj476xH,4nOGwuxFp5LIFe2Nj476xH,It Was A Good Day,Ice Cube,1992,-5.411,minor,1990
spotify:track:2dieHErJLwG7fOzD8WAtFO,2dieHErJLwG7fOzD8WAtFO,Lookin' at Me (feat. Puff Daddy),Mase,1997,-8.27,minor,1990
spotify:track:5Zg9kP038RXxEnx4pBWQ4o,5Zg9kP038RXxEnx4pBWQ4o,See You When I See You,Goodie Mob,1998,-6.101,major,1990
spotify:track:6MdqqkQ8sSC0WB4i8PyRuQ,6MdqqkQ8sSC0WB4i8PyRuQ,No Diggity,Blackstreet,1996,-4.674,minor,1990
spotify:track:2dsamqceYOKqLNx2Ch6Zhz,2dsamqceYOKqLNx2Ch6Zhz,Black Leather,Guns N' Roses,1993,-3.272,major,1990
spotify:track:47qnPNcK2qS7CFYK4hT06d,47qnPNcK2qS7CFYK4hT06d,Drive - Orchestral Live Version,Incubus,1999,-7.16,minor,1990
spotify:track:1ASMqs9x07lQPj4iMz46O3,1ASMqs9x07lQPj4iMz46O3,Liar,The Cranberries,1993,-9.331,minor,1990
spotify:track:2LP2NrdZlsabtHT0GUCwUa,2LP2NrdZlsabtHT0GUCwUa,Knockin' Da' Boots,H-Town,1998,-10.652,minor,1990
spotify:track:3YqH26H4kyG3usFtOc8v4P,3YqH26H4kyG3usFtOc8v4P,She's Got That Vibe,R. Kelly,1992,-10.239,major,1990
spotify:track:4yW29zSXMvOMtj2aDiqUOI,4yW29zSXMvOMtj2aDiqUOI,Got Me Waiting,Heavy D & The Boyz,1994,-15.968,minor,1990
spotify:track:7mrXW08W9eOrP5jxKOzhZq,7mrXW08W9eOrP5jxKOzhZq,New Jack Swing,Wreckx-N-Effect,1992,-5.495,major,1990
spotify:track:6bKuIK89XZFe5fwW8whUlK,6bKuIK89XZFe5fwW8whUlK,I'd Love You to Want Me,Lobo,1993,-9.96,major,1990
spotify:track:0yx5eBLk3AGOH5EruCqLDx,0yx5eBLk3AGOH5EruCqLDx,Hardcore Vibes,Dune,1995,-11.93,minor,1990
spotify:track:2EI8uljBPaI23VUr2tv4eS,2EI8uljBPaI23VUr2tv4eS,Jam,Michael Jackson,1991,-4.613,major,1990
spotify:track:0ZDcLapel9chZ15ZNuOdD4,0ZDcLapel9chZ15ZNuOdD4,I Ain't Mad At Cha,2Pac,1996,-5.889,minor,1990
spotify:track:0YOVFzGazR21xDobJvGkxx,0YOVFzGazR21xDobJvGkxx,Stranger In My House,Ronnie Milsap,1996,-8.601,major,1990
spotify:track:5t5rCnsgRBtcKqTB7SbD1Q,5t5rCnsgRBtcKqTB7SbD1Q,High Enough,Damn Yankees,1990,-9.612,major,1990
spotify:track:4i2AulhtnkEKFRoIupj32Q,4i2AulhtnkEKFRoIupj32Q,Whatever It Takes,Basic Black,1990,-10.076,major,1990
spotify:track:3WP3OIYgTAnfFuiQBvgzgi,3WP3OIYgTAnfFuiQBvgzgi,Silent Night,Boyz II Men,1993,-19.697,major,1990
spotify:track:3xMZoua2UaGidXpQ7sSQu7,3xMZoua2UaGidXpQ7sSQu7,Uhh Ahh - Sequel Version,Boyz II Men,1991,-16.415,minor,1990
spotify:track:3J5SeyQv9mh2eEMxAJ4iNg,3J5SeyQv9mh2eEMxAJ4iNg,Hail Mary,2Pac,1998,-6.493,minor,1990
spotify:track:4YPoYAJ41g1ErPWuoaZZyw,4YPoYAJ41g1ErPWuoaZZyw,"Get Up, Get On It (feat. Rude, Mellow Man Ace & Sen Dog)",Delinquent Habits,1998,-8.725,major,1990
spotify:track:6zZJkvtu3N9GhbSQdVzsKT,6zZJkvtu3N9GhbSQdVzsKT,I Still Love You,Next,1997,-10.49,minor,1990
spotify:track:1NyMdeeVDYizUcXHConsq6,1NyMdeeVDYizUcXHConsq6,Femininity,Eric Benét,1996,-4.778,major,1990
spotify:track:3zeyP0JnzXEx3uZLmpOdtP,3zeyP0JnzXEx3uZLmpOdtP,Brokenhearted,Brandy,1994,-11.928,major,1990
spotify:track:31er9IGsfFbwqy1pH4aiTP,31er9IGsfFbwqy1pH4aiTP,I Have Nothing,Whitney Houston,1992,-10.499,major,1990
spotify:track:2pwTzYUTIiwF7Pn8ygXD91,2pwTzYUTIiwF7Pn8ygXD91,California Love (remix),2Pac,1996,-4.197,major,1990
spotify:track:1vO74sgANNL6FF380qz5zb,1vO74sgANNL6FF380qz5zb,Cuando Pase El Temblor - En Vivo,Soda Stereo,1997,-10.614,major,1990
spotify:track:7cG3wfohoNDSp2M8FWrgTg,7cG3wfohoNDSp2M8FWrgTg,Bailando - Video Edit,Paradisio,1996,-7.817,minor,1990
spotify:track:4twhYPDyCP6ICeW3TtQVxP,4twhYPDyCP6ICeW3TtQVxP,Lovin' You,Minnie Riperton,1993,-12.494,major,1990
spotify:track:6IGvaQ4aFBjy66TdUurIiA,6IGvaQ4aFBjy66TdUurIiA,Donde Estas Corazon,Shakira,1995,-9.212,major,1990
spotify:track:4htbAEZWr53J08x3dUv00W,4htbAEZWr53J08x3dUv00W,Giving Him Something He Can Feel,En Vogue,1992,-10.175,minor,1990
spotify:track:6BxiFSFVzviEqe2eIaruLV,6BxiFSFVzviEqe2eIaruLV,Top of the World (feat. Mase),Brandy,1998,-5.739,major,1990
spotify:track:04xWapbcBAgNWGHGdhcxoR,04xWapbcBAgNWGHGdhcxoR,Certainly - Flipped It,Erykah Badu,1997,-8.634,minor,1990
spotify:track:62KoomDvjFXidGPpCsfW3Q,62KoomDvjFXidGPpCsfW3Q,"Biggie/Tupac Live Freestyle (Funkmaster Flex & Big Kap Feat. DJ Mister Cee, Notorious B.I.G & Tupac)",Funkmaster Flex,1999,-2.853,major,1990
spotify:track:09I1TnKW1WPtD8tnQxRtkD,09I1TnKW1WPtD8tnQxRtkD,You're Makin' Me High,Toni Braxton,1996,-8.668,minor,1990
spotify:track:7bp5DfkdK1OAvNJ1U4HfDA,7bp5DfkdK1OAvNJ1U4HfDA,Shadowboxin',GZA,1995,-10.11,major,1990
spotify:track:4akqDi0F86Avv9yhujAk9P,4akqDi0F86Avv9yhujAk9P,Before You Hit The Ground,Jonny Lang,1998,-5.854,minor,1990
spotify:track:6L9WzM01uxki7u0NTK6xLN,6L9WzM01uxki7u0NTK6xLN,Primavera 0,Soda Stereo,1997,-8.246,major,1990
spotify:track:7EHuEc9jaRJIH22ffHRcRe,7EHuEc9jaRJIH22ffHRcRe,Mama Always Told Me,Silkk The Shocker,1998,-8.252,major,1990
spotify:track:1AsRjeavWPH8sCQbjMP8Xh,1AsRjeavWPH8sCQbjMP8Xh,Up All Night,Slaughter,1995,-11.341,minor,1990
spotify:track:0pjOjoHMJrerHhiXNRs3GK,0pjOjoHMJrerHhiXNRs3GK,"Mr. Jones - Live At Chelsea Studios, New York/1997",Counting Crows,1998,-7.989,major,1990
spotify:track:3rNF3QG3xFER9YditvdLgQ,3rNF3QG3xFER9YditvdLgQ,Ball And Bun,Bun B,1998,-6.166,major,1990
spotify:track:1JlWJR79vYXwyaPMvlruCr,1JlWJR79vYXwyaPMvlruCr,I'm Real - Murder Remix,Jennifer Lopez,1999,-7.678,minor,1990
spotify:track:0Rqcf7GwEOIFg5VFMNIzHF,0Rqcf7GwEOIFg5VFMNIzHF,Mary Jane,Scarface,1997,-9.37,minor,1990
spotify:track:0mWi3EKhPDl42DL5LaHX38,0mWi3EKhPDl42DL5LaHX38,Good Stuff,Kelis,1999,-6.732,major,1990
spotify:track:00S23GuTVLTLFZcorgQpZ8,00S23GuTVLTLFZcorgQpZ8,Hey Girl,Levert,1990,-16.887,minor,1990
spotify:track:3Y8Ff1nH44jFywAtpgmleZ,3Y8Ff1nH44jFywAtpgmleZ,1979 - Remastered 2012,The Smashing Pumpkins,1995,-9.896,major,1990
spotify:track:58HfaJinOwdtvIusPS04Im,58HfaJinOwdtvIusPS04Im,Manto Estelar,Mœnia,1999,-6.603,major,1990
spotify:track:4Fqm5rqB0WMx0hPOwgRjFr,4Fqm5rqB0WMx0hPOwgRjFr,Dreams (Will Come Alive),2 Brothers On The 4th Floor,1994,-4.861,minor,1990
spotify:track:63xBnyUVKIupzjHno4wFs3,63xBnyUVKIupzjHno4wFs3,Into The Great Wide Open,Tom Petty and the Heartbreakers,1991,-9.727,minor,1990
spotify:track:2rZb7Go59XDakdFCnIz9o7,2rZb7Go59XDakdFCnIz9o7,I'm Gonna Be Alright,Jennifer Lopez,1999,-4.499,minor,1990
spotify:track:7KCTbCIcb2acPttGcCkKbe,7KCTbCIcb2acPttGcCkKbe,Canción Animal - Remasterizado 2007,Soda Stereo,1997,-6.683,minor,1990
spotify:track:4o1E2c0ye1RlIJJqOM0dqP,4o1E2c0ye1RlIJJqOM0dqP,Knocks Me Off My Feet,Donell Jones,1996,-8.209,major,1990
spotify:track:263aNAQCeFSWipk896byo6,263aNAQCeFSWipk896byo6,Friday I'm in Love,The Cure,1992,-12.437,minor,1990
spotify:track:2nNKXDFRz6cog1kolC3efq,2nNKXDFRz6cog1kolC3efq,Giving You The Benefit,Pebbles,1990,-10.496,minor,1990
spotify:track:3p1oRfbN2RrDdSyG8S7itI,3p1oRfbN2RrDdSyG8S7itI,"The Gangsta, The Killa And The Dope Dealer",Westside Connection,1996,-7.284,major,1990
spotify:track:7hfRrdFJgFKK3cJ4rmkecE,7hfRrdFJgFKK3cJ4rmkecE,Feel so Good,Mase,1997,-8.464,minor,1990
spotify:track:1zng9uqqXoPkmU05nsAlsw,1zng9uqqXoPkmU05nsAlsw,Bed Of Roses,Bon Jovi,1992,-5.599,major,1990
spotify:track:1yo16b3u0lptm6Cs7lx4AD,1yo16b3u0lptm6Cs7lx4AD,Fight The Power,Public Enemy,1990,-12.97,major,1990
spotify:track:2hMk3VNicbCoV8I81m7Z3q,2hMk3VNicbCoV8I81m7Z3q,Age Ain't Nothing But a Number,Aaliyah,1994,-8.572,minor,1990
spotify:track:7gXdAqJLCa5aYUeLVxosOz,7gXdAqJLCa5aYUeLVxosOz,Knockin' On Heaven's Door,Guns N' Roses,1991,-7.248,major,1990
spotify:track:0SLtqCrXBRrnkxSOMA3X4W,0SLtqCrXBRrnkxSOMA3X4W,Let Me Entertain You,Robbie Williams,1997,-5.022,major,1990
spotify:track:0Jg602cHeMCnPez9baacIe,0Jg602cHeMCnPez9baacIe,Cotton Eye Joe,Rednex,1995,-7.788,minor,1990
spotify:track:6lav2xdHxN1Titi7erHURh,6lav2xdHxN1Titi7erHURh,For the Love of Money / Living for the City (feat. Queen Latifah),Troop,1991,-8.77,minor,1990
spotify:track:30eW6IlBK3wCwcB8TsPXua,30eW6IlBK3wCwcB8TsPXua,Hip 2 Da Game,Lord Finesse,1996,-6.0,major,1990
spotify:track:6Xio661Y2iL7SDKFFOG9cv,6Xio661Y2iL7SDKFFOG9cv,Who Got Da Props,Black Moon,1993,-11.251,minor,1990
spotify:track:2NxgsA7eJXj8sBSsoKP3OT,2NxgsA7eJXj8sBSsoKP3OT,Can You Feel Me,Dru Down,1996,-7.36,minor,1990
spotify:track:0Zze3tFRSNwL6KllmYjLgZ,0Zze3tFRSNwL6KllmYjLgZ,Anywhere,112,1998,-7.806,major,1990
spotify:track:5SnOyuBtyzufoXBAKOdcxD,5SnOyuBtyzufoXBAKOdcxD,The Unforgiven,Metallica,1991,-9.581,major,1990
spotify:track:2BDRHFw5170t2kRHD3uEMU,2BDRHFw5170t2kRHD3uEMU,I Wanna Love You,Jade,1992,-9.79,minor,1990
spotify:track:17Xg5u8fDHRJCw09JgycAD,17Xg5u8fDHRJCw09JgycAD,No Mo Play In G.A.,Pastor Troy,1999,-5.696,major,1990
spotify:track:1ODEng2FFlNltR6S949ynx,1ODEng2FFlNltR6S949ynx,No Need To Argue,The Cranberries,1994,-22.19,major,1990
spotify:track:76YDsWGWezclVy9Z6sDGhf,76YDsWGWezclVy9Z6sDGhf,Da' Dip,Freak Nasty,1996,-17.199,major,1990
spotify:track:0IEvbpIyDb26zwhnFGzuLb,0IEvbpIyDb26zwhnFGzuLb,Somethin Serious,Big Mike,1994,-10.506,major,1990
spotify:track:7Hj5QvOZvdZKtlBuq8nTXE,7Hj5QvOZvdZKtlBuq8nTXE,Universal Heart-Beat,Juliana Hatfield,1995,-7.978,major,1990
spotify:track:7pHh9sGZfb7AMoi4NLLYTo,7pHh9sGZfb7AMoi4NLLYTo,Got To Give It Up (Pt. 1),Marvin Gaye,1995,-9.354,minor,1990
spotify:track:4VwPsMcRt1HPVKIdcwY9Uj,4VwPsMcRt1HPVKIdcwY9Uj,Outshined,Soundgarden,1991,-6.068,minor,1990
spotify:track:3C09tEhYKCysPOVqmJxOTN,3C09tEhYKCysPOVqmJxOTN,Fu-Gee-La,Fugees,1996,-11.709,major,1990
spotify:track:5PXvw5Snn4kVo7vyYHjUpC,5PXvw5Snn4kVo7vyYHjUpC,Here We Go Again!,Portrait,1992,-9.939,minor,1990
spotify:track:2vgQwfsIeahfaFrwBUtm67,2vgQwfsIeahfaFrwBUtm67,Know What I'm Sayin'?,Latin Alliance,1991,-14.096,major,1990
spotify:track:1gij27s31tFKcTHa8f1u4g,1gij27s31tFKcTHa8f1u4g,Hard as a Rock,AC/DC,1995,-5.642,major,1990
spotify:track:1bkFXA5iQCsBVh2toczCMK,1bkFXA5iQCsBVh2toczCMK,Throw Yo Hood Up,Silkk The Shocker,1998,-6.781,minor,1990
spotify:track:5Z6SweXP6EyUe3Q4zaEnwZ,5Z6SweXP6EyUe3Q4zaEnwZ,Stone Cold Gentleman,Ralph Tresvant,1990,-9.35,minor,1990
spotify:track:1yknkOZLGA8MPWMBrwBBcq,1yknkOZLGA8MPWMBrwBBcq,You Don't Know,702,1999,-10.639,minor,1990
spotify:track:6AOsz26oASRoCK1Cm1ioJP,6AOsz26oASRoCK1Cm1ioJP,I Wanna Be the One,Stevie B,1991,-8.579,minor,1990
spotify:track:5DkcXm9nsEEz1LGCTTms7R,5DkcXm9nsEEz1LGCTTms7R,Please Don't Go,Timmy T,1990,-11.724,major,1990
spotify:track:7F8uVHZGTY9AabhTWVnr1T,7F8uVHZGTY9AabhTWVnr1T,Throw Your Hands Up,8Ball,1999,-7.46,major,1990
spotify:track:00xNAPrC9MS0yzRXUvrixS,00xNAPrC9MS0yzRXUvrixS,I Know What You Need,R. Kelly,1992,-11.171,major,1990
spotify:track:7vhhU4SsMDV8uSQlCxf1Lk,7vhhU4SsMDV8uSQlCxf1Lk,Say It Ain't So,Weezer,1994,-7.136,major,1990
spotify:track:6FMbRkntFOPQOiB059MQ4x,6FMbRkntFOPQOiB059MQ4x,Get It Together - Remastered 2009,Beastie Boys,1994,-6.513,major,1990
spotify:track:4BdPYaw5KvboXSej5XZpAW,4BdPYaw5KvboXSej5XZpAW,Bad Religion,Godsmack,1998,-5.657,major,1990
spotify:track:4Ghq7XXreyLUJmmRBGlbbw,4Ghq7XXreyLUJmmRBGlbbw,Afroman,Plastilina Mosh,1998,-9.363,minor,1990
spotify:track:5aFLEMNvORv8MXpd4lR0HQ,5aFLEMNvORv8MXpd4lR0HQ,So Many Tears,2Pac,1995,-7.605,major,1990
spotify:track:47TqCCnEliDp8NRDyIQoQq,47TqCCnEliDp8NRDyIQoQq,You Make Me Wanna...,Usher,1997,-7.577,minor,1990
spotify:track:2Biy0tRkZTGxGH8axDwnqP,2Biy0tRkZTGxGH8axDwnqP,The Bomb (These Sounds Fall Into My Mind),The Bucketheads,1995,-3.57,major,1990
spotify:track:15VRO9CQwMpbqUYA7e6Hwg,15VRO9CQwMpbqUYA7e6Hwg,The Man Who Sold The World,Nirvana,1994,-8.937,minor,1990
spotify:track:0V0WtaKdSJIyRd6ODjF0hx,0V0WtaKdSJIyRd6ODjF0hx,Braids & Fades - Feat. Slim Thug,E.S.G.,1999,-4.799,minor,1990
spotify:track:5QFJQXKRRKpEumd5BE8raa,5QFJQXKRRKpEumd5BE8raa,The Watcher,Dr. Dre,1999,-3.489,major,1990
spotify:track:45kxlys2BuDewfI74oLTbz,45kxlys2BuDewfI74oLTbz,Dinah,Blacknuss,1996,-7.348,minor,1990
spotify:track:7lPWSar299hReGsKkZiheA,7lPWSar299hReGsKkZiheA,I Just Wanna Die,Geto Boys,1996,-7.573,minor,1990
spotify:track:4mVLzFbc3gaCoWCEENLouc,4mVLzFbc3gaCoWCEENLouc,Domino Dancing,Pet Shop Boys,1998,-9.781,minor,1990
spotify:track:0C6EIiQu8CS4eYtOCMEiAd,0C6EIiQu8CS4eYtOCMEiAd,Policy Of Truth - 2006 Remastered Version,Depeche Mode,1990,-7.301,major,1990
spotify:track:1GrikfH0jDejDvrxo84n4P,1GrikfH0jDejDvrxo84n4P,Together Again,Janet Jackson,1997,-8.942,major,1990
spotify:track:4EmdSvY5pvzu9COEtPOiR0,4EmdSvY5pvzu9COEtPOiR0,"Why You Get Funky On Me - From ""House Party"" Soundtrack",Today,1990,-10.766,major,1990
spotify:track:3UhwS81S9L7i2byZCrhSAv,3UhwS81S9L7i2byZCrhSAv,Funky Child,Lords Of The Underground,1993,-9.532,minor,1990
spotify:track:5TSGkftHMr8e9jea3tbjTJ,5TSGkftHMr8e9jea3tbjTJ,My Ex-Girlfriend,Tony! Toni! Toné!,1993,-9.882,major,1990
spotify:track:4bEqHXsdbYBOghD2DUYROa,4bEqHXsdbYBOghD2DUYROa,Message In A Bottle,The Police,1995,-7.516,minor,1990
spotify:track:3TW48DvQ7ChwY1Yy1tkMaP,3TW48DvQ7ChwY1Yy1tkMaP,Runaway Train,Soul Asylum,1992,-7.957,major,1990
spotify:track:1EoQsWMhGojPMVnGx0JySy,1EoQsWMhGojPMVnGx0JySy,Everybody Knows (The River Song),O.V. Wright,1992,-14.228,minor,1990
spotify:track:4UZlEcQmkAeh4mYokk8TNs,4UZlEcQmkAeh4mYokk8TNs,Let's Ride,Q-Tip,1999,-4.171,major,1990
spotify:track:3EXrtClWmgsM7dw75Mw2M1,3EXrtClWmgsM7dw75Mw2M1,When You're Gone,The Cranberries,1996,-7.138,major,1990
spotify:track:79qWg1ZfVYvMm85ukY2yYp,79qWg1ZfVYvMm85ukY2yYp,Hittin Skinz,Big Bub,1992,-10.667,major,1990
spotify:track:6ld0SjdFPdZtoWBxzn0Ytp,6ld0SjdFPdZtoWBxzn0Ytp,I Seen a Man Die,Scarface,1994,-5.523,major,1990
spotify:track:7IfywdSxY0okFji12beS6Y,7IfywdSxY0okFji12beS6Y,Now I Feel Ya,Scarface,1993,-14.231,major,1990
spotify:track:2vytyWClpsahqcL6NibSE3,2vytyWClpsahqcL6NibSE3,Gangstas Make The World Go Round,Westside Connection,1996,-8.22,major,1990
spotify:track:4VcV0t8VN6AZcWTznJOUUN,4VcV0t8VN6AZcWTznJOUUN,Stroke You Up,Changing Faces,1994,-3.438,minor,1990
spotify:track:77sDjYMDyBAOpjpRXljrbI,77sDjYMDyBAOpjpRXljrbI,What Are You Doing New Year's Eve? - Remastered,Nancy Wilson,1996,-14.745,major,1990
spotify:track:0Ui05Ov0s4PnRc4JI3Pilg,0Ui05Ov0s4PnRc4JI3Pilg,My Favourite Game,The Cardigans,1998,-6.185,minor,1990
spotify:track:20LxTsa6936zOlzTWqoPVt,20LxTsa6936zOlzTWqoPVt,The Next Episode,Dr. Dre,1999,-2.398,minor,1990
spotify:track:0t6u4mHewKI5Ktl6Fo0dH1,0t6u4mHewKI5Ktl6Fo0dH1,"Ronnie, Bobby, Ricky, MIke, Ralph And Johnny (Word To The Mutha)!",Bell Biv DeVoe,1990,-8.041,minor,1990
spotify:track:3XKIUb7HzIF1Vu9usunMzc,3XKIUb7HzIF1Vu9usunMzc,Maria Maria (feat. The Product G&B) - Radio Mix,Santana,1999,-5.931,major,1990
spotify:track:1ZNSuZeIV1StSeMaqRf412,1ZNSuZeIV1StSeMaqRf412,Never Should've Let You Go,Hi-Five,1993,-10.315,major,1990
spotify:track:3X3XuCPTC95ARm9SguWsIa,3X3XuCPTC95ARm9SguWsIa,Sweet Thing,Mary J. Blige,1992,-7.86,major,1990
spotify:track:6n7GUf2h8D2Ad2wUy5s7nE,6n7GUf2h8D2Ad2wUy5s7nE,Lucky,Radiohead,1997,-9.813,minor,1990
spotify:track:0I0VDjGtm7F1lu5UiinV1b,0I0VDjGtm7F1lu5UiinV1b,Just Got Paid,Johnny Kemp,1996,-6.342,major,1990
spotify:track:4GHG80QW7qKZZTjfMw1QTy,4GHG80QW7qKZZTjfMw1QTy,"Merry Christmas, Baby - Remastered",Charles Brown,1992,-21.025,major,1990
spotify:track:647hl7pmyBzEhNQ5olMtr8,647hl7pmyBzEhNQ5olMtr8,Tus Ojos,Gloria Estefan,1993,-8.399,major,1990
spotify:track:1d0GYRpnCb0XNQcQdKhfKL,1d0GYRpnCb0XNQcQdKhfKL,You Mean the World to Me,Toni Braxton,1993,-6.648,major,1990
spotify:track:0yfNXxlyXdmP0ue1iJijx1,0yfNXxlyXdmP0ue1iJijx1,Come Undone,Duran Duran,1993,-8.203,major,1990
spotify:track:1h20yRsf5WeuHbohrlfcCt,1h20yRsf5WeuHbohrlfcCt,Me Or The Papes,Jeru The Damaja,1996,-10.741,minor,1990
spotify:track:4WxQGUmWBRNovxlF2g8Xdv,4WxQGUmWBRNovxlF2g8Xdv,The Humpty Dance,Digital Underground,1990,-8.0,minor,1990
spotify:track:34Ai7jMLLwZdJSGadARhLK,34Ai7jMLLwZdJSGadARhLK,Every Time My Heart Beats,Riff,1991,-9.139,major,1990
spotify:track:5G8c5a3ndzhKoEGvYQVa91,5G8c5a3ndzhKoEGvYQVa91,My Mind Playin Tricks On Me,Geto Boys,1992,-8.267,minor,1990
spotify:track:3ywXd57iSPA37YT0BtmP3u,3ywXd57iSPA37YT0BtmP3u,When We Get By,D'Angelo,1995,-11.514,major,1990
spotify:track:724NYR1ypcPyLlaje9TgFS,724NYR1ypcPyLlaje9TgFS,Soy 18 With a Bullet,Spanish Fly,1995,-8.318,major,1990
spotify:track:765nnyhp6uf91KO8xAPqjS,765nnyhp6uf91KO8xAPqjS,Muévete (Make A Move) - Spanish Edit,Cypress Hill,1999,-10.209,major,1990
spotify:track:0fFotmAiRwLfpogfYs48PQ,0fFotmAiRwLfpogfYs48PQ,Lavender,Marillion,1992,-6.112,major,1990
spotify:track:3H1WufSXLnOPckdJnFDbtF,3H1WufSXLnOPckdJnFDbtF,Leflaur Leflah Eshkoshka,Heltah Skeltah,1996,-10.879,minor,1990
spotify:track:2OWzR8QoH7KaLtiN65v32x,2OWzR8QoH7KaLtiN65v32x,Hard To Say I'm Sorry,Az Yet,1996,-9.949,minor,1990
spotify:track:4cqiLvFRDuV8ClE61eMmZx,4cqiLvFRDuV8ClE61eMmZx,Never Alone,2 Brothers On The 4th Floor,1994,-4.512,minor,1990
spotify:track:6M3lqzrkzSKrBehkeAxTXc,6M3lqzrkzSKrBehkeAxTXc,Ghetto Bird - Remastered,Ice Cube,1993,-8.697,minor,1990
spotify:track:21xVx0n3qonzK2PXah9M1S,21xVx0n3qonzK2PXah9M1S,The Urban Theme,Maxwell,1996,-7.4,minor,1990
spotify:track:3xhXKRGahWzcXF8rD5gUvd,3xhXKRGahWzcXF8rD5gUvd,Nothing Even Matters,Ms. Lauryn Hill,1998,-13.888,minor,1990
spotify:track:2ahnofp2LbBWDXcJbMaSTu,2ahnofp2LbBWDXcJbMaSTu,What Is Love,Haddaway,1993,-7.907,minor,1990
spotify:track:3fNf71Ktya4CYMqGM6eRud,3fNf71Ktya4CYMqGM6eRud,Stupid Girl,Garbage,1995,-4.81,minor,1990
spotify:track:4o7ZPI2fmEi3piRe0Hrfpy,4o7ZPI2fmEi3piRe0Hrfpy,Hey Jealousy,Gin Blossoms,1992,-8.407,minor,1990
spotify:track:0VFJiOs6UOzmFCYFaTumKo,0VFJiOs6UOzmFCYFaTumKo,Doo Doo Brown,2 Hyped Brothers & A Dog,1991,-13.632,minor,1990
spotify:track:4rBgm0zIGwwAhuUibPehy2,4rBgm0zIGwwAhuUibPehy2,Send Me An Angel,Scorpions,1990,-11.601,major,1990
spotify:track:1ohbjkuczl6hEoYEo931PH,1ohbjkuczl6hEoYEo931PH,Sing Hallelujah!,Dr. Alban,1992,-7.268,minor,1990
spotify:track:6KYOzBfCt8uGxQrVG8UhcJ,6KYOzBfCt8uGxQrVG8UhcJ,Nights Like This,After 7,1997,-7.017,major,1990
spotify:track:4VOSwu01kbILSLnLTD6oG0,4VOSwu01kbILSLnLTD6oG0,Anotha Day Anotha Balla,South Circle,1995,-6.454,major,1990
spotify:track:3pz19CAY4yX7FSnTWDu3La,3pz19CAY4yX7FSnTWDu3La,Completamente Enamorados,Chayanne,1990,-13.336,major,1990
spotify:track:5cZqsjVs6MevCnAkasbEOX,5cZqsjVs6MevCnAkasbEOX,Break Stuff,Limp Bizkit,1999,-6.659,major,1990
spotify:track:6phmKeRhJUsiSBJgMkgjg8,6phmKeRhJUsiSBJgMkgjg8,Alwayz Into Somethin',N.W.A.,1991,-4.522,major,1990
spotify:track:0Uro2xUVsEHQNKR5QL4Lku,0Uro2xUVsEHQNKR5QL4Lku,Fake Plastic Trees,Radiohead,1995,-12.592,major,1990
spotify:track:2yOm4lN7aTygtXanJFNFWU,2yOm4lN7aTygtXanJFNFWU,"Any Time, Any Place",Janet Jackson,1993,-11.309,major,1990
spotify:track:7foHBs2UUa9YX4UWQlOfiC,7foHBs2UUa9YX4UWQlOfiC,Where Dem Dollas At (feat. DJ Paul & Juicy J),Gangsta Boo,1998,-8.891,major,1990
spotify:track:3XC7Jd6SfrQYKZJ6inyRHK,3XC7Jd6SfrQYKZJ6inyRHK,The House of the Rising Sun,The Animals,1992,-9.11,minor,1990
spotify:track:5iKYZAcAchghry6h8Iu5IL,5iKYZAcAchghry6h8Iu5IL,Get It On Tonite,Montell Jordan,1999,-9.78,minor,1990
spotify:track:3RTBg6BKtmN7TamQiLEebB,3RTBg6BKtmN7TamQiLEebB,Alien Nation,Scorpions,1993,-3.82,major,1990
spotify:track:2bXI4Rbw1D7aVeHWLjn1Lb,2bXI4Rbw1D7aVeHWLjn1Lb,Machine Gun Funk - 2006 Remaster,The Notorious B.I.G.,1994,-5.317,minor,1990
spotify:track:62P5C3fXhFl3PkNMWzGcoK,62P5C3fXhFl3PkNMWzGcoK,Then Came You,TPE featuring Adam Marano,1994,-10.145,major,1990
spotify:track:69Op4XR486hl5LSiBtPHmp,69Op4XR486hl5LSiBtPHmp,Claroscuro,Soda Stereo,1997,-10.048,major,1990
spotify:track:5wcY4XgawQ2se8VjDLhedQ,5wcY4XgawQ2se8VjDLhedQ,Wu-Tang: 7th Chamber,Wu-Tang Clan,1993,-11.457,major,1990
spotify:track:4veUi0IuVGJ6Yh8gM1N6Vb,4veUi0IuVGJ6Yh8gM1N6Vb,Just To See Her,Smokey Robinson,1997,-9.574,minor,1990
spotify:track:5buITai6eMzU8rJonMEI6e,5buITai6eMzU8rJonMEI6e,Glycerine - Remastered,Bush,1994,-11.384,major,1990
spotify:track:4P0EVqfv3bAlghLra4ueOv,4P0EVqfv3bAlghLra4ueOv,Cada Dia Que Pasa,Guayacán Orquesta,1990,-5.779,minor,1990
spotify:track:0KhXVmAN4sqeEgsqRd39f2,0KhXVmAN4sqeEgsqRd39f2,You Used to Love Me,Faith Evans,1995,-8.195,major,1990
spotify:track:1QDsm9dZ4IETeluYNER6rX,1QDsm9dZ4IETeluYNER6rX,Everyday & Everynight - Straight Pass,Yvette Michele,1997,-5.609,minor,1990
spotify:track:5BDs2KeMpNXSFVwCFOWD2C,5BDs2KeMpNXSFVwCFOWD2C,When I Hear Music,Debbie Deb,1995,-8.459,major,1990
spotify:track:6J6RWKCPN5RFKHUKEUFjxS,6J6RWKCPN5RFKHUKEUFjxS,Step by Step,New Kids On The Block,1990,-12.295,major,1990
spotify:track:0zPlMUMeYe9GoqN8mzaFst,0zPlMUMeYe9GoqN8mzaFst,The Seeker - Edit,The Who,1996,-6.847,major,1990
spotify:track:1pKYYY0dkg23sQQXi0Q5zN,1pKYYY0dkg23sQQXi0Q5zN,Around the World,Daft Punk,1997,-5.311,major,1990
spotify:track:5ho8fuTb1GIvakAGy0ZbWD,5ho8fuTb1GIvakAGy0ZbWD,I Need A Lover,John Mellencamp,1997,-8.303,major,1990
spotify:track:4bbqwN4wm3bOHsCyXPR2XD,4bbqwN4wm3bOHsCyXPR2XD,My Phone,Jodeci,1991,-11.597,minor,1990
spotify:track:3D6xxbFiyPRduSUowHbjSP,3D6xxbFiyPRduSUowHbjSP,Something In Common,Whitney Houston,1992,-7.81,minor,1990
spotify:track:6a9LBz9XcjkfyDptahGIO5,6a9LBz9XcjkfyDptahGIO5,Real Niggaz Don't Die,N.W.A.,1996,-5.743,major,1990
spotify:track:4fIjxAZjZLcJNygHWsFrLl,4fIjxAZjZLcJNygHWsFrLl,Shed a Tear,Delinquent Habits,1998,-8.538,minor,1990
spotify:track:4RRvVSpreSh8psHZodRUU7,4RRvVSpreSh8psHZodRUU7,Severe Punishment,Wu-Tang Clan,1997,-6.772,minor,1990
spotify:track:2Lv1EpgTXrZ2gzJfoNGVnw,2Lv1EpgTXrZ2gzJfoNGVnw,Piel Morena,Thalía,1995,-6.069,minor,1990
spotify:track:0weAUscowxeqDtpCgtbpgp,0weAUscowxeqDtpCgtbpgp,Gettin' Jiggy Wit It,Will Smith,1997,-4.505,major,1990
spotify:track:0b5w1gamS9f239Sms9guAB,0b5w1gamS9f239Sms9guAB,They Don't Know,Jon B.,1997,-10.722,major,1990
spotify:track:4dPKQxaraW6CG1rTBzV6DW,4dPKQxaraW6CG1rTBzV6DW,My Iron Lung,Radiohead,1995,-8.4,major,1990
spotify:track:0Sizq91V0brNa9RBpMfeOB,0Sizq91V0brNa9RBpMfeOB,Here I Go,Mystikal,1995,-4.992,minor,1990
spotify:track:27LvxLKUfzL6b6WMdOQAVU,27LvxLKUfzL6b6WMdOQAVU,"No Shorts, No Losses",Bone Thugs-N-Harmony,1995,-10.647,major,1990
spotify:track:3FUS56gKr9mVBmzvlnodlh,3FUS56gKr9mVBmzvlnodlh,Killing In the Name,Rage Against The Machine,1992,-6.323,major,1990
spotify:track:69TENP7mK0C1Qxgi4dpsDp,69TENP7mK0C1Qxgi4dpsDp,Sure Boy,Rahsaan Patterson,1999,-6.272,minor,1990
spotify:track:2V37zhzoUGd0cUbK9v4bIi,2V37zhzoUGd0cUbK9v4bIi,Go Natalie,Father MC,1992,-8.598,minor,1990
spotify:track:3RNlTNO1OzaZis1yLpo8yc,3RNlTNO1OzaZis1yLpo8yc,Shake Whatcha Mama Gave Ya',Poison Clan,1992,-11.275,minor,1990
spotify:track:6UQIk4BqWX2u5V8UtMCNmf,6UQIk4BqWX2u5V8UtMCNmf,Oh What A Night,Lil Rob,1997,-10.112,major,1990
spotify:track:1neW5xfV6U4tz5zkeq0Uxy,1neW5xfV6U4tz5zkeq0Uxy,Gone Ride With Me,Juvenile,1998,-8.131,major,1990
spotify:track:6gZVQvQZOFpzIy3HblJ20F,6gZVQvQZOFpzIy3HblJ20F,Man in the Box,Alice In Chains,1990,-8.558,major,1990
spotify:track:2dXotVqm26NHYLp5oORx50,2dXotVqm26NHYLp5oORx50,Love Like This,Faith Evans,1995,-7.328,major,1990
spotify:track:6LqiE1yBBf9IuTxaTpTyiF,6LqiE1yBBf9IuTxaTpTyiF,Kissing You,Keith Washington,1991,-8.855,major,1990
spotify:track:3L8DnKNfRS3vv13t1E5jc3,3L8DnKNfRS3vv13t1E5jc3,Dengue Woman Blues,Jimmie Vaughan,1996,-10.709,minor,1990
spotify:track:2q8lHMMso6wx6pb5uwqzOs,2q8lHMMso6wx6pb5uwqzOs,Two Dope Boyz (In a Cadillac),OutKast,1996,-4.398,major,1990
spotify:track:70uUF91sbfXOyH4AInWYUw,70uUF91sbfXOyH4AInWYUw,Todo a Pulmon,Miguel Rios,1998,-10.065,major,1990
spotify:track:5FR54UnizyI8pE5E9Zb0Dt,5FR54UnizyI8pE5E9Zb0Dt,Pony,Ginuwine,1996,-8.079,minor,1990
spotify:track:5LIuqOmzAiP0RfnwyUPHCu,5LIuqOmzAiP0RfnwyUPHCu,Duck & Run,C-Murder,1998,-8.625,minor,1990
spotify:track:11eAS1PTdMGIzzZ0UPey8O,11eAS1PTdMGIzzZ0UPey8O,Just Like the Wind,N.V.,1993,-14.673,major,1990
spotify:track:6txWz9UapYHVxEd7dDIHXT,6txWz9UapYHVxEd7dDIHXT,No Rain,Blind Melon,1992,-9.342,major,1990
spotify:track:0FA13knA8ifgta3nWGkyRm,0FA13knA8ifgta3nWGkyRm,Regulate,Warren G,1994,-13.406,minor,1990
spotify:track:2Ik0sIJPSV8aau7fDS9jJv,2Ik0sIJPSV8aau7fDS9jJv,Heaven & Hell,Raekwon,1995,-5.094,minor,1990
spotify:track:3qMkFNfMueMebmOzh2fKhy,3qMkFNfMueMebmOzh2fKhy,Mr. Scarface,Scarface,1991,-13.501,major,1990
spotify:track:3KeiwsmA8ATkmuQSWyEh46,3KeiwsmA8ATkmuQSWyEh46,Presente,Control Machete,1999,-6.276,minor,1990
spotify:track:34MRi5GRWHFUa731JBxFEl,34MRi5GRWHFUa731JBxFEl,Chief Rocka,Lords Of The Underground,1993,-9.673,major,1990
spotify:track:7HR024DKw3SnKzCDJp3Bnf,7HR024DKw3SnKzCDJp3Bnf,Sweet Home Alabama,Lynyrd Skynyrd,1993,-11.812,major,1990
spotify:track:0shK5iZQppbHPQYiy60xs9,0shK5iZQppbHPQYiy60xs9,Rosa Parks,OutKast,1998,-7.198,minor,1990
spotify:track:3LklW07tvdx2AHsgfi1Mng,3LklW07tvdx2AHsgfi1Mng,I Wish,Skee-Lo,1995,-7.146,major,1990
spotify:track:65Hr0W5AvzhUlIlJvvJS9M,65Hr0W5AvzhUlIlJvvJS9M,Never Gonna Let You Go,Tamia,1998,-7.263,minor,1990
spotify:track:4l34rbUYqKWufYEWriVnB5,4l34rbUYqKWufYEWriVnB5,This Luv,Donell Jones,1999,-7.357,minor,1990
spotify:track:0x9HPHvbIAySJlZU00cmNp,0x9HPHvbIAySJlZU00cmNp,Crept and We Came,Bone Thugs-N-Harmony,1995,-7.565,major,1990
spotify:track:6kyxQuFD38mo4S3urD2Wkw,6kyxQuFD38mo4S3urD2Wkw,Unintended,Muse,1999,-11.586,minor,1990
spotify:track:5UWwZ5lm5PKu6eKsHAGxOk,5UWwZ5lm5PKu6eKsHAGxOk,Everlong,Foo Fighters,1997,-5.54,minor,1990
spotify:track:2iCSw0Nd7ioPh7TdF3T37N,2iCSw0Nd7ioPh7TdF3T37N,Think You're Bad,Delinquent Habits,1998,-8.815,minor,1990
spotify:track:2Vptb1uGay69Ql4B5NnGok,2Vptb1uGay69Ql4B5NnGok,Heat Of The Moment - Remix,After 7,1997,-7.364,major,1990
spotify:track:5prTs2HAw2G4idHZyeFp8o,5prTs2HAw2G4idHZyeFp8o,Total Eclipse of the Heart,Bonnie Tyler,1999,-8.179,major,1990
spotify:track:6qB7YcFpeBEQa0D6QO482y,6qB7YcFpeBEQa0D6QO482y,"It Must Have Been Love - From the Film ""Pretty Woman""",Roxette,1995,-6.655,major,1990
spotify:track:7MooGz4ZPE4bNxjFegR6Jx,7MooGz4ZPE4bNxjFegR6Jx,You Don't Know How It Feels,Tom Petty,1994,-7.393,major,1990
spotify:track:1wZqdAM2oLrB7UJTS4pIqf,1wZqdAM2oLrB7UJTS4pIqf,The Best Man I Can Be,Ginuwine,1996,-7.715,major,1990
spotify:track:54hFBqrtiWfrh5WQJZwguj,54hFBqrtiWfrh5WQJZwguj,Troublesome '96,2Pac,1998,-3.489,major,1990
spotify:track:4mSRaJAwIZOhdxFQF4ryZa,4mSRaJAwIZOhdxFQF4ryZa,Celebration,Kylie Minogue,1992,-5.979,major,1990
spotify:track:7y5zXpTN4J7K0PngQYa655,7y5zXpTN4J7K0PngQYa655,Tearz,Wu-Tang Clan,1993,-10.239,minor,1990
spotify:track:3upCmUgdchN3u0vkedbC5S,3upCmUgdchN3u0vkedbC5S,Touch It,Monifah,1998,-10.019,minor,1990
spotify:track:496MA7l7OJ0oQtfSKHqvXH,496MA7l7OJ0oQtfSKHqvXH,I Gotta Clean Up,Marvin Sease,1994,-6.615,minor,1990
spotify:track:2kOupHwtD01Wle9xOYfD3V,2kOupHwtD01Wle9xOYfD3V,If I Ever Fall In Love,Somewhere over England,1992,-9.001,major,1990
spotify:track:5n259lZheCu8vYOYmIp1jH,5n259lZheCu8vYOYmIp1jH,I Adore U,Caron Wheeler,1998,-8.341,minor,1990
spotify:track:1hQ02BkTnR0BNs3SAznttM,1hQ02BkTnR0BNs3SAznttM,Zoom - Remasterizado 2007,Soda Stereo,1997,-7.161,major,1990
spotify:track:1eRqy8jW4ZLMJR6dl3xsgI,1eRqy8jW4ZLMJR6dl3xsgI,Lovefool - Radio Edit,The Cardigans,1996,-7.936,major,1990
spotify:track:5cOM0fTHceCkJVwuyHdMnk,5cOM0fTHceCkJVwuyHdMnk,Who Can It Be Now?,Men At Work,1996,-4.21,major,1990
spotify:track:00FROhC5g4iJdax5US8jRr,00FROhC5g4iJdax5US8jRr,Satisfy You,Diddy,1999,-10.05,major,1990
spotify:track:0cEY2XrkwZAyrxMioyiAQB,0cEY2XrkwZAyrxMioyiAQB,Pumps and a Bump,MC Hammer,1994,-7.744,major,1990
spotify:track:4j1Bk0BEIGCF9hR7cSwl9d,4j1Bk0BEIGCF9hR7cSwl9d,Candy Rain,Soul For Real,1995,-7.529,minor,1990
spotify:track:10BQIOZ8dhGwOOGBVA97qz,10BQIOZ8dhGwOOGBVA97qz,Always The Sun - Sunny Side Up Mix,The Stranglers,1990,-4.146,major,1990
spotify:track:1HvmjWFZpe1lrEl1ehLsvr,1HvmjWFZpe1lrEl1ehLsvr,Share My World,Mary J. Blige,1997,-6.742,minor,1990
spotify:track:0cELvuwJW1acISUHYB6suj,0cELvuwJW1acISUHYB6suj,Emotions,Mariah Carey,1991,-7.009,minor,1990
spotify:track:407ltk0BtcZI8kgu0HH4Yj,407ltk0BtcZI8kgu0HH4Yj,Into My Arms - 2011 Remastered Version,Nick Cave & The Bad Seeds,1997,-17.796,major,1990
spotify:track:3kSsbFBOdaflBNNJkiG1ja,3kSsbFBOdaflBNNJkiG1ja,New Rose,Guns N' Roses,1993,-2.918,major,1990
spotify:track:6GtPHjrFtw9uaMgDbWp0dn,6GtPHjrFtw9uaMgDbWp0dn,Landmines,DJ DMD,1998,-5.26,major,1990
spotify:track:1idZSAVHfLPQq9tDTYhnIA,1idZSAVHfLPQq9tDTYhnIA,The Last of the Famous International Playboys - 2010 Remaster,Morrissey,1990,-5.806,major,1990
spotify:track:2yX2u7VsiaYJPncqwcmyur,2yX2u7VsiaYJPncqwcmyur,Me Against The World - Album Version (Edited),2Pac,1998,-3.462,major,1990
spotify:track:5hWdgGVcfTeLPAiHM6EZG9,5hWdgGVcfTeLPAiHM6EZG9,Good Vibrations,Marky Mark And The Funky Bunch,1991,-8.406,major,1990
spotify:track:0K4qBG4ySviff81dZ0VdYU,0K4qBG4ySviff81dZ0VdYU,End Of The Road,Boyz II Men,1991,-9.258,minor,1990
spotify:track:1YXYUxukckA5LLnPe90AlS,1YXYUxukckA5LLnPe90AlS,Murder Avenue,Geto Boys,1993,-9.959,major,1990
spotify:track:2vloGZOASh0PPNOGrFNMAO,2vloGZOASh0PPNOGrFNMAO,I Only Want to Be with You,Bay City Rollers,1993,-8.794,major,1990
spotify:track:2MYtYwqRutASW0oVTYPuEX,2MYtYwqRutASW0oVTYPuEX,She's Playing Hard To Get,Hi-Five,1992,-6.68,major,1990
spotify:track:1l69V1gBVRN02Hgt7a7sqt,1l69V1gBVRN02Hgt7a7sqt,With You,Tony Terry,1990,-9.532,major,1990
spotify:track:1xixUOjgdqMOPZxursTms3,1xixUOjgdqMOPZxursTms3,Anything,JAY-Z,1999,-5.953,major,1990
spotify:track:3ei99dge15PXGB99SCSA4y,3ei99dge15PXGB99SCSA4y,I Will,Alison Krauss,1995,-13.842,major,1990
spotify:track:0S2cMsSo3KgOQF8QdxgYrk,0S2cMsSo3KgOQF8QdxgYrk,Layla,Derek & The Dominos,1995,-11.787,major,1990
spotify:track:3X414ZlCf5U7pcpIaIcUkT,3X414ZlCf5U7pcpIaIcUkT,Flava in Ya Ear,Craig Mack,1994,-8.843,minor,1990
spotify:track:6f2xulX5HzsHMMh9BWUS7g,6f2xulX5HzsHMMh9BWUS7g,All Black,Big L,1995,-6.874,major,1990
spotify:track:39WoLsd8lNAdmYLr7z5o5G,39WoLsd8lNAdmYLr7z5o5G,Ain't It Fun,Guns N' Roses,1993,-4.151,minor,1990
spotify:track:30HCB1FoE77IfGRyNv4eFq,30HCB1FoE77IfGRyNv4eFq,In Bloom - Nevermind Version,Nirvana,1991,-4.902,minor,1990
spotify:track:5K80qDIi8z8nfgiSGsQap0,5K80qDIi8z8nfgiSGsQap0,Forever,Kenny Lattimore,1996,-9.652,minor,1990
spotify:track:7IjdIp3WlQtEnN2BXjr7ov,7IjdIp3WlQtEnN2BXjr7ov,The Kids Aren't Alright,The Offspring,1998,-4.197,major,1990
spotify:track:2pMAmZdHfQHyqJCXJbfhK3,2pMAmZdHfQHyqJCXJbfhK3,Southernplayalisticadillacmuzik,OutKast,1994,-5.8,minor,1990
spotify:track:7AerKsdhVndT6uPTb4XXbJ,7AerKsdhVndT6uPTb4XXbJ,Spring Love,Stevie B,1991,-10.409,major,1990
spotify:track:6l4wMAXzI8RxIysQMYZY0w,6l4wMAXzI8RxIysQMYZY0w,How I Could Just Kill a Man,Cypress Hill,1991,-13.326,major,1990
spotify:track:7H6ev70Weq6DdpZyyTmUXk,7H6ev70Weq6DdpZyyTmUXk,Say My Name,Destiny's Child,1999,-3.525,minor,1990
spotify:track:6g9jxAZz5pFxafWle0uxY8,6g9jxAZz5pFxafWle0uxY8,Do What You Want,Scarface,1998,-14.721,minor,1990
spotify:track:1M2nd8jNUkkwrc1dgBPTJz,1M2nd8jNUkkwrc1dgBPTJz,Angels,Robbie Williams,1997,-6.251,major,1990
spotify:track:1CDX9A7Gw2PJOVNij6z0Rx,1CDX9A7Gw2PJOVNij6z0Rx,I Melt With You,Modern English,1992,-12.823,major,1990
spotify:track:2SbsvihBJmgNKZ4qkXFWrp,2SbsvihBJmgNKZ4qkXFWrp,More Than Words,Extreme,1990,-14.935,major,1990
spotify:track:3nqnWEZnYoetfO2ksMZZVK,3nqnWEZnYoetfO2ksMZZVK,I Like It (I Wanna Be Where You Are),Grand Puba,1995,-6.652,minor,1990
spotify:track:3lGBvPUgO7MJltUnBlOpe9,3lGBvPUgO7MJltUnBlOpe9,Mass Appeal,Gang Starr,1994,-8.435,minor,1990
spotify:track:0OMUfNVJpO1XvNkoJGYd0O,0OMUfNVJpO1XvNkoJGYd0O,Tradición,Gloria Estefan,1993,-6.786,major,1990
spotify:track:37zQVgP3aTLKNvluXLB5Ii,37zQVgP3aTLKNvluXLB5Ii,Picture Me Rollin',2Pac,1996,-4.908,major,1990
spotify:track:4Ofg5uuH7qqDIXpAJMpXZV,4Ofg5uuH7qqDIXpAJMpXZV,Rayando El Sol,Maná,1990,-3.275,major,1990
spotify:track:4lO57zZGFcj7vSY4QhfVDq,4lO57zZGFcj7vSY4QhfVDq,She's The One,Robbie Williams,1998,-8.451,major,1990
spotify:track:5GgmaSJiVylNjuRnzodXv5,5GgmaSJiVylNjuRnzodXv5,Bang Bang,Dr. Dre,1999,-2.437,minor,1990
spotify:track:3EYTVekyY04eqdoi2iGlgJ,3EYTVekyY04eqdoi2iGlgJ,1 Adam 12,Delinquent Habits,1998,-8.566,major,1990
spotify:track:2rTYgHxgcndkUrRoU7x0Sv,2rTYgHxgcndkUrRoU7x0Sv,Mr. Vain,Culture Beat,1993,-7.946,minor,1990
spotify:track:0wkQ1NGp0D1QjC59vmbYNY,0wkQ1NGp0D1QjC59vmbYNY,Youth Gone Wild,Skid Row,1998,-7.168,minor,1990
spotify:track:3ia3dJETSOllPsv3LJkE35,3ia3dJETSOllPsv3LJkE35,California Love - Original Version,2Pac,1998,-3.052,major,1990
spotify:track:2o2of897dC5i2mVKl69UNZ,2o2of897dC5i2mVKl69UNZ,"Shit, Damn, Motherfucker",D'Angelo,1995,-12.599,major,1990
spotify:track:1RXEb6UTxJ05RffnAWfUOE,1RXEb6UTxJ05RffnAWfUOE,Player's Ball,OutKast,1994,-6.304,major,1990
spotify:track:1rMgETb1KeTQmR44OkmqQ9,1rMgETb1KeTQmR44OkmqQ9,Open Up Your Heart,Samantha,1996,-13.193,minor,1990
spotify:track:4G3dZN9o3o2X4VKwt4CLts,4G3dZN9o3o2X4VKwt4CLts,Passin' Me By,The Pharcyde,1992,-8.145,minor,1990
spotify:track:6JzzI3YxHCcjZ7MCQS2YS1,6JzzI3YxHCcjZ7MCQS2YS1,Black Star,Radiohead,1995,-7.431,major,1990
spotify:track:7nfiM8DuaSJ61KaerHchcA,7nfiM8DuaSJ61KaerHchcA,Blinded By The Light,Manfred Mann's Earth Band,1996,-12.751,major,1990
spotify:track:32Vm9SAaTKw2AHy2W1REP0,32Vm9SAaTKw2AHy2W1REP0,Talk Dirty,Big Bub,1992,-8.852,major,1990
spotify:track:6m59VvDUi0UQsB2eZ9wVbH,6m59VvDUi0UQsB2eZ9wVbH,Poison,Bell Biv DeVoe,1990,-10.53,minor,1990
spotify:track:5Q7cE6wGHMehLFo2ppkk5D,5Q7cE6wGHMehLFo2ppkk5D,One Way Or Another,Blondie,1998,-6.294,minor,1990
spotify:track:1PB7gRWcvefzu7t3LJLUlf,1PB7gRWcvefzu7t3LJLUlf,El Scorcho,Weezer,1996,-4.332,major,1990
spotify:track:1GmNuVDIivZS8Kr9VynY8h,1GmNuVDIivZS8Kr9VynY8h,"Soldiers, Riders, & G's",Master P,1998,-5.516,major,1990
spotify:track:3aRiplMITqwiQdqxm4gXl0,3aRiplMITqwiQdqxm4gXl0,New Jack Hustler (Nino's Theme),Ice-T,1991,-9.213,major,1990
spotify:track:1BZm0t49YEhM8xbTINoQKp,1BZm0t49YEhM8xbTINoQKp,Tha Shiznit,Snoop Dogg,1993,-4.59,minor,1990
spotify:track:6TXVeKe1dZqBLa54SQACrq,6TXVeKe1dZqBLa54SQACrq,Got to Give It Up,Aaliyah,1996,-2.234,minor,1990
spotify:track:4iCGSi1RonREsPtfEKYj5b,4iCGSi1RonREsPtfEKYj5b,"Tonight, Tonight - Remastered 2012",The Smashing Pumpkins,1995,-9.381,major,1990
spotify:track:5ghIJDpPoe3CfHMGu71E6T,5ghIJDpPoe3CfHMGu71E6T,Smells Like Teen Spirit,Nirvana,1991,-4.556,major,1990
spotify:track:2QzLYgjE7zTj1lb6Wi1aPx,2QzLYgjE7zTj1lb6Wi1aPx,Jerk Out #3,The Time,1990,-6.777,minor,1990
spotify:track:3AYFNoXF0xw5Shsg0lHvBn,3AYFNoXF0xw5Shsg0lHvBn,Got My Mind Made Up,2Pac,1996,-4.592,minor,1990
spotify:track:3F8aTQzmKovktFcR7MCGFW,3F8aTQzmKovktFcR7MCGFW,Big in Japan - Best of-Version,Alphaville,1991,-9.84,minor,1990
spotify:track:6VoIBz0VhCyz7OdEoRYDiA,6VoIBz0VhCyz7OdEoRYDiA,Say It Ain't So,Weezer,1994,-7.136,major,1990
spotify:track:5Uf6OfGfz436zAegn1kui6,5Uf6OfGfz436zAegn1kui6,Sunday Bloody Sunday,U2,1998,-5.687,major,1990
spotify:track:6nJPHXRpKYv2yqtalEjKy5,6nJPHXRpKYv2yqtalEjKy5,Got the Life,Korn,1998,-5.721,minor,1990
spotify:track:3NitY3eL3TjRvPlQWjaclz,3NitY3eL3TjRvPlQWjaclz,Who Dat Talking Down,Big Pokey,1999,-5.782,major,1990
spotify:track:06TuMCjDEYjTOJScCRzmjf,06TuMCjDEYjTOJScCRzmjf,Don't Let Go (Love),En Vogue,1997,-5.867,minor,1990
spotify:track:3LSRGvBWTdnUBJC32oBFnZ,3LSRGvBWTdnUBJC32oBFnZ,Te Mentiría,Gian Marco,1998,-8.131,major,1990
spotify:track:5WTCHYg9G27e9e5HFKGdd1,5WTCHYg9G27e9e5HFKGdd1,Sweet Love,Junko Ohashi,1998,-6.929,minor,1990
spotify:track:60Pjyla2BNnWzWxNXxGa4u,60Pjyla2BNnWzWxNXxGa4u,Sumthin' Sumthin',Maxwell,1996,-7.791,minor,1990
spotify:track:1QJDgtV8L8jCnpM1RIauAp,1QJDgtV8L8jCnpM1RIauAp,'Til You Do Me Right,After 7,1997,-7.563,major,1990
spotify:track:1mC7u32zemMLC1mVOU02Pm,1mC7u32zemMLC1mVOU02Pm,U Send Me Swingin',Mint Condition,1993,-5.835,minor,1990
spotify:track:0tVSehz9YkXjtlMjtmQwLz,0tVSehz9YkXjtlMjtmQwLz,Murder Rap,Above The Law,1990,-8.925,major,1990
spotify:track:38xhBO2AKrJnjdjVnhJES6,38xhBO2AKrJnjdjVnhJES6,This Christmas,Donny Hathaway,1990,-9.2,major,1990
spotify:track:0mDk3F7fxwDgDCDE16ueO7,0mDk3F7fxwDgDCDE16ueO7,She's Playing Hard To Get,Hi-Five,1992,-6.68,major,1990
spotify:track:1yshNtExWJOfvjfvUqGcnu,1yshNtExWJOfvjfvUqGcnu,"Comprendes, Mendes?",Control Machete,1997,-7.031,major,1990
spotify:track:3tHAB8FI4rfULUHHG1d2Ct,3tHAB8FI4rfULUHHG1d2Ct,Whatever - Radio Edit,Ideal,1999,-6.037,minor,1990
spotify:track:5LPcIeLf5X05un3LLHWth5,5LPcIeLf5X05un3LLHWth5,Don’t Mess Wit Texas,Lil Keke,1998,-6.944,major,1990
spotify:track:6W21LNLz9Sw7sUSNWMSHRu,6W21LNLz9Sw7sUSNWMSHRu,Freak On a Leash,Korn,1998,-5.877,major,1990
spotify:track:7KWNTuVSFUziohGRhS3cZL,7KWNTuVSFUziohGRhS3cZL,I'm Still In Love With You,New Edition,1996,-4.683,minor,1990
spotify:track:1pN0fH6xi8PP8c2R5H8pVT,1pN0fH6xi8PP8c2R5H8pVT,Respect Us,Lil Wayne,1999,-7.577,minor,1990
spotify:track:3aPBluMU8cLdEfa7lhyvjm,3aPBluMU8cLdEfa7lhyvjm,Swing Out Song,Mel Waiters,1999,-4.93,major,1990
spotify:track:0KHHrBbdvuJ6knLxj7dqkw,0KHHrBbdvuJ6knLxj7dqkw,"All the Times (feat. Faith Evans, Coko & Missy Elliott)",LSG,1997,-6.867,major,1990
spotify:track:2Ekzm3AGOE0u3uXy6rhAZY,2Ekzm3AGOE0u3uXy6rhAZY,Spoonman,Soundgarden,1994,-11.034,major,1990
spotify:track:7gEGhEb1VcCeC6lJWnjI9Z,7gEGhEb1VcCeC6lJWnjI9Z,Love No Limit,Mary J. Blige,1992,-7.853,minor,1990
spotify:track:0RU8DZzOPoLgZzEa5wQkq2,0RU8DZzOPoLgZzEa5wQkq2,ATF,DMX,1998,-6.082,major,1990
spotify:track:24OzLwa2DqCSdMw2TIT6ZB,24OzLwa2DqCSdMw2TIT6ZB,Down with the Clique,Aaliyah,1994,-7.884,minor,1990
spotify:track:7EJvwHjf9NKCmYBBGOuwQS,7EJvwHjf9NKCmYBBGOuwQS,I Still Do,The Cranberries,1993,-11.754,minor,1990
spotify:track:5ByAIlEEnxYdvpnezg7HTX,5ByAIlEEnxYdvpnezg7HTX,Juicy - 2005 Remaster,The Notorious B.I.G.,1994,-4.67,major,1990
spotify:track:6b8IKVufOkAawvQVguQxmo,6b8IKVufOkAawvQVguQxmo,I Will Survive,Gloria Gaynor,1999,-10.375,major,1990
spotify:track:4C2xWkpiO3sUaedG1VsdFq,4C2xWkpiO3sUaedG1VsdFq,She's All That,Tevin Campbell,1991,-8.911,minor,1990
spotify:track:6LoSKNsYkRQbyuiReooMjG,6LoSKNsYkRQbyuiReooMjG,Sister Christian,Night Ranger,1997,-8.342,major,1990
spotify:track:4dI2tnLrhe8u4jWjoLC5NK,4dI2tnLrhe8u4jWjoLC5NK,Straighten It Out,Pete Rock & C.L. Smooth,1992,-11.169,minor,1990
spotify:track:13xKh7WqwxzEFYhYCJJwHg,13xKh7WqwxzEFYhYCJJwHg,Lovergirl,Teena Marie,1999,-7.509,minor,1990
spotify:track:6odOP8P6LFdIiuawZhFho7,6odOP8P6LFdIiuawZhFho7,Rich Niggaz,Juvenile,1998,-7.608,major,1990
spotify:track:4oJEy4qDPwDk5ac26yEMeL,4oJEy4qDPwDk5ac26yEMeL,I Don't Ever Want to See You Again,Uncle Sam,1997,-7.017,major,1990
spotify:track:2y06yEj8JnxUSlXuwLP4rJ,2y06yEj8JnxUSlXuwLP4rJ,In My Blood,Scarface,1998,-10.233,major,1990
spotify:track:129cVllFJHHwSJuW4JnR4F,129cVllFJHHwSJuW4JnR4F,Can't We Try (Duet with Collage) - Original Radio Version,Rockell,1998,-6.839,minor,1990
spotify:track:3eMVOlY4PqhG4e9K4epxbn,3eMVOlY4PqhG4e9K4epxbn,Rodeo,95 South,1995,-7.225,major,1990
spotify:track:5PHMByfnN7hGWSnZsUoomX,5PHMByfnN7hGWSnZsUoomX,Wanna Do My Thing,Matata,1994,-11.963,minor,1990
spotify:track:76LIYXBETh3PyHoNUufycb,76LIYXBETh3PyHoNUufycb,The Floor,Johnny Gill,1993,-4.646,major,1990
spotify:track:0hKF8N8aflF1uDzEEnPr2j,0hKF8N8aflF1uDzEEnPr2j,Life Is A Highway,Tom Cochrane,1992,-10.184,major,1990
spotify:track:6ORqU0bHbVCRjXm9AjyHyZ,6ORqU0bHbVCRjXm9AjyHyZ,Good Riddance (Time of Your Life),Green Day,1997,-7.844,major,1990
spotify:track:3Wyc7M8twhxeyaC51BcQYb,3Wyc7M8twhxeyaC51BcQYb,Changes,2Pac,1998,-6.311,major,1990
spotify:track:40xz60ciGIpsRtDqRfPKBE,40xz60ciGIpsRtDqRfPKBE,Rub You The Right Way,Johnny Gill,1990,-6.952,major,1990
spotify:track:78dbqYDvx6FOefROApu9w0,78dbqYDvx6FOefROApu9w0,Inevitable,Shakira,1998,-7.786,major,1990
spotify:track:2lp8xjq0WTm3HZKHuDEweg,2lp8xjq0WTm3HZKHuDEweg,Tell Me,Groove Theory,1995,-10.849,minor,1990
spotify:track:78ocJAEFOYKVjYgXZ8fggD,78ocJAEFOYKVjYgXZ8fggD,I Melt With You - Rerecorded,Modern English,1990,-11.221,major,1990
spotify:track:3RIDe85YSYGGoJ0daSzfhD,3RIDe85YSYGGoJ0daSzfhD,Yo Quiero Fumar (I Wanna Get High) - Spanish Edit,Cypress Hill,1999,-12.411,major,1990
spotify:track:7safX55XidhznxK5eDdDm5,7safX55XidhznxK5eDdDm5,I Can't Dance - 2007 Digital Remaster,Genesis,1991,-9.733,major,1990
spotify:track:6MdRQ8tyrkYHvcEPZZrGe9,6MdRQ8tyrkYHvcEPZZrGe9,Sensitivity,Ralph Tresvant,1990,-10.14,major,1990
spotify:track:4UyqvzVO1qVf4gx8y2cZpj,4UyqvzVO1qVf4gx8y2cZpj,Life's A Bitch - Explicit Album Version,Nas,1994,-11.823,major,1990
spotify:track:3bgjTKUh8AXO3UuGjcKUnN,3bgjTKUh8AXO3UuGjcKUnN,You Dig,Hot Boys,1999,-4.606,major,1990
spotify:track:4wUAQIiwXE4i1jPFWvz9zf,4wUAQIiwXE4i1jPFWvz9zf,I Can't Be With You,The Cranberries,1994,-10.394,major,1990
spotify:track:2eOywXsZK59j4pscnrTSsF,2eOywXsZK59j4pscnrTSsF,Infatuation,The Deele,1993,-6.194,major,1990
spotify:track:4VSyH8AkIt3kaR5xIPFVVi,4VSyH8AkIt3kaR5xIPFVVi,Where My Girls At,702,1999,-7.435,major,1990
spotify:track:0OzwLNVnzfG43IyQB2RMPH,0OzwLNVnzfG43IyQB2RMPH,Don't You (Forget About Me),Simple Minds,1992,-10.091,major,1990
spotify:track:4yFFSucK3BVP1Wp7MQ6c7t,4yFFSucK3BVP1Wp7MQ6c7t,Just Can't Get Over You,Kenny Lattimore,1998,-8.699,minor,1990
spotify:track:3Nx6iu7XpzWL1QMPRJKzqL,3Nx6iu7XpzWL1QMPRJKzqL,Baby It's Cold Outside,Ella Fitzgerald,1996,-13.645,major,1990
spotify:track:3IDzttBFq4fOccjQbhkQWF,3IDzttBFq4fOccjQbhkQWF,Tell Me It's Real,K-Ci & JoJo,1999,-6.629,major,1990
spotify:track:7tsRp7QKUBp6hc9bth0h7x,7tsRp7QKUBp6hc9bth0h7x,Don't Walk Away,Jade,1992,-7.501,minor,1990
spotify:track:1QObH6m6jPyOHBLW2RLEpo,1QObH6m6jPyOHBLW2RLEpo,Color Me Badd,Color Me Badd,1991,-9.664,major,1990
spotify:track:16pfffk4jnUdgtjiJ9phro,16pfffk4jnUdgtjiJ9phro,If You Love Me,Stokley of Mint Condition,1998,-10.079,minor,1990
spotify:track:3R5G81gtoO5CcZlRCRKVLk,3R5G81gtoO5CcZlRCRKVLk,Sho Nuff,Tela,1996,-8.35,major,1990
spotify:track:5PntSbMHC1ud6Vvl8x56qd,5PntSbMHC1ud6Vvl8x56qd,Loser,Beck,1994,-10.45,major,1990
spotify:track:7k3sn5TIQ3qRVJ8FPTG9kx,7k3sn5TIQ3qRVJ8FPTG9kx,Let Me Clear My Throat - Old School Reunion Remix '96,DJ Kool,1996,-7.154,major,1990
spotify:track:07fqonJcksfEG2Fav9SDA2,07fqonJcksfEG2Fav9SDA2,Make Believe,Kenny Lattimore,1998,-5.914,minor,1990
spotify:track:3HCzj965m8Fz2E8wZkir6q,3HCzj965m8Fz2E8wZkir6q,They Want EFX,Das EFX,1992,-12.84,minor,1990
spotify:track:7ltU7qHAjo7XFCTznK1OeR,7ltU7qHAjo7XFCTznK1OeR,Cae El Sol,Soda Stereo,1997,-9.087,minor,1990
spotify:track:6lEIjrQNwJPecJ7mMXjhjo,6lEIjrQNwJPecJ7mMXjhjo,Wanna Be A Baller,Lil' Troy,1998,-7.825,minor,1990
spotify:track:7MY1O70WKk72AwyNKUvRcx,7MY1O70WKk72AwyNKUvRcx,New Jack City,Guy,1991,-11.506,minor,1990
spotify:track:67XS7eWumbLVktm0QSkks4,67XS7eWumbLVktm0QSkks4,Lo Que Sangra (La Cúpula) - Remasterizado 2007,Soda Stereo,1997,-5.804,major,1990
spotify:track:2PsHIonOTmX6bSrzIJSjyS,2PsHIonOTmX6bSrzIJSjyS,Nobody Knows,The Tony Rich Project,1996,-9.432,major,1990
spotify:track:5ltdcgEflWut0osW0ZzLhM,5ltdcgEflWut0osW0ZzLhM,Da Rockwilder,Method Man,1999,-6.995,minor,1990
spotify:track:1300POeOaj8qho30FRHjgf,1300POeOaj8qho30FRHjgf,Cornflake Girl,Tori Amos,1994,-8.958,major,1990
spotify:track:5UQzaJnSGvBD5QyA6VpHy8,5UQzaJnSGvBD5QyA6VpHy8,I Still Haven't Found What I'm Looking For,U2,1998,-8.057,major,1990
spotify:track:35haWP34BeUQO6g46iS9Ka,35haWP34BeUQO6g46iS9Ka,Put Tha House Onit,8Ball,1998,-8.819,minor,1990
spotify:track:6PPtwNxnMMfcWexUVZ8nYp,6PPtwNxnMMfcWexUVZ8nYp,Your Body's Callin',R. Kelly,1993,-7.634,major,1990
spotify:track:0zp92Miwhh5vO3B3dhxrxI,0zp92Miwhh5vO3B3dhxrxI,Paseando Por Roma - Remasterizado 2007,Soda Stereo,1997,-6.79,minor,1990
spotify:track:2Pr1nZpt8A8WP7QYpyq6L3,2Pr1nZpt8A8WP7QYpyq6L3,Wildflowers,Tom Petty,1994,-13.79,major,1990
spotify:track:4Tttv4p2xuAq1LpQ7LI95E,4Tttv4p2xuAq1LpQ7LI95E,Keep Ya Head Up,2Pac,1998,-6.451,major,1990
spotify:track:1gsnWXeNlbfoHpaGRi4oQ0,1gsnWXeNlbfoHpaGRi4oQ0,Two Can Play That Game - Radio Edit,Bobby Brown,1992,-6.792,minor,1990
spotify:track:2No866hrlpKgTXcQTZ2D2b,2No866hrlpKgTXcQTZ2D2b,House and the Rising Son,House Of Pain,1992,-8.394,major,1990
spotify:track:7ujVDENgCDD77JxBuw4Mhu,7ujVDENgCDD77JxBuw4Mhu,"Judy Had A Boyfriend - Mucho 12"" no rap",Riff,1993,-6.322,major,1990
spotify:track:6hFHsQWB7HdVrSe7efRR82,6hFHsQWB7HdVrSe7efRR82,Como te extraño mi amor,Café Tacvba,1996,-5.67,major,1990
spotify:track:2gM3JL6l1INKPh0vf0c8I7,2gM3JL6l1INKPh0vf0c8I7,If You Want Me to Stay,Eric Benét,1996,-6.489,major,1990
spotify:track:3MCuDi4gQrf7Xms8lTpTAx,3MCuDi4gQrf7Xms8lTpTAx,Don't Go Away,Oasis,1997,-4.38,major,1990
spotify:track:2wzMOVWqLMBNx7wVvJ7tt0,2wzMOVWqLMBNx7wVvJ7tt0,Murder Was The Case (Death After Visualizing Eternity) (feat. Dat Nigga Daz),Snoop Dogg,1993,-5.35,major,1990
spotify:track:60TbmViml7n1jUZksLR7Mq,60TbmViml7n1jUZksLR7Mq,Slob on My Knob,Tear Da Club Up Thugs,1999,-5.181,minor,1990
spotify:track:2xTft6GEZeTyWNpdX94rkf,2xTft6GEZeTyWNpdX94rkf,All Eyez On Me,2Pac,1996,-5.948,major,1990
spotify:track:6fl9npjIxV6oEFrWqJ6tnp,6fl9npjIxV6oEFrWqJ6tnp,Anarchy In The UK,Sex Pistols,1992,-9.68,major,1990
spotify:track:53nmK2ARfSnBFvhYXxmgGc,53nmK2ARfSnBFvhYXxmgGc,I Miss My Homies,Master P,1997,-6.958,major,1990
spotify:track:5A0aUvnfAEcmUx3hoXjI8R,5A0aUvnfAEcmUx3hoXjI8R,I'm So Into You,SWV,1992,-10.663,major,1990
spotify:track:2vk5VPlYfltzVbUmqjaYqC,2vk5VPlYfltzVbUmqjaYqC,Outro,Chico DeBarge,1997,-5.899,minor,1990
spotify:track:0q90594hk25yo0xZmBTqCd,0q90594hk25yo0xZmBTqCd,Don't Let the Sun Go Down on Me,George Michael,1998,-8.096,major,1990
spotify:track:1Y13csEpu3TK5gQdzGLrd8,1Y13csEpu3TK5gQdzGLrd8,Pardon Me,Incubus,1999,-6.509,minor,1990
spotify:track:5npMYgysWSKOIVXj2szeLn,5npMYgysWSKOIVXj2szeLn,Vogue - Edit,Madonna,1990,-10.137,minor,1990
spotify:track:291jfQK5C4tNrLUJyMARNl,291jfQK5C4tNrLUJyMARNl,These Eyes - Remastered,The Guess Who,1999,-8.784,major,1990
spotify:track:0Bd3oaSitY4a57zlwV9sG6,0Bd3oaSitY4a57zlwV9sG6,Notorious Thugs,The Notorious B.I.G.,1997,-6.792,minor,1990
spotify:track:2ouURa1AIXp3AvkS52Jry5,2ouURa1AIXp3AvkS52Jry5,Every Morning,Sugar Ray,1999,-4.496,major,1990
spotify:track:52LaP5RzwlSId81druJ3PC,52LaP5RzwlSId81druJ3PC,Let It Out,Tha Alkaholiks,1995,-2.803,major,1990
spotify:track:7pcm6L3cgpfBB74H0btIkB,7pcm6L3cgpfBB74H0btIkB,2 Real,Scarface,1998,-10.948,minor,1990
spotify:track:2PdIo7ewQPuAsP99LVg9uy,2PdIo7ewQPuAsP99LVg9uy,Wrong Way,Sublime,1996,-5.653,major,1990
spotify:track:4Wc7CAuf2XgX44MLz2QaLg,4Wc7CAuf2XgX44MLz2QaLg,She's Got That Vibe,R. Kelly,1990,-10.239,major,1990
spotify:track:3tN1pfXv2SfSEWM5x46qAh,3tN1pfXv2SfSEWM5x46qAh,Gangsta B,Master P,1998,-7.326,minor,1990
spotify:track:50KgeE96cK0y19DIwU0nLO,50KgeE96cK0y19DIwU0nLO,Im Not a Gentleman,Geto Boys,1991,-13.943,major,1990
spotify:track:1Cwsd5xI8CajJz795oy4XF,1Cwsd5xI8CajJz795oy4XF,You Get What You Give,New Radicals,1998,-5.396,major,1990
spotify:track:5EExhZiAXIqw6M5FFGAiUb,5EExhZiAXIqw6M5FFGAiUb,Turn the Beat Around,Gloria Estefan,1994,-6.476,minor,1990
spotify:track:4twOuEvYNHNUc9dHUqhhUY,4twOuEvYNHNUc9dHUqhhUY,恋に溺れて -Crazy About You-,Junko Ohashi,1998,-7.424,minor,1990
spotify:track:5X48562lzIHeCKKLLSIGMm,5X48562lzIHeCKKLLSIGMm,Hey Lover,LL Cool J,1996,-11.696,minor,1990
spotify:track:2GHp47AE8HTBF9xpG7FIoz,2GHp47AE8HTBF9xpG7FIoz,One Day,UGK,1996,-9.816,major,1990
spotify:track:2VsIWeVLvZfWGpB1yOPXun,2VsIWeVLvZfWGpB1yOPXun,Small Time,Lil' Troy,1998,-7.502,major,1990
spotify:track:638OrV0KtFGrxvLoAUvxCY,638OrV0KtFGrxvLoAUvxCY,Shotgun Blues,Guns N' Roses,1991,-6.759,major,1990
spotify:track:5rXdcKlk0GXKw3Purh6VTP,5rXdcKlk0GXKw3Purh6VTP,Jingle Baby,Stephanie Mills,1991,-8.249,minor,1990
spotify:track:6s4xndGKUhW0xXPYvFlwcL,6s4xndGKUhW0xXPYvFlwcL,Other Side Of The Game,Erykah Badu,1997,-10.665,major,1990
spotify:track:549NLPvel0Hq2PcBZdGsUJ,549NLPvel0Hq2PcBZdGsUJ,Matrimony: Maybe You - Remastered 2018,Maxwell,1998,-9.16,major,1990
spotify:track:6RNOyiiGHFQ7lCHtFCUVQC,6RNOyiiGHFQ7lCHtFCUVQC,Is It Good To You,Heavy D & The Boyz,1991,-13.145,major,1990
spotify:track:7C5lhJRscQR3WAaLBoqrkd,7C5lhJRscQR3WAaLBoqrkd,Me And Those Dreamin' Eyes Of Mine,D'Angelo,1995,-10.695,minor,1990
spotify:track:5XkVQZWvsVwedk0Jv54SVH,5XkVQZWvsVwedk0Jv54SVH,Buddy Holly,Weezer,1994,-4.11,major,1990
spotify:track:2da7wnI5OoV89TsdKMM81k,2da7wnI5OoV89TsdKMM81k,Knockin' On Heaven's Door - Live In London / 1992,Guns N' Roses,1999,-6.011,major,1990
spotify:track:3pGnvyd0UBaFKF9PYM2ULM,3pGnvyd0UBaFKF9PYM2ULM,Stomp!,The Brothers Johnson,1998,-14.07,minor,1990
spotify:track:4Cg05r39aFjzN1UN9jTK4O,4Cg05r39aFjzN1UN9jTK4O,Ruthless For Life,MC Ren,1998,-6.586,major,1990
spotify:track:6MCoVicJXlNSLh5lETQJxe,6MCoVicJXlNSLh5lETQJxe,Things We Do For Love,Horace Brown,1996,-8.856,major,1990
spotify:track:7Kutf53V4k0CvU4nKu5oK6,7Kutf53V4k0CvU4nKu5oK6,Real Hip-Hop,Das EFX,1995,-7.895,minor,1990
spotify:track:6I3LsZncKrJG9mwv12FCEg,6I3LsZncKrJG9mwv12FCEg,Westside,TQ,1998,-6.665,minor,1990
spotify:track:2Uu8IiLkLY0UXhCHka4Dlr,2Uu8IiLkLY0UXhCHka4Dlr,Doo Wop (That Thing),Ms. Lauryn Hill,1998,-8.926,minor,1990
spotify:track:74QCZPlpayjvQ4yJJFljfQ,74QCZPlpayjvQ4yJJFljfQ,Sweet Home Alabama,Lynyrd Skynyrd,1991,-11.685,major,1990
spotify:track:0yd0NF2DaG04KLqJT5LLV2,0yd0NF2DaG04KLqJT5LLV2,Detroit Rock City,KISS,1997,-7.237,major,1990
spotify:track:2CIxyjm7ZCmGwJWdYk40L3,2CIxyjm7ZCmGwJWdYk40L3,Real Love (Spanish),Lil' Johanna,1996,-9.618,major,1990
spotify:track:03WsrEB8eyCeUfvRxGP5JX,03WsrEB8eyCeUfvRxGP5JX,Down 4 Whateva,Nuttin' Nyce,1993,-6.038,major,1990
spotify:track:7AWeyu0x4vJp3pb2RKadBT,7AWeyu0x4vJp3pb2RKadBT,Mr. Crowley - 2002 Version,Ozzy Osbourne,1997,-4.766,minor,1990
spotify:track:04Rz403IY7QUqgfrTWX6OU,04Rz403IY7QUqgfrTWX6OU,Da Graveyard,Big L,1995,-5.358,major,1990
spotify:track:6O1tLGD9D6TDW3Py6Gw4lX,6O1tLGD9D6TDW3Py6Gw4lX,My Cherie Amour,Tony Thompson,1995,-9.832,major,1990
spotify:track:5ib3EGG06XUnUf7hzDnheL,5ib3EGG06XUnUf7hzDnheL,Got My Whiskey,Mel Waiters,1997,-4.351,major,1990
spotify:track:09EwNbGvUyu7BDEYG0cJro,09EwNbGvUyu7BDEYG0cJro,Can't C Me,2Pac,1996,-2.234,major,1990
spotify:track:71gTkwpgxUPXuiWRSxSuSi,71gTkwpgxUPXuiWRSxSuSi,Bailar la Soca,Cuba Trinidad,1991,-12.789,major,1990
spotify:track:5AvCe7MaFiRZ5sPlrW8Stb,5AvCe7MaFiRZ5sPlrW8Stb,Geto Fantasy,Geto Boys,1996,-8.09,minor,1990
spotify:track:1Sgj10byiGzPpI2IrXSFEn,1Sgj10byiGzPpI2IrXSFEn,Protect Ya Neck,Wu-Tang Clan,1993,-10.8,minor,1990
spotify:track:54huym3Clwn8vsqDeTVETg,54huym3Clwn8vsqDeTVETg,Tell Me Do U Wanna,Ginuwine,1996,-6.932,minor,1990
spotify:track:6oadMAqfdbOBvGib6lUpn3,6oadMAqfdbOBvGib6lUpn3,Cocktales,Too $hort,1995,-6.884,minor,1990
spotify:track:3PPWLupdDmyZnTu0eRd90P,3PPWLupdDmyZnTu0eRd90P,Take Me There - Remix,Blackstreet,1999,-3.983,major,1990
spotify:track:7DBIvPoaC3Wv69Qe5II7b3,7DBIvPoaC3Wv69Qe5II7b3,Sleigh Ride,TLC,1993,-8.96,minor,1990
spotify:track:5H9y7se06T9etwuJs47e2m,5H9y7se06T9etwuJs47e2m,Shivers,The Witches,1996,-9.218,major,1990
spotify:track:7JG411Bqg3I54wvm7QYwxB,7JG411Bqg3I54wvm7QYwxB,Shinin',DJ DMD,1998,-6.683,minor,1990
spotify:track:6JI5wNWYdBw68GZjOMmgK5,6JI5wNWYdBw68GZjOMmgK5,Put It On,Big L,1995,-10.174,minor,1990
spotify:track:3UQAKY0SUEonxneROvv4jy,3UQAKY0SUEonxneROvv4jy,Ready to Die - 2006 Remaster,The Notorious B.I.G.,1994,-5.713,major,1990
spotify:track:3uQ66wzJlRPBvy883oYCa8,3uQ66wzJlRPBvy883oYCa8,Together Forever,Lisette Melendez,1991,-7.811,major,1990
spotify:track:4RDKdzgdnlBcpJ1SJoXbG8,4RDKdzgdnlBcpJ1SJoXbG8,Butterfly,Weezer,1996,-15.35,major,1990
spotify:track:3PPJVaa7maBPrYA4OS6gyG,3PPJVaa7maBPrYA4OS6gyG,Ziggy Stardust - 1997 Remaster,David Bowie,1997,-14.531,major,1990
spotify:track:1qlsnDtzryr3yLuocJ00PY,1qlsnDtzryr3yLuocJ00PY,Alone with You,Tevin Campbell,1991,-13.138,minor,1990
spotify:track:6NVRYaGyZX2aWGtPnSqDgA,6NVRYaGyZX2aWGtPnSqDgA,Humpin' Around,Bobby Brown,1992,-7.271,major,1990
spotify:track:4ScNzmyZZId9kGK9iXuqjn,4ScNzmyZZId9kGK9iXuqjn,Live and Learn,Joe Public,1992,-9.464,minor,1990
spotify:track:7H8zey5My6uNdD2TxeCb9F,7H8zey5My6uNdD2TxeCb9F,Don't Speak,No Doubt,1995,-7.113,minor,1990
spotify:track:1n86eBhlqaxWIwi5YZTUok,1n86eBhlqaxWIwi5YZTUok,I Get Around,2Pac,1993,-13.927,minor,1990
spotify:track:7LygtNjQ65PSdzVjUnHXQb,7LygtNjQ65PSdzVjUnHXQb,Cherry Pie,Warrant,1990,-4.591,major,1990
spotify:track:5QLHGv0DfpeXLNFo7SFEy1,5QLHGv0DfpeXLNFo7SFEy1,1979 - Remastered 2012,The Smashing Pumpkins,1995,-9.896,major,1990
spotify:track:1ckU1EhAO0Nr73QYw24SWJ,1ckU1EhAO0Nr73QYw24SWJ,My Love Is Your Love,Whitney Houston,1998,-9.512,major,1990
spotify:track:0EG1aud0wJV0BneTJDifof,0EG1aud0wJV0BneTJDifof,No Será Fácil,Gloria Estefan,1990,-14.904,major,1990
spotify:track:6MHOg9xiYC2gj8zcASaLUo,6MHOg9xiYC2gj8zcASaLUo,"Strangelove - 7"" Version",Depeche Mode,1998,-3.503,minor,1990
spotify:track:3gyEt1vswIEbpQqBs18Lha,3gyEt1vswIEbpQqBs18Lha,Harana,Parokya Ni Edgar,1997,-22.087,major,1990
spotify:track:7EIBlyjSzRXbTCFrW2wZ01,7EIBlyjSzRXbTCFrW2wZ01,No Guarantee - Remix Version,Chico DeBarge,1997,-34.283,major,1990
spotify:track:7r45JFRfUkMjj5PHdAmRYk,7r45JFRfUkMjj5PHdAmRYk,Sweet Home Alabama,Lynyrd Skynyrd,1998,-10.385,major,1990
spotify:track:2GORop0i2cyx8C0A3JzL44,2GORop0i2cyx8C0A3JzL44,Dance with Me,Orleans,1997,-10.083,major,1990
spotify:track:0es33Xx9LmJoIPwlezBCmJ,0es33Xx9LmJoIPwlezBCmJ,El Rito - Remasterizado 2007,Soda Stereo,1997,-6.275,major,1990
spotify:track:5L0KDoZklMgs9GPoonneEl,5L0KDoZklMgs9GPoonneEl,Nice & Slow,Usher,1997,-11.964,minor,1990
spotify:track:58s4iqgXFzXhBndBkg2AaD,58s4iqgXFzXhBndBkg2AaD,Spend My Life with You,Eric Benét,1999,-8.784,major,1990
spotify:track:3p50PUgtBHM6rwUuD3RfFV,3p50PUgtBHM6rwUuD3RfFV,One Time 4 Your Mind,Nas,1994,-6.928,minor,1990
spotify:track:1miHnlTDGQSjELPZCrsmCy,1miHnlTDGQSjELPZCrsmCy,Think You're Gonna Like It,SWV,1992,-8.713,major,1990
spotify:track:0yf6ORR6kV4iEn6T78XKbZ,0yf6ORR6kV4iEn6T78XKbZ,Wrong Side of da Tracks,Artifacts,1994,-9.974,major,1990
spotify:track:00FR9VQ0uzF4NNxVKKiMz2,00FR9VQ0uzF4NNxVKKiMz2,Full Of Smoke,Christión,1997,-8.747,minor,1990
spotify:track:4LLHvfvE21JQFD9ZKVCbd0,4LLHvfvE21JQFD9ZKVCbd0,Lost,T-Dre,1998,-9.221,major,1990
spotify:track:0HOqINudNgQFpg1le5Hnqe,0HOqINudNgQFpg1le5Hnqe,Damn It Feels Good to Be a Gangsta,Geto Boys,1992,-7.915,major,1990
spotify:track:1zuFmAYoY5ZOPRRIxcakUa,1zuFmAYoY5ZOPRRIxcakUa,Whatcha Wanna Do,Mia X,1998,-8.582,minor,1990
spotify:track:1dF5Y2dd7Wm4wZKvVjWBpr,1dF5Y2dd7Wm4wZKvVjWBpr,1st of Tha Month,Bone Thugs-N-Harmony,1995,-8.235,minor,1990
spotify:track:2MT38CFvDK7qQjLMixkNoP,2MT38CFvDK7qQjLMixkNoP,Quiet Life,Japan,1996,-12.442,minor,1990
spotify:track:5X9mQ7bV2wY5S9uIZsasbs,5X9mQ7bV2wY5S9uIZsasbs,Eye of the Tiger,Survivor,1990,-12.162,minor,1990
spotify:track:6KMoKU9mRNthObqYAMrXnD,6KMoKU9mRNthObqYAMrXnD,Jus Lyke Compton,DJ Quik,1991,-5.247,major,1990
spotify:track:3Nf8oGn1okobzjDcFCvT6n,3Nf8oGn1okobzjDcFCvT6n,I'll Stand by You,Pretenders,1994,-6.549,major,1990
spotify:track:6RaoAZP9DWRgOZS5Fzayws,6RaoAZP9DWRgOZS5Fzayws,Easy Livin',Uriah Heep,1996,-10.173,minor,1990
spotify:track:31AOj9sFz2gM0O3hMARRBx,31AOj9sFz2gM0O3hMARRBx,Losing My Religion,R.E.M.,1991,-5.051,minor,1990
spotify:track:40WzXFabdkT1KCgRYwoz8X,40WzXFabdkT1KCgRYwoz8X,Generation Of Love,Masterboy,1995,-6.515,minor,1990
spotify:track:2Ld2LehpgQNREMxl9LlIzm,2Ld2LehpgQNREMxl9LlIzm,"Boom, Boom, Boom, Boom!!",Vengaboys,1998,-7.346,minor,1990
spotify:track:7dRhHLtfdZaIrlQAJEUZuz,7dRhHLtfdZaIrlQAJEUZuz,Heaven Is,Def Leppard,1992,-6.029,major,1990
spotify:track:6l4TNbfPtNAOOlGIfceSaO,6l4TNbfPtNAOOlGIfceSaO,Ascension (Don't Ever Wonder),Maxwell,1996,-10.48,major,1990
spotify:track:6pz4tdLoIDJdnpXnisSDCK,6pz4tdLoIDJdnpXnisSDCK,Halaga,Parokya Ni Edgar,1999,-9.197,major,1990
spotify:track:6EQ4orawx8eo0aXH0pOKLE,6EQ4orawx8eo0aXH0pOKLE,Skew It on the Bar-B,OutKast,1998,-4.801,major,1990
spotify:track:6ISuXA3UCPMtsyEUGUTAyn,6ISuXA3UCPMtsyEUGUTAyn,Stellar,Incubus,1999,-6.544,major,1990
spotify:track:5QRAfvKPyQpwt897Jc0glg,5QRAfvKPyQpwt897Jc0glg,Blue (Da Ba Dee) - Gabry Ponte Ice Pop Radio,Eiffel 65,1998,-11.471,minor,1990
spotify:track:6uQKuonTU8VKBz5SHZuQXD,6uQKuonTU8VKBz5SHZuQXD,This Is How We Do It,Montell Jordan,1995,-9.374,major,1990
spotify:track:41LiGcvaTkXHyPjfsxKvWv,41LiGcvaTkXHyPjfsxKvWv,Mi Tierra,Gloria Estefan,1993,-6.942,minor,1990
spotify:track:6Vas6h9lB5mmeVDXdFqlQA,6Vas6h9lB5mmeVDXdFqlQA,Freak Like Me,Adina Howard,1995,-6.04,minor,1990
spotify:track:56dSQsKt8xE7pAjlTn3Kky,56dSQsKt8xE7pAjlTn3Kky,Fly Away,Goodie Mob,1998,-8.599,minor,1990
spotify:track:1kq4BX4zZHyr4O5cJGcduh,1kq4BX4zZHyr4O5cJGcduh,Hair Of The Dog,Guns N' Roses,1993,-2.932,major,1990
spotify:track:7IwURvEfVcdxUCjLKUu6sv,7IwURvEfVcdxUCjLKUu6sv,Shame On a Nigga,Wu-Tang Clan,1993,-10.74,major,1990
spotify:track:4Na0siMtWOW9pJoWJ1Ponv,4Na0siMtWOW9pJoWJ1Ponv,Exit Music (For a Film),Radiohead,1997,-11.353,major,1990
spotify:track:1xair0UVVvZdwvtPJb0X4B,1xair0UVVvZdwvtPJb0X4B,Hard To Handle,The Black Crowes,1990,-3.618,major,1990
spotify:track:7HFl64GKBtPTa5YoW7j4jL,7HFl64GKBtPTa5YoW7j4jL,All About U,2Pac,1996,-4.007,major,1990
spotify:track:38paDDziQ57k1f4VfKTeGk,38paDDziQ57k1f4VfKTeGk,California Stars,Billy Bragg,1998,-9.229,major,1990
spotify:track:6ceje6UKhygjO1U1TYvv5P,6ceje6UKhygjO1U1TYvv5P,Sweet Love,Junko Ohashi,1998,-6.929,minor,1990
spotify:track:3xHC9yugYtjibz2908Mch5,3xHC9yugYtjibz2908Mch5,Tear Da Club Up '97,Three 6 Mafia,1997,-4.4,major,1990
spotify:track:2skmOCFU64Bg7Ytkgwliwe,2skmOCFU64Bg7Ytkgwliwe,All For You,Sister Hazel,1997,-6.495,major,1990
spotify:track:2ySmDfSawPEwvjDOxUQvnq,2ySmDfSawPEwvjDOxUQvnq,Oh Lori,Alessi Brothers,1998,-11.987,minor,1990
spotify:track:4IJuJUFUJfuUuVMJEvvGhS,4IJuJUFUJfuUuVMJEvvGhS,Anything - Old Skool Radio Version,SWV Featuring Wu-Tang Clan,1994,-8.121,minor,1990
spotify:track:7GRq9NUgqhxPGUUksX02fk,7GRq9NUgqhxPGUUksX02fk,Blue on Black,Kenny Wayne Shepherd,1997,-7.341,major,1990
spotify:track:4wZzdnhpV0cjSlfh3fZvhp,4wZzdnhpV0cjSlfh3fZvhp,Is It Good To You,Teddy Riley,1991,-7.775,major,1990
spotify:track:3ooAjhyOZ1xttGD0iq1GVO,3ooAjhyOZ1xttGD0iq1GVO,"New York, New York",Tha Dogg Pound,1995,-4.775,major,1990
spotify:track:4r6jPijW3d5iV0eBFVccsa,4r6jPijW3d5iV0eBFVccsa,I Wanna Love Like That,Tony Thompson,1995,-8.446,minor,1990
spotify:track:5sUrlBp7h4aijnw9QwntnI,5sUrlBp7h4aijnw9QwntnI,Roxanne,The Police,1995,-11.692,major,1990
spotify:track:4oDcVoJb3xYz5RDyBzkRJY,4oDcVoJb3xYz5RDyBzkRJY,Bury Me A G,Thug Life,1994,-8.061,minor,1990
spotify:track:6kn5z6hltWF6C9rItSvAzA,6kn5z6hltWF6C9rItSvAzA,For The Cool In You,Babyface,1993,-7.661,minor,1990
spotify:track:669diBOTrIfZzr12C9COHc,669diBOTrIfZzr12C9COHc,Swangin and Bangin,E.S.G.,1994,-11.739,major,1990
spotify:track:2Vpj5colB0MPy3Zg5SITEC,2Vpj5colB0MPy3Zg5SITEC,Bow Down,Westside Connection,1996,-11.01,major,1990
spotify:track:2OyaNAq8BcGstyzueloqpE,2OyaNAq8BcGstyzueloqpE,Too Late To Turn Back Now,Cornelius Brothers & Sister Rose,1996,-7.136,major,1990
spotify:track:4zEvxRDaKDoFlHxK7Hy0wg,4zEvxRDaKDoFlHxK7Hy0wg,Sunday,The Cranberries,1993,-13.103,major,1990
spotify:track:2YodwKJnbPyNKe8XXSE9V7,2YodwKJnbPyNKe8XXSE9V7,Lithium,Nirvana,1991,-6.41,major,1990
spotify:track:4p7XH4NhQ25iGYrrbg93gt,4p7XH4NhQ25iGYrrbg93gt,Suave,Luis Miguel,1993,-9.813,minor,1990
spotify:track:0Z9FRM5zukGVagh8TVSdrI,0Z9FRM5zukGVagh8TVSdrI,"My, My, My",Johnny Gill,1990,-10.31,major,1990
spotify:track:62raUKrBFGTw6OcrdI3c1T,62raUKrBFGTw6OcrdI3c1T,Mo'Murda,Bone Thugs-N-Harmony,1995,-8.787,major,1990
spotify:track:37HqLVODvnooEx6KqcyGns,37HqLVODvnooEx6KqcyGns,Juicy,The Notorious B.I.G.,1994,-4.697,major,1990
spotify:track:2D1O6DE5aJDGHsb0W38EAN,2D1O6DE5aJDGHsb0W38EAN,The Unforgiven II,Metallica,1997,-4.533,minor,1990
spotify:track:5GWV1AwlBbiwbMu6KdUnr0,5GWV1AwlBbiwbMu6KdUnr0,Falling,Jamiroquai,1999,-10.861,major,1990
spotify:track:2xGKkcdKQUyqKKfOhd58gP,2xGKkcdKQUyqKKfOhd58gP,Stay,Oingo Boingo,1991,-11.357,major,1990
spotify:track:1GTPxha6U7x9ElVxkQw3OK,1GTPxha6U7x9ElVxkQw3OK,Firestarter,The Prodigy,1997,-5.167,major,1990
spotify:track:1Jvfg9VNWyDRmA2S3DGsSK,1Jvfg9VNWyDRmA2S3DGsSK,Bring It On,Mia X,1998,-5.607,major,1990
spotify:track:7mW4uXsGvXaqZQh6bcd1Tf,7mW4uXsGvXaqZQh6bcd1Tf,Manhattan,Scott Walker,1995,-12.452,minor,1990
spotify:track:4ANjm2hzxA154u1slPxyeM,4ANjm2hzxA154u1slPxyeM,Choices,Project Pat,1999,-9.622,major,1990
spotify:track:2zoobJFEB9h15fjYjRd6oP,2zoobJFEB9h15fjYjRd6oP,Hail Mary,2Pac,1998,-6.318,minor,1990
spotify:track:7EsjkelQuoUlJXEw7SeVV4,7EsjkelQuoUlJXEw7SeVV4,Black or White,Michael Jackson,1991,-3.748,major,1990
spotify:track:2KdsPGSUXbSZyq4oiDOqAe,2KdsPGSUXbSZyq4oiDOqAe,Murder,UGK,1996,-6.972,major,1990
spotify:track:5yMQERKmNx6ajo4qHi1KT2,5yMQERKmNx6ajo4qHi1KT2,Sending My Love,Zhané,1994,-9.663,major,1990
spotify:track:7qAKV6euO2SCtHsECxuUMM,7qAKV6euO2SCtHsECxuUMM,Are You Ready to Be Loved?,The Deele,1993,-7.147,minor,1990
spotify:track:5zRuPOBoe38AjACFMsxkof,5zRuPOBoe38AjACFMsxkof,Army Of Me,Björk,1995,-9.227,major,1990
spotify:track:67mtN6BlsJR0LVyzvNZnGt,67mtN6BlsJR0LVyzvNZnGt,Tonight's Da Night,Redman,1992,-11.111,major,1990
spotify:track:5JZcX7TTLx4l0xFIXJ3DBt,5JZcX7TTLx4l0xFIXJ3DBt,What's My Age Again?,blink-182,1999,-7.376,major,1990
spotify:track:2AmCvxADlZLK4xX47VezOR,2AmCvxADlZLK4xX47VezOR,Feels Good,Tony! Toni! Toné!,1997,-5.188,major,1990
spotify:track:1siV5UzcXuFK5tMUVQ5KiM,1siV5UzcXuFK5tMUVQ5KiM,Amor Narcótico,ChiChi Peralta,1997,-10.302,major,1990
spotify:track:2ohf5urBpT8bieYr8kq3kt,2ohf5urBpT8bieYr8kq3kt,"Bout It, Bout It II",Master P,1996,-6.339,major,1990
spotify:track:64BbK9SFKH2jk86U3dGj2P,64BbK9SFKH2jk86U3dGj2P,Otherside,Red Hot Chili Peppers,1999,-3.265,major,1990
spotify:track:0DO5Qkdbtym514lDNy6LC2,0DO5Qkdbtym514lDNy6LC2,Ill Street Blues (Illest Version),Kool G Rap & DJ Polo,1992,-12.316,major,1990
spotify:track:3mayeyaPg5DQGBa78LJM59,3mayeyaPg5DQGBa78LJM59,Pretty,The Cranberries,1993,-15.379,major,1990
spotify:track:0jPibF4bsrW5kLxEWYoxM7,0jPibF4bsrW5kLxEWYoxM7,Tilt,Scott Walker,1995,-11.569,major,1990
spotify:track:2VVkqfGIVZdM6j0bDoaMkI,2VVkqfGIVZdM6j0bDoaMkI,To Be with You - 2010 Remastered Version,Mr. Big,1991,-9.601,major,1990
spotify:track:7uuirrtCr8O8fz7kQS6VUR,7uuirrtCr8O8fz7kQS6VUR,Pare Ko,Eraserheads,1993,-11.694,major,1990
spotify:track:4x1TI0SJk0qznDymqsfobz,4x1TI0SJk0qznDymqsfobz,Rhythm & Drums - The Hitmen Rework Edit,general base,1995,-4.446,minor,1990
spotify:track:4IsnUEgEcb7epezwgWCBJn,4IsnUEgEcb7epezwgWCBJn,Love Shoulda Brought You Home,Toni Braxton,1993,-6.531,major,1990
spotify:track:4dTtYVQzlwBMpVyQ4h3wy2,4dTtYVQzlwBMpVyQ4h3wy2,The What,The Notorious B.I.G.,1994,-8.213,major,1990
spotify:track:1p46bniF6fC9kT1v5yjJOI,1p46bniF6fC9kT1v5yjJOI,Head Over Heels,The Go-Go's,1990,-10.573,major,1990
spotify:track:5nzEilkVhvnCD0xpW3raTy,5nzEilkVhvnCD0xpW3raTy,No Dejes Que...,Caifanes,1992,-7.593,major,1990
spotify:track:7BCrpOMsSnVpDgzQefNsyH,7BCrpOMsSnVpDgzQefNsyH,The Motive - Greg Walsh Remix,Then Jerico,1990,-11.805,major,1990
spotify:track:6cOb0Ag4iI3YVwHvuxkErn,6cOb0Ag4iI3YVwHvuxkErn,Is It Good To You,Teddy Riley,1991,-7.775,major,1990
spotify:track:3jMxlXdAYNh41Eo6biUeXR,3jMxlXdAYNh41Eo6biUeXR,Feel the Bass III,DJ Magic Mike,1991,-17.181,major,1990
spotify:track:3GApO5GOxyRdMkrGLUhXeO,3GApO5GOxyRdMkrGLUhXeO,Eternity,Master P,1998,-4.172,minor,1990
spotify:track:1FbpSsdmMeqNu226tMXRqP,1FbpSsdmMeqNu226tMXRqP,Ayer,Gloria Estefan,1993,-8.109,minor,1990
spotify:track:60NvAO9lx0KmBNAVHIlWN6,60NvAO9lx0KmBNAVHIlWN6,How Deep Is Your Love,Dru Hill,1998,-9.12,minor,1990
spotify:track:3vV2Gu4JlRaeHfJxg2Z1dk,3vV2Gu4JlRaeHfJxg2Z1dk,My Oh My,Aqua,1997,-7.742,minor,1990
spotify:track:6JifQymydeuqrgE7KhjHAM,6JifQymydeuqrgE7KhjHAM,Painted Moon (Blues Mix),The Silencers,1996,-10.125,major,1990
spotify:track:2bgIU4lx8QdpOaCEaKu40b,2bgIU4lx8QdpOaCEaKu40b,It's Alright,Jodeci,1991,-9.391,minor,1990
spotify:track:01QhVHvkGqzO861Kl3GhfX,01QhVHvkGqzO861Kl3GhfX,I'll Be All You'll Ever Need,Trinere,1997,-8.195,minor,1990
spotify:track:3HGE6Is63CrKHS9DZ26RIO,3HGE6Is63CrKHS9DZ26RIO,Rub You The Right Way,Johnny Gill,1990,-6.937,major,1990
spotify:track:4IEKd1d4UAMeMjVG95yw0x,4IEKd1d4UAMeMjVG95yw0x,Tell Me What You Like,Guy,1998,-11.308,minor,1990
spotify:track:6QewNVIDKdSl8Y3ycuHIei,6QewNVIDKdSl8Y3ycuHIei,Even Flow,Pearl Jam,1991,-6.506,minor,1990
spotify:track:2p9sprAX27D6U5cuSE9NsM,2p9sprAX27D6U5cuSE9NsM,When I B On Tha Mic,Rakim,1999,-7.332,major,1990
spotify:track:5LLRxnEQAbnQNzLK0mAC2R,5LLRxnEQAbnQNzLK0mAC2R,The Way I Feel About You,Karyn White,1991,-7.056,major,1990
spotify:track:3l3xTXsUXeWlkPqzMs7mPD,3l3xTXsUXeWlkPqzMs7mPD,End Of The Road,Boyz II Men,1991,-9.29,minor,1990
spotify:track:30MFmjElHOCOhfu6q48Wtv,30MFmjElHOCOhfu6q48Wtv,That Girl,MJG,1997,-5.814,major,1990
spotify:track:02UC06EU3bbApTs9lsNzFC,02UC06EU3bbApTs9lsNzFC,Gansta (Put Me Down),Geto Boys,1998,-8.452,major,1990
spotify:track:43JSZNyRzLa3nD9W0hfD48,43JSZNyRzLa3nD9W0hfD48,Nuttin' But Love,Heavy D & The Boyz,1994,-13.619,minor,1990
spotify:track:17S4XrLvF5jlGvGCJHgF51,17S4XrLvF5jlGvGCJHgF51,Learning To Fly,Tom Petty and the Heartbreakers,1991,-9.935,major,1990
spotify:track:7d9I42jF759n5HuUeoulzR,7d9I42jF759n5HuUeoulzR,Nann Nigga,Trick Daddy,1999,-5.245,major,1990
spotify:track:5bJ796cOnGBzSN5bm4mwMj,5bJ796cOnGBzSN5bm4mwMj,You're Makin' Me High,Toni Braxton,1996,-8.663,minor,1990
spotify:track:2Uvl2lg2PKadatoNJAjv88,2Uvl2lg2PKadatoNJAjv88,SuperThug,N.O.R.E.,1998,-3.325,major,1990
spotify:track:1gnwmsTBXCw5Lyxt1UxM8s,1gnwmsTBXCw5Lyxt1UxM8s,2 Of Amerikaz Most Wanted,2Pac,1998,-3.439,major,1990
spotify:track:6xYd4zCVeSp80Un2Rl9wDs,6xYd4zCVeSp80Un2Rl9wDs,Cruisin' - Carl Mackintosh Mix,D'Angelo,1995,-12.725,minor,1990
spotify:track:6op1UDHN1e7x9YzQWVxRCR,6op1UDHN1e7x9YzQWVxRCR,April's Fool,Riff,1991,-8.524,minor,1990
spotify:track:1TWhpLaqdToKoHHpFnCxsd,1TWhpLaqdToKoHHpFnCxsd,I Miss You,Aaron Hall,1993,-5.277,major,1990
spotify:track:6SdPDNYIs34H0MWBrrfH6T,6SdPDNYIs34H0MWBrrfH6T,I'll Give All My Love to You,Keith Sweat,1990,-13.294,major,1990
spotify:track:5xka4Z5fOoXt0v9Qxpzh6t,5xka4Z5fOoXt0v9Qxpzh6t,Hey Mr. D.J.,Zhané,1994,-8.172,major,1990
spotify:track:73jxc8OqPUqXEzsRnCgw8M,73jxc8OqPUqXEzsRnCgw8M,Love Song,Tesla,1995,-8.172,major,1990
spotify:track:25LbeGnYJuqbkxqc8VyhTs,25LbeGnYJuqbkxqc8VyhTs,Denial,Sevendust,1999,-6.035,major,1990
spotify:track:5BIMPccDwShpXq784RJlJp,5BIMPccDwShpXq784RJlJp,Enter Sandman,Metallica,1991,-8.71,minor,1990
spotify:track:3R9pp84rf8oe5OYtOYRvya,3R9pp84rf8oe5OYtOYRvya,Te Para Tres,Soda Stereo,1997,-15.026,major,1990
spotify:track:01gSIlj7mZnuRr7GWajrgT,01gSIlj7mZnuRr7GWajrgT,Try My Love,Shinehead,1992,-15.495,minor,1990
spotify:track:2SyOC3U8VQiFq51jiBRxGz,2SyOC3U8VQiFq51jiBRxGz,Tú No Ajaunta (Checkmate) - Spanish Edit,Cypress Hill,1999,-9.921,major,1990
spotify:track:3HfB5hBU0dmBt8T0iCmH42,3HfB5hBU0dmBt8T0iCmH42,Creep,Radiohead,1993,-13.057,major,1990
spotify:track:3lsse1FoSHnNXc6y0jHxvd,3lsse1FoSHnNXc6y0jHxvd,I Wanna Sex You Up - Single Mix,Color Me Badd,1991,-8.404,minor,1990
spotify:track:4Ck4Qah5oq4a8hyVROESHj,4Ck4Qah5oq4a8hyVROESHj,O Come All Ye Faithful,Kirk Franklin,1996,-6.631,minor,1990
spotify:track:2kWB9IV8EHDOU9EjgxWFrF,2kWB9IV8EHDOU9EjgxWFrF,Sandstorm - Radio Edit,Darude,1999,-6.798,minor,1990
spotify:track:59UINV3c9gQ4bzgXbMf9aS,59UINV3c9gQ4bzgXbMf9aS,Para Que No Digas Que No Pienso en Ti,Caifanes,1992,-10.726,major,1990
spotify:track:0fxU0Wr9laBGaNsrwJ07Pz,0fxU0Wr9laBGaNsrwJ07Pz,I Got The Feeling,Today,1998,-7.444,major,1990
spotify:track:1IfUGEJiMxAf96sGEgLt31,1IfUGEJiMxAf96sGEgLt31,You Are Everything,Dru Hill,1998,-6.24,major,1990
spotify:track:2Hw5F4S5TFmrpBoWXc2Awx,2Hw5F4S5TFmrpBoWXc2Awx,Missing You,John Waite,1996,-7.251,major,1990
spotify:track:3RNvMhYFEwpCgPnDGKR5MB,3RNvMhYFEwpCgPnDGKR5MB,Cry For You,Jodeci,1993,-12.349,minor,1990
spotify:track:1iXtpeHC0i6c7JBrKi3yaq,1iXtpeHC0i6c7JBrKi3yaq,Use Your Heart,SWV,1996,-8.457,major,1990
spotify:track:6XOINCZBv8Q7RXgNNiTwIN,6XOINCZBv8Q7RXgNNiTwIN,A Girl Like You,Edwyn Collins,1994,-7.455,minor,1990
spotify:track:00e5UrNnUkBSKOPRUew6bG,00e5UrNnUkBSKOPRUew6bG,Stop Lying,Mr. Mike,1996,-9.459,major,1990
spotify:track:3CeYdUfGPCjKMDYyI1PpCh,3CeYdUfGPCjKMDYyI1PpCh,Otherside,Red Hot Chili Peppers,1999,-3.265,major,1990
spotify:track:6ygcYdLszK2DJUU7BWuCxx,6ygcYdLszK2DJUU7BWuCxx,It Never Rains (In Southern California),Tony! Toni! Toné!,1997,-8.481,major,1990
spotify:track:09ceBjuAz0mIyxt8WZt2eu,09ceBjuAz0mIyxt8WZt2eu,About Last Night,Miguel Reyes,1996,-13.51,minor,1990
spotify:track:541EP6U9FXMjq1ulE7v3w8,541EP6U9FXMjq1ulE7v3w8,Sultans of Swing,Dire Straits,1998,-10.059,major,1990
spotify:track:3uPfVXcjnpOjyzI3jb3js4,3uPfVXcjnpOjyzI3jb3js4,Fly,Sugar Ray,1997,-8.15,major,1990
spotify:track:5Tl0HJvynZtKdSUMKbFVVX,5Tl0HJvynZtKdSUMKbFVVX,Hard Knock Life (Ghetto Anthem),JAY-Z,1998,-5.857,minor,1990
spotify:track:3tyUh8UpK0PVu00AjbP1UG,3tyUh8UpK0PVu00AjbP1UG,Brown Sugar,D'Angelo,1995,-8.342,major,1990
spotify:track:0bqfNDZvqXB10fUKSfj6mY,0bqfNDZvqXB10fUKSfj6mY,Tu Luz,Azul Violeta,1996,-8.023,major,1990
spotify:track:1llLVlNKPKg4TWaDS9CDit,1llLVlNKPKg4TWaDS9CDit,90's Girl,Black girl,1994,-7.77,minor,1990
spotify:track:5b2NgPj4WBjBW1uLbl2v9p,5b2NgPj4WBjBW1uLbl2v9p,New Jack Swing II - Hard Version,Wreckx-N-Effect,1992,-5.093,minor,1990
spotify:track:05vpswcCkiXX2egk5GBo2y,05vpswcCkiXX2egk5GBo2y,Middle Of The Night,MJG,1997,-7.041,minor,1990
spotify:track:10igKaIKsSB6ZnWxPxPvKO,10igKaIKsSB6ZnWxPxPvKO,Nothing Else Matters,Metallica,1991,-11.258,minor,1990
spotify:track:56hvN4r1qI7kDW9cw1lVov,56hvN4r1qI7kDW9cw1lVov,Hay,Crucial Conflict,1996,-9.163,minor,1990
spotify:track:5qKqRkWnRTXNVWbEOOmGxk,5qKqRkWnRTXNVWbEOOmGxk,Wheelz of Steel,OutKast,1996,-7.263,minor,1990
spotify:track:5UVcgBRW78CCcKCopEGAST,5UVcgBRW78CCcKCopEGAST,Make It Happen,Mariah Carey,1991,-8.537,minor,1990
spotify:track:7EgBkZlqWRwvjmyc115LLR,7EgBkZlqWRwvjmyc115LLR,Don't Be Afraid - Sex You Down Some Mo' Version,Aaron Hall,1993,-6.751,minor,1990
spotify:track:3Jw774vf185xkKIUZWySx5,3Jw774vf185xkKIUZWySx5,Asi Son Mis Dias,Control Machete,1997,-9.603,minor,1990
spotify:track:0R332cdlS9LyE0Ge2PSlVC,0R332cdlS9LyE0Ge2PSlVC,Climbing Up the Walls,Radiohead,1997,-7.476,minor,1990
spotify:track:61VlApj8p2ZaP0WTunTrKT,61VlApj8p2ZaP0WTunTrKT,Give Up the Goods (Just Step) (feat. Big Noyd),Mobb Deep,1995,-6.399,major,1990
spotify:track:7mN0AL5ZsYMxJOftvVclOi,7mN0AL5ZsYMxJOftvVclOi,Dream On,Aerosmith,1991,-12.123,minor,1990
spotify:track:4RybvT8lyLLjkWXqmAuZnX,4RybvT8lyLLjkWXqmAuZnX,Happy People (feat. Marky Mark),Prince Ital Joe,1994,-8.346,minor,1990
spotify:track:401Wpcw5VRjNOmsPpvKlfJ,401Wpcw5VRjNOmsPpvKlfJ,Ileso,Control Machete,1999,-8.372,major,1990
spotify:track:3ZFwuJwUpIl0GeXsvF1ELf,3ZFwuJwUpIl0GeXsvF1ELf,Nothing Else Matters,Metallica,1991,-11.258,minor,1990
spotify:track:6HlMq7SQIu9CuzsJ3yOFpv,6HlMq7SQIu9CuzsJ3yOFpv,Come As You Are,Nirvana,1991,-5.846,minor,1990
spotify:track:0csUoMvvImqcIPpobc21QU,0csUoMvvImqcIPpobc21QU,Somethin' 4 Da Honeyz,Montell Jordan,1995,-8.507,minor,1990
spotify:track:05NYcsjJwOYq4jIiKPVj9p,05NYcsjJwOYq4jIiKPVj9p,Hard To Handle,The Black Crowes,1990,-3.596,major,1990
spotify:track:15FMSxoPEkD7Nn4LwnR3yz,15FMSxoPEkD7Nn4LwnR3yz,Unsolved Mysteries,South Circle,1995,-3.14,major,1990
spotify:track:1AHfovSnGPVYKaahRtA0U6,1AHfovSnGPVYKaahRtA0U6,The Message,Nas,1996,-7.178,major,1990
spotify:track:7gdYqJo35yb6ZiTjywm8ui,7gdYqJo35yb6ZiTjywm8ui,Tonight,Sammy C,1996,-11.328,major,1990
spotify:track:5QH3pNXpDzSIMziqX9lL1l,5QH3pNXpDzSIMziqX9lL1l,You Look Like Rain,Morphine,1993,-19.301,major,1990
spotify:track:6xQZuh6E5I7Ga9RNTXUM9k,6xQZuh6E5I7Ga9RNTXUM9k,Lodi Dodi (feat. Nancy Fletcher),Snoop Dogg,1993,-3.802,major,1990
spotify:track:0QnGI4OgY8ReggLWvEXdgD,0QnGI4OgY8ReggLWvEXdgD,Street Dreams,Nas,1996,-8.681,minor,1990
spotify:track:1XKchmOVVAhSlJzDuBoQa1,1XKchmOVVAhSlJzDuBoQa1,Fix,Blackstreet,1996,-2.862,minor,1990
spotify:track:4VzCNmuj3f8RtWpSKFZiLp,4VzCNmuj3f8RtWpSKFZiLp,Who Shot Ya? - 2005 Remaster,The Notorious B.I.G.,1999,-4.886,major,1990
spotify:track:3KHLmEOyPeJTa5jsNHvAgw,3KHLmEOyPeJTa5jsNHvAgw,You & Me,Mia X,1997,-10.111,minor,1990
spotify:track:6jkN2Hn7H5qTLoJpoIolXk,6jkN2Hn7H5qTLoJpoIolXk,Ridin,Hot Boys,1999,-5.804,minor,1990
spotify:track:2KArbNRAnfGcnZ1gSYhVy5,2KArbNRAnfGcnZ1gSYhVy5,The Drugs Don't Work,The Verve,1997,-9.788,major,1990
spotify:track:3nQb8fohRKtrfhwCfAFXci,3nQb8fohRKtrfhwCfAFXci,Where I Wanna Be Boy,Miss Jones,1994,-9.819,minor,1990
spotify:track:2XKA576OqiY4PTKpVTA9AC,2XKA576OqiY4PTKpVTA9AC,"Hopeless (From the New Line Cinema Film, ""Love Jones"")",Dionne Farris,1997,-10.23,major,1990
spotify:track:5hHdrN23SMuJkAsoyUcN24,5hHdrN23SMuJkAsoyUcN24,Danger - Original Mix,Blahzay Blahzay,1996,-7.943,major,1990
spotify:track:0Uu8BPsWQGZk5AiRN3uBwn,0Uu8BPsWQGZk5AiRN3uBwn,Black Ice (Sky High) (feat. OutKast),Goodie Mob,1998,-5.411,minor,1990
spotify:track:4cgJF9rKas2H5AC8FnNts0,4cgJF9rKas2H5AC8FnNts0,Let's Play House,Tha Dogg Pound,1995,-4.759,minor,1990
spotify:track:1iqbvOlfRIkVsk6L54ufGu,1iqbvOlfRIkVsk6L54ufGu,Heads High (Kill 'Em With It Re-Mix),Mr. Vegas,1998,-5.509,major,1990
spotify:track:0yNCFwihschpOwSgK31f2O,0yNCFwihschpOwSgK31f2O,Hit Me Off,New Edition,1996,-4.571,minor,1990
spotify:track:1xFliXOpcu7E89AsDAZ7JV,1xFliXOpcu7E89AsDAZ7JV,Breathe Again,Toni Braxton,1993,-6.36,major,1990
spotify:track:7II7n1Qy5He7hs2Q9XIbYD,7II7n1Qy5He7hs2Q9XIbYD,Coffee Shoppe,Redman,1998,-5.096,minor,1990
spotify:track:7CpM5kJcmLKH67HObfy4Kq,7CpM5kJcmLKH67HObfy4Kq,Gotta Learn My Rhythm,Damian Dame,1991,-10.401,minor,1990
spotify:track:1JWog4dILZKJyg8o57Ew7p,1JWog4dILZKJyg8o57Ew7p,Feelin' Inside,Bobby Brown,1997,-6.957,minor,1990
spotify:track:1mIMTXtS7NPOD1Xq63Zxhq,1mIMTXtS7NPOD1Xq63Zxhq,Matrimony: Maybe You,Maxwell,1998,-10.022,major,1990
spotify:track:1kmdxgEGbd0BsJcqnNQXT6,1kmdxgEGbd0BsJcqnNQXT6,Hand of the Dead Body,Scarface,1994,-5.414,major,1990
spotify:track:5OwponLnwCAYnWql6cwBru,5OwponLnwCAYnWql6cwBru,Drain You,Nirvana,1991,-5.625,minor,1990
spotify:track:4I0aqR9G7F6oUPqQXLxSdW,4I0aqR9G7F6oUPqQXLxSdW,My Favorite Things,The Supremes,1999,-10.916,minor,1990
spotify:track:1w29UTa5uUvIri2tWtZ12Y,1w29UTa5uUvIri2tWtZ12Y,Hip Hop Hooray,Naughty By Nature,1993,-13.652,minor,1990
spotify:track:2bRj2mLH4nBgN9XRIA56dk,2bRj2mLH4nBgN9XRIA56dk,Do Me Right,Guy,1990,-11.166,major,1990
spotify:track:16LnNR25rqcvQVNv5UEQ7g,16LnNR25rqcvQVNv5UEQ7g,X,Xzibit,1996,-5.583,minor,1990
spotify:track:5cxQSKOme3MaAtdF3JEWln,5cxQSKOme3MaAtdF3JEWln,They Don't Dance No Mo' (feat. Lil' Will),Goodie Mob,1998,-8.648,minor,1990
spotify:track:1dQOMZz9SkT7ig0w65lQWC,1dQOMZz9SkT7ig0w65lQWC,This Year's Love,David Gray,1998,-11.635,major,1990
spotify:track:5AIA8TpGhuilLpHbA6c1bq,5AIA8TpGhuilLpHbA6c1bq,Georgy Porgy (feat. Faith Evans),Eric Benét,1999,-7.033,minor,1990
spotify:track:3sQbsGJ3XJoFw1coscicAa,3sQbsGJ3XJoFw1coscicAa,I Like the Way (The Kissing Game),Hi-Five,1996,-7.564,major,1990
spotify:track:5rB2kidKHVVzPlmz25j23U,5rB2kidKHVVzPlmz25j23U,I Don't Wanna Die,8Ball,1998,-8.466,minor,1990
spotify:track:2ZOTtG7v1OrSNs6EINIGb4,2ZOTtG7v1OrSNs6EINIGb4,Black Betty,Ram Jam,1990,-9.573,minor,1990
spotify:track:71A35JDEclcOvm8q7xwZKa,71A35JDEclcOvm8q7xwZKa,Anger in the Nation,Pete Rock & C.L. Smooth,1992,-12.46,major,1990
spotify:track:4xqw8JSmfNdHLCuT23pHiv,4xqw8JSmfNdHLCuT23pHiv,Last Goodbye,Jeff Buckley,1994,-5.686,major,1990
spotify:track:3SVAN3BRByDmHOhKyIDxfC,3SVAN3BRByDmHOhKyIDxfC,Karma Police,Radiohead,1997,-9.129,major,1990
spotify:track:7pf6YT5CmmQxs6Uz7dABNB,7pf6YT5CmmQxs6Uz7dABNB,Doggy Dogg World (feat. The Dramatics & Tha Dogg Pound),Snoop Dogg,1993,-6.311,major,1990
spotify:track:4Qbjmdlv1eZDD1u8SWe1pt,4Qbjmdlv1eZDD1u8SWe1pt,Alive,Pearl Jam,1991,-8.053,major,1990
spotify:track:0QVCqacAloq7NsnPWhW3Pk,0QVCqacAloq7NsnPWhW3Pk,It's So Hard To Say Goodbye To Yesterday - Original Version,Boyz II Men,1991,-17.71,major,1990
spotify:track:5dle7lDSqNS2AcFtbvgkud,5dle7lDSqNS2AcFtbvgkud,Rhythm Is A Dancer - 12'' Version,SNAP!,1991,-7.303,minor,1990
spotify:track:5Sm1X46tna50RstHZvw072,5Sm1X46tna50RstHZvw072,Bitch Please,Snoop Dogg,1999,-4.639,major,1990
spotify:track:2d6m2u18196oYQS2mbaO6t,2d6m2u18196oYQS2mbaO6t,Tiempo De Vals,Chayanne,1990,-15.612,major,1990
spotify:track:2CG9mGkKC6IQE5lEjDioEi,2CG9mGkKC6IQE5lEjDioEi,Just Kickin' It,Xscape,1993,-12.872,minor,1990
spotify:track:5qSi2enCOy9spCBQVqsHG0,5qSi2enCOy9spCBQVqsHG0,Heal The World,Michael Jackson,1991,-8.045,major,1990
spotify:track:4VE3jasMCphS1duMN6RNNB,4VE3jasMCphS1duMN6RNNB,Rub You The Right Way,Johnny Gill,1997,-5.225,major,1990
spotify:track:49wUEruAhNTs6rIUJkla9B,49wUEruAhNTs6rIUJkla9B,College Days,The Great Divide,1999,-2.863,major,1990
spotify:track:5NkCxPZOHGCsP2UGDyNLRV,5NkCxPZOHGCsP2UGDyNLRV,Infinite Possibilities,Amel Larrieux,1999,-10.289,minor,1990
spotify:track:1lL1jDnZTH60djVb6vKIQj,1lL1jDnZTH60djVb6vKIQj,Please Mr. Please,Olivia Newton-John,1995,-13.204,major,1990
spotify:track:40kJxdeSmQieEgTgShXumm,40kJxdeSmQieEgTgShXumm,Because Of Love,Janet Jackson,1993,-5.647,minor,1990
spotify:track:0QnONzv3TvHAWk294h6DaQ,0QnONzv3TvHAWk294h6DaQ,Last Kiss,Pearl Jam,1999,-6.97,major,1990
spotify:track:7yCPwWs66K8Ba5lFuU2bcx,7yCPwWs66K8Ba5lFuU2bcx,All The Small Things,blink-182,1999,-4.764,major,1990
spotify:track:0ZU0XSkAUFqHxiXDMU5FzB,0ZU0XSkAUFqHxiXDMU5FzB,How Long Will They Mourn Me?,Thug Life,1994,-7.503,major,1990
spotify:track:5nXQHx4yYKsZqrm7y4bj03,5nXQHx4yYKsZqrm7y4bj03,400 Degreez,Juvenile,1998,-9.452,major,1990
spotify:track:1ZvhmUmU6zeoo1oNKwBYgf,1ZvhmUmU6zeoo1oNKwBYgf,To Live And Die In L.A.,Makaveli,1996,-7.636,minor,1990
spotify:track:7JjHd7734RnggNeXeOlLGa,7JjHd7734RnggNeXeOlLGa,It's Too Late,Gloria Estefan,1994,-9.479,major,1990
spotify:track:4JYUDRtPZuVNi7FAnbHyux,4JYUDRtPZuVNi7FAnbHyux,"Flava in Ya Ear Remix (feat. Notorious B.I.G., L.L. Cool J, Busta Rhymes, Rampage)",Craig Mack,1994,-5.3,major,1990
spotify:track:2aBxt229cbLDOvtL7Xbb9x,2aBxt229cbLDOvtL7Xbb9x,Always Be My Baby,Mariah Carey,1995,-8.335,major,1990
spotify:track:3ja5IfR4SVatM0xP1Zv7NM,3ja5IfR4SVatM0xP1Zv7NM,"This Is for the Lover In You (feat. LL Cool J, Howard Hewett, Jody Watley & Jeffrey Daniels)",Babyface,1996,-7.346,major,1990
spotify:track:0SzzSNGGEs3Xz21KAJwzmX,0SzzSNGGEs3Xz21KAJwzmX,It's Going Down,South Circle,1995,-3.161,major,1990
spotify:track:5bXLxmqFpKDPbbpkAa9m6V,5bXLxmqFpKDPbbpkAa9m6V,Back & Forth,Aaliyah,1994,-8.045,major,1990
spotify:track:1Z6lKdYhwp8WYoBqGCKxlM,1Z6lKdYhwp8WYoBqGCKxlM,Unskinny Bop,Poison,1990,-2.949,major,1990
spotify:track:3xv229qX6gFRYgplFCTKBl,3xv229qX6gFRYgplFCTKBl,Paparazzi - Live,Xzibit,1996,-10.237,minor,1990
spotify:track:3f2pJ9Mb9EcaCLJjm1aevz,3f2pJ9Mb9EcaCLJjm1aevz,I Give You My Heart,Mr. President,1996,-4.875,major,1990
spotify:track:5OQsiBsky2k2kDKy2bX2eT,5OQsiBsky2k2kDKy2bX2eT,Learn to Fly,Foo Fighters,1999,-4.025,major,1990
spotify:track:0S8szpYAYYZJGHAzLPF7kZ,0S8szpYAYYZJGHAzLPF7kZ,Everyday - Remastered,Jamiroquai,1996,-13.881,minor,1990
spotify:track:2W2vmNmTLERMWT9XBxm35E,2W2vmNmTLERMWT9XBxm35E,Diggin' On You,TLC,1994,-7.411,major,1990
spotify:track:6nwAubYnLGl7F7cDuOoVLp,6nwAubYnLGl7F7cDuOoVLp,Quiet Storm,Mobb Deep,1999,-9.221,major,1990
spotify:track:48UPSzbZjgc449aqz8bxox,48UPSzbZjgc449aqz8bxox,Californication,Red Hot Chili Peppers,1999,-2.788,minor,1990
spotify:track:0QKBG3v8kqpYEPkTrGg0Zt,0QKBG3v8kqpYEPkTrGg0Zt,Graveyard,Ralph Tresvant,1993,-7.95,major,1990
spotify:track:2Uovs7m5wttaD4qkr8vrzo,2Uovs7m5wttaD4qkr8vrzo,Twenty One,The Cranberries,1994,-14.819,minor,1990
spotify:track:5sAwKZXy47JNVk03zqWgwI,5sAwKZXy47JNVk03zqWgwI,Top O' the Morning to Ya,House Of Pain,1992,-10.173,minor,1990
spotify:track:2dcZFrC8XkdxhVxmb8p2kO,2dcZFrC8XkdxhVxmb8p2kO,Brain Damage,The Austin Lounge Lizards,1991,-12.99,major,1990
spotify:track:5a6WvCvpzP3flz3ZG0aAMp,5a6WvCvpzP3flz3ZG0aAMp,Rock My Heart - Radio Mix,Haddaway,1993,-7.186,minor,1990
spotify:track:0gtTfaz5zzbJA28Ypu7k0W,0gtTfaz5zzbJA28Ypu7k0W,Groove Me,King Floyd,1994,-8.459,major,1990
spotify:track:43sNw9nvGYGLYnNiwI8oMZ,43sNw9nvGYGLYnNiwI8oMZ,Freek'n You,Jodeci,1995,-9.365,minor,1990
spotify:track:7G8AYvlLgDNnjHfWL8YikF,7G8AYvlLgDNnjHfWL8YikF,Lágrimas Negras,Vieja Trova Santiaguera,1994,-13.297,minor,1990
spotify:track:4M1lEbqPzlEw1JYWB6aE7K,4M1lEbqPzlEw1JYWB6aE7K,Estoy Aquí,Shakira,1995,-7.716,major,1990
spotify:track:7mbly2D0GmkwqDGN8nTrRz,7mbly2D0GmkwqDGN8nTrRz,5 Steps,Dru Hill,1996,-8.824,major,1990
spotify:track:0mvocLIWUnT10znvIXwHGr,0mvocLIWUnT10znvIXwHGr,En El Muelle De San Blas,Maná,1997,-5.735,major,1990
spotify:track:6NUga6kum23a1B0CP81huS,6NUga6kum23a1B0CP81huS,Picture Me,C-Murder,1998,-7.93,minor,1990
spotify:track:2kR3B09M6KeJnchOkxwszt,2kR3B09M6KeJnchOkxwszt,Summertime Girls - Studio Version,Y&T,1990,-11.626,major,1990
spotify:track:2QuSUJTRJMzWssW9nXPGcf,2QuSUJTRJMzWssW9nXPGcf,Janice,Skip Mahoney,1993,-9.358,minor,1990
spotify:track:3b0dX6Q2lxp7OX5lFt0nba,3b0dX6Q2lxp7OX5lFt0nba,Ha,Juvenile,1998,-5.381,major,1990
spotify:track:3qjLlHdGbwDQYKYldJp56p,3qjLlHdGbwDQYKYldJp56p,Since I Don't Have You,Guns N' Roses,1993,-6.843,major,1990
spotify:track:7CrY10h4ESBscDFjv8ug6f,7CrY10h4ESBscDFjv8ug6f,Play Wit Pussy,Mia X,1998,-9.682,minor,1990
spotify:track:3g1iyXOgxuPm9zkzqpDOeT,3g1iyXOgxuPm9zkzqpDOeT,Yeats' Grave,The Cranberries,1994,-9.339,minor,1990
spotify:track:0O712LGGTk8e0CFMdUPSB5,0O712LGGTk8e0CFMdUPSB5,Livin' On The Edge,Aerosmith,1993,-4.37,major,1990
spotify:track:3Xn6BioBEOrQnBN0yRrr4p,3Xn6BioBEOrQnBN0yRrr4p,At Your Best (You Are Love),Aaliyah,1994,-9.596,minor,1990
spotify:track:2haCRXHcn0M6IxzGzdW0kd,2haCRXHcn0M6IxzGzdW0kd,Teddy's Jam 2,Guy,1990,-12.51,major,1990
spotify:track:1ofhfV90EnYhEr7Un2fWiv,1ofhfV90EnYhEr7Un2fWiv,Changes,2Pac,1998,-6.289,major,1990
spotify:track:3aYLIO4htUZCAygXUbbc3Q,3aYLIO4htUZCAygXUbbc3Q,Los Dioses Ocultos,Caifanes,1990,-11.042,major,1990
spotify:track:2Nzm9dtlzWHrYtbAt53NV8,2Nzm9dtlzWHrYtbAt53NV8,Where My Girls At,702,1999,-7.45,major,1990
spotify:track:3MF3HJ5dmKm8SiVKXAsQsR,3MF3HJ5dmKm8SiVKXAsQsR,Free,Geto Boys,1998,-8.706,minor,1990
spotify:track:38juUluQHYJdEnYuHazKXE,38juUluQHYJdEnYuHazKXE,Heaven - MTV Unplugged Version,Bryan Adams,1997,-8.88,major,1990
spotify:track:6wCbHb0QEEdka3ymfImn4l,6wCbHb0QEEdka3ymfImn4l,Tha Block Is Hot,Lil Wayne,1999,-5.132,major,1990
spotify:track:6pcCOKRhqzGmqHngGQVUKZ,6pcCOKRhqzGmqHngGQVUKZ,Stop Hatin,Master P,1997,-7.275,minor,1990
spotify:track:5PQmSHzWnlgG4EBuIqjac2,5PQmSHzWnlgG4EBuIqjac2,If I Ruled the World (Imagine That) (feat. Lauryn Hill),Nas,1996,-7.682,minor,1990
spotify:track:7i1nzuzVU0y6XzGdVMJDoI,7i1nzuzVU0y6XzGdVMJDoI,Been There Done That,Dr. Dre,1996,-3.918,minor,1990
spotify:track:6hlRJGUMJZTNbZmHr0qb69,6hlRJGUMJZTNbZmHr0qb69,If You Need Me,Wilson Pickett,1992,-13.133,major,1990
spotify:track:0wokCRaKD0zPNhMRXAgVsr,0wokCRaKD0zPNhMRXAgVsr,Ordinary World,Duran Duran,1993,-10.171,minor,1990
spotify:track:2vcsxeFsY4ZuqL7czWl086,2vcsxeFsY4ZuqL7czWl086,Jailbreak,Thin Lizzy,1996,-6.973,major,1990
spotify:track:0JmWPb3v8yq0JJODZbny83,0JmWPb3v8yq0JJODZbny83,Electric Relaxation,A Tribe Called Quest,1993,-13.025,major,1990
spotify:track:2aSFLiDPreOVP6KHiWk4lF,2aSFLiDPreOVP6KHiWk4lF,Under Pressure - Remastered,Queen,1991,-7.268,major,1990
spotify:track:6sPYHh5eWFWtJ4DavD2VIQ,6sPYHh5eWFWtJ4DavD2VIQ,Nuttin' But Love,Heavy D & The Boyz,1994,-13.663,minor,1990
spotify:track:2g8HN35AnVGIk7B8yMucww,2g8HN35AnVGIk7B8yMucww,Big Poppa - 2005 Remaster,The Notorious B.I.G.,1994,-7.22,minor,1990
spotify:track:3VLJ7dEdTBQ5qPMd0XHKGI,3VLJ7dEdTBQ5qPMd0XHKGI,You've Got Another Thing Coming,Judas Priest,1993,-6.893,minor,1990
spotify:track:3lRgzwd3g1TewI4zjgbh9V,3lRgzwd3g1TewI4zjgbh9V,Sensitivity,Ralph Tresvant,1990,-12.823,major,1990
spotify:track:6jL1SnyXcXiKOmw4M2RnmT,6jL1SnyXcXiKOmw4M2RnmT,Around The Way Girl,LL Cool J,1990,-17.154,minor,1990
spotify:track:5oPUBUzrAnwvlmMzl1VW7Y,5oPUBUzrAnwvlmMzl1VW7Y,Breathe,The Prodigy,1997,-6.117,major,1990
spotify:track:6mwA6YiKDjAUG8kWvRRUPh,6mwA6YiKDjAUG8kWvRRUPh,Back At One,Brian McKnight,1999,-9.115,major,1990
spotify:track:5q0kCefoIXTSyPdG3ftcec,5q0kCefoIXTSyPdG3ftcec,Nothing Even Matters,Ms. Lauryn Hill,1998,-13.888,minor,1990
spotify:track:3QNo5oDTOSI23CDDpDUE9Q,3QNo5oDTOSI23CDDpDUE9Q,"Now That We Found Love - 7"" Radio",Heavy D & The Boyz,1991,-13.919,minor,1990
spotify:track:2uFBqk6flKDuXiaWt0vV68,2uFBqk6flKDuXiaWt0vV68,Hollywood,The Cranberries,1996,-5.598,major,1990
spotify:track:2fXKyAyPrEa24c6PJyqznF,2fXKyAyPrEa24c6PJyqznF,Common People,Pulp,1995,-9.026,major,1990
spotify:track:4m3gxoAguorjKhon1lclXI,4m3gxoAguorjKhon1lclXI,No Fear,O.G.C.,1996,-13.14,minor,1990
spotify:track:6yZAdQyPJtXjATvAT8ERQg,6yZAdQyPJtXjATvAT8ERQg,Coolie High,Camp Lo,1997,-9.326,minor,1990
spotify:track:6kVWb48884mjSOSgGeC8Pm,6kVWb48884mjSOSgGeC8Pm,Looking Through Patient Eyes,P.M. Dawn,1993,-17.765,major,1990
spotify:track:62BoHRGSeDnRd4wMn2DUTp,62BoHRGSeDnRd4wMn2DUTp,Do Yo Time,Geto Boys,1998,-9.92,major,1990
spotify:track:59WN2psjkt1tyaxjspN8fp,59WN2psjkt1tyaxjspN8fp,Killing In The Name,Rage Against The Machine,1992,-4.215,major,1990
spotify:track:1EM23A621Z0QyTlWKu7T1l,1EM23A621Z0QyTlWKu7T1l,Can't Nobody Hold Me Down (feat. Mase),Diddy,1997,-5.935,minor,1990
spotify:track:3m5BfIDqu6Od3RU9cnWDNM,3m5BfIDqu6Od3RU9cnWDNM,Summer Bunnies,R. Kelly,1993,-7.819,minor,1990
spotify:track:5IFCyWplye09HytIP80RCF,5IFCyWplye09HytIP80RCF,Too Close,Next,1997,-9.952,major,1990
spotify:track:22llU7nqiiVcH0UdUtB51P,22llU7nqiiVcH0UdUtB51P,Bad Habit,Whistle,1990,-15.648,minor,1990
spotify:track:2CPturRUlpvirYr7VpkXCV,2CPturRUlpvirYr7VpkXCV,It Ain't Hard to Tell,Nas,1994,-5.819,minor,1990
spotify:track:6Ct0xRDiianggXtNh1kWez,6Ct0xRDiianggXtNh1kWez,Wanna Get With U,Guy,1990,-10.765,minor,1990
spotify:track:3IuJXTVipz0DGz70MaCfgW,3IuJXTVipz0DGz70MaCfgW,You Remind Me,Mary J. Blige,1992,-4.949,minor,1990
spotify:track:11HLyzoCyx8hXKXVmrg1Sy,11HLyzoCyx8hXKXVmrg1Sy,Wishful Thinking,China Crisis,1992,-14.62,major,1990
spotify:track:2goLsvvODILDzeeiT4dAoR,2goLsvvODILDzeeiT4dAoR,Believe,Cher,1998,-6.72,major,1990
spotify:track:639cc3IeyJVop1Wxm57FP3,639cc3IeyJVop1Wxm57FP3,Real Love,Drizabone,1994,-8.329,minor,1990
spotify:track:1IsGA5ceSC4a5nxgAEYnQd,1IsGA5ceSC4a5nxgAEYnQd,Only Happy When It Rains,Garbage,1995,-4.55,minor,1990
spotify:track:1LRi0ZYnS6WaJKJNmKm8gt,1LRi0ZYnS6WaJKJNmKm8gt,What's Goin' On,Tony Thompson,1995,-8.936,major,1990
spotify:track:6NdcSEhpGGAYXNnnhGS2s6,6NdcSEhpGGAYXNnnhGS2s6,What I Like About You,The Romantics,1990,-9.637,major,1990
spotify:track:3u9fHuAtjMY1RW2mZfO4Cf,3u9fHuAtjMY1RW2mZfO4Cf,Gangsta's Paradise (feat. L.V.),Coolio,1995,-6.393,major,1990
spotify:track:3qzqmTeS5h6CrSPUq5JhiX,3qzqmTeS5h6CrSPUq5JhiX,Tres Equis,Cypress Hill,1991,-14.114,minor,1990
spotify:track:1xRCGC0OUcavUYX6T4oDqH,1xRCGC0OUcavUYX6T4oDqH,Chase,Giorgio Moroder,1994,-13.096,minor,1990
spotify:track:2e3fohSwZ9nU6Q2tks0fFz,2e3fohSwZ9nU6Q2tks0fFz,Mentirosa,Rafaga,1998,-4.54,minor,1990
spotify:track:3u4RKvwDT3CKeYbjxqXEye,3u4RKvwDT3CKeYbjxqXEye,Dangerous,Michael Jackson,1991,-4.686,major,1990
spotify:track:7eth0jUe6YneLljRNBeplO,7eth0jUe6YneLljRNBeplO,Coconut,Harry Nilsson,1995,-13.085,major,1990
spotify:track:7FTf3bJuCq5UYHjUwggKNB,7FTf3bJuCq5UYHjUwggKNB,Scene Seven: I. The Dance of Eternity,Dream Theater,1999,-6.783,major,1990
spotify:track:66PMGMD21uPKg1ltfAHPGv,66PMGMD21uPKg1ltfAHPGv,Growin' Up In the Hood,Compton's Most Wanted,1991,-11.2,major,1990
spotify:track:7L7JF5RZ2s5Pb0qSV3V5cW,7L7JF5RZ2s5Pb0qSV3V5cW,No Vaseline,Ice Cube,1991,-5.536,minor,1990
spotify:track:3Y6XWs8xMlCngyIxNOFnsp,3Y6XWs8xMlCngyIxNOFnsp,Sound of da Police,KRS-One,1993,-8.78,major,1990
spotify:track:2LxyITcslKIKdMyYdHdA5l,2LxyITcslKIKdMyYdHdA5l,Trátame Suavemente - Remasterizado 2007,Soda Stereo,1997,-8.687,major,1990
spotify:track:4jnFqNWeJCeCRHc4HCdxfd,4jnFqNWeJCeCRHc4HCdxfd,Remember the Time,Michael Jackson,1991,-2.383,minor,1990
spotify:track:1z3Q1tjW3b8HndGACUWDcM,1z3Q1tjW3b8HndGACUWDcM,One In A Million,Pete Rock,1993,-11.304,minor,1990
spotify:track:4SE81CrzH0qPA8KHqM9Syz,4SE81CrzH0qPA8KHqM9Syz,Just,Radiohead,1995,-6.913,minor,1990
spotify:track:2eknDuc5IeulN0hnwEZsjF,2eknDuc5IeulN0hnwEZsjF,The Next Episode,Dr. Dre,1999,-2.399,minor,1990
spotify:track:3TZwjdclvWt7iPJUnMpgcs,3TZwjdclvWt7iPJUnMpgcs,Jump Around,House Of Pain,1992,-6.32,minor,1990
spotify:track:4C8qZRxrteBY9F8r2oZrV3,4C8qZRxrteBY9F8r2oZrV3,You're All I Need,White Lion,1991,-10.689,major,1990
spotify:track:0nnwn7LWHCAu09jfuH1xTA,0nnwn7LWHCAu09jfuH1xTA,Slide,The Goo Goo Dolls,1998,-4.476,major,1990
spotify:track:2x28X8t6xaomkkn1ssHJ5E,2x28X8t6xaomkkn1ssHJ5E,...Til the Cops Come Knockin',Maxwell,1996,-7.671,minor,1990
spotify:track:4OPP6Nzkf60dpjbfRheELe,4OPP6Nzkf60dpjbfRheELe,Da Summa,Three 6 Mafia,1995,-8.258,minor,1990
spotify:track:0PWqC3xDoCWyqy1IW3RiKE,0PWqC3xDoCWyqy1IW3RiKE,Knockin',Angel Grant,1998,-8.883,minor,1990
spotify:track:1kIGLUhec6JenXZbtjvr2a,1kIGLUhec6JenXZbtjvr2a,I Don't Wanna Hurt No More,"Danny ""Butch"" Means",1998,-2.902,major,1990
spotify:track:4yCoB7NLTxHQoNclRnbGav,4yCoB7NLTxHQoNclRnbGav,Body Roc,Fat Pat,1998,-8.641,major,1990
spotify:track:6XUihIoux2jn7OR0jRviZG,6XUihIoux2jn7OR0jRviZG,That's The Way Love Is,Bobby Brown,1993,-6.615,major,1990
spotify:track:1eOCyaSRBdFGofbLYjgGM2,1eOCyaSRBdFGofbLYjgGM2,Woman,Neneh Cherry,1996,-8.888,minor,1990
spotify:track:5bGxSfPQfAsC6sBcHT3aZs,5bGxSfPQfAsC6sBcHT3aZs,Pretty Tied Up (The Perils Of Rock N' Roll Decadence),Guns N' Roses,1991,-6.347,major,1990
spotify:track:7N1Vjtzr1lmmCW9iasQ8YO,7N1Vjtzr1lmmCW9iasQ8YO,Survival of the Fittest,Mobb Deep,1995,-5.077,minor,1990
spotify:track:4fsyPCAb55yWiyJVbDJLr5,4fsyPCAb55yWiyJVbDJLr5,Falling for You,Tamia,1998,-7.395,minor,1990
spotify:track:326jVYfqtef7U87YaqOFfC,326jVYfqtef7U87YaqOFfC,It's Alright Now,Rahsaan Patterson,1999,-8.112,major,1990
spotify:track:4XizBlyqR7ZGVTX0Fyonm2,4XizBlyqR7ZGVTX0Fyonm2,Today - Remastered,The Smashing Pumpkins,1993,-7.611,major,1990
spotify:track:2KUuvz45mQcuNdyB2x196e,2KUuvz45mQcuNdyB2x196e,Si Señor,Control Machete,1999,-5.183,major,1990
spotify:track:6yYnde58z3wfPjJnljXwe0,6yYnde58z3wfPjJnljXwe0,They B's,Geto Boys,1998,-10.596,major,1990
spotify:track:4Zvw81fVFWWSYTDi6Cs8w5,4Zvw81fVFWWSYTDi6Cs8w5,Ruff Ryders' Anthem,DMX,1998,-8.134,minor,1990
spotify:track:4LxIGAVfcQIw0zAQRyFhU8,4LxIGAVfcQIw0zAQRyFhU8,Motownphilly,Boyz II Men,1991,-9.699,major,1990
spotify:track:7i38EXhbFJjF5tGvTsJMmx,7i38EXhbFJjF5tGvTsJMmx,Otro Día Más Sin Verte,Jon Secada,1992,-10.379,major,1990
spotify:track:2XncSBceg7BwEpbWVI6FLi,2XncSBceg7BwEpbWVI6FLi,Mo Money Mo Problems (feat. Mase & Puff Daddy),The Notorious B.I.G.,1997,-6.163,minor,1990
spotify:track:7kFAwFdZcvvqOggZ2dY5jg,7kFAwFdZcvvqOggZ2dY5jg,I'd Die Without You,P.M. Dawn,1993,-18.813,major,1990
spotify:track:4A2K78HeRoJAnhiHpCaSH8,4A2K78HeRoJAnhiHpCaSH8,Make Love Like A Man,Def Leppard,1992,-6.481,major,1990
spotify:track:6RTlokHIiobtIsthCLm3as,6RTlokHIiobtIsthCLm3as,Amor De Papel,Sentidos Opuestos,1998,-13.509,major,1990
spotify:track:1b8WvjQ6aT3MrqouZHCqsE,1b8WvjQ6aT3MrqouZHCqsE,Space Age Pimpin',8Ball & MJG,1995,-7.532,minor,1990
spotify:track:3Nz6vvyWdVqjC1MD1oPAp6,3Nz6vvyWdVqjC1MD1oPAp6,Save My Life,The Deele,1993,-5.855,minor,1990
spotify:track:3LE6oaTvpfu3nN4t9U0DmJ,3LE6oaTvpfu3nN4t9U0DmJ,"Serial Killa (feat. The D.O.C., Tha Dogg Pound & RBX)",Snoop Dogg,1993,-4.954,major,1990
spotify:track:4FpBrK6IIjQGP0VAjy4ZdM,4FpBrK6IIjQGP0VAjy4ZdM,Whack It On Me,Damian Dame,1991,-11.63,minor,1990
spotify:track:1YwNlWLf8auhazSQUDQLFU,1YwNlWLf8auhazSQUDQLFU,Enjoy the Silence - Single Mix,Depeche Mode,1990,-7.945,minor,1990
spotify:track:27YlMLaVRhOZZ6ba75iVB7,27YlMLaVRhOZZ6ba75iVB7,Dirty South (feat. Big Boi),Goodie Mob,1995,-9.952,minor,1990
spotify:track:0l3wp8iEtN8rgag9eTeorW,0l3wp8iEtN8rgag9eTeorW,Make 'Em Say Ugh,Master P,1997,-6.88,minor,1990
spotify:track:1EKfyIWznKN5EeK2i6IV3n,1EKfyIWznKN5EeK2i6IV3n,Summer Of '69 - MTV Unplugged Version,Bryan Adams,1997,-7.791,major,1990
spotify:track:4090PyjhaukeGh0c93jh1Y,4090PyjhaukeGh0c93jh1Y,Stuck In The Middle With You,Stealers Wheel,1998,-4.965,major,1990
spotify:track:1v5cgIyffYtfEx0swttdoE,1v5cgIyffYtfEx0swttdoE,Bring Da Ruckus,Wu-Tang Clan,1993,-9.431,major,1990
spotify:track:6x53SJOV1PAZ8ZUwH4NFXQ,6x53SJOV1PAZ8ZUwH4NFXQ,Knockin' da Boots,H-Town,1993,-13.884,minor,1990
spotify:track:7tyXHvy09npDfd6PP72ZGG,7tyXHvy09npDfd6PP72ZGG,Every Little Thing U Do,Christopher Williams,1996,-5.186,minor,1990
spotify:track:1oTHteQbmJw15rPxPVXUTv,1oTHteQbmJw15rPxPVXUTv,Insane in the Brain,Cypress Hill,1993,-10.489,major,1990
spotify:track:61sQYdFNS6sEBYCyr1q5gn,61sQYdFNS6sEBYCyr1q5gn,I'll Make Love To You,Boyz II Men,1994,-8.038,major,1990
spotify:track:6sIMSl1n3KDPr03Fw8mujd,6sIMSl1n3KDPr03Fw8mujd,Next Lifetime,Erykah Badu,1997,-11.929,minor,1990
spotify:track:2hluGQtmPypU3tsQudCQ3U,2hluGQtmPypU3tsQudCQ3U,Tonite,DJ Quik,1991,-15.225,major,1990
spotify:track:174UISK3l7VRbigEHxEev7,174UISK3l7VRbigEHxEev7,Can't You See (feat. The Notorious B.I.G.),Total,1996,-9.445,minor,1990
spotify:track:5jFiyUs5R6kHuKbAs0ZU2s,5jFiyUs5R6kHuKbAs0ZU2s,Let It Snow,Boyz II Men,1993,-11.238,major,1990
spotify:track:0badUCyexkIKRDWbBV9pgc,0badUCyexkIKRDWbBV9pgc,A Donde,Sentidos Opuestos,1997,-10.991,minor,1990
spotify:track:2CnZmVfWHZiWv2PP1xpllp,2CnZmVfWHZiWv2PP1xpllp,"After Dollars, No Cents",Master P,1997,-4.361,major,1990
spotify:track:44qXe4KIx8bu9eLtTV1BB8,44qXe4KIx8bu9eLtTV1BB8,Empty,The Cranberries,1994,-12.312,minor,1990
spotify:track:37EJtTS7jT5WUyXGZzrwnI,37EJtTS7jT5WUyXGZzrwnI,Santa Monica,Everclear,1995,-5.333,major,1990
spotify:track:7h9fTEEMKLoZZVAoJFdlKz,7h9fTEEMKLoZZVAoJFdlKz,You've Got Another Thing Comin',Judas Priest,1998,-8.104,minor,1990
spotify:track:4LaiF2h7gsybmURceGYLqh,4LaiF2h7gsybmURceGYLqh,Clan In Da Front,Wu-Tang Clan,1993,-12.519,major,1990
spotify:track:0YK7uBYSa7ereS84nm9ElY,0YK7uBYSa7ereS84nm9ElY,Disappointment,The Cranberries,1994,-12.743,major,1990
spotify:track:5LLk7WNnQSH0hz1anI3avh,5LLk7WNnQSH0hz1anI3avh,I'm Mr. Jody,Marvin Sease,1994,-7.972,minor,1990
spotify:track:7Je4aDuchYqv2YWMudH5ZM,7Je4aDuchYqv2YWMudH5ZM,Door #1,LSG,1997,-6.864,major,1990
spotify:track:6G8fblD9DbcEmaKOKDy3XL,6G8fblD9DbcEmaKOKDy3XL,Angel,Sarah McLachlan,1997,-14.679,major,1990
spotify:track:0KPzS5YoxH3Et4UlktrzBX,0KPzS5YoxH3Et4UlktrzBX,All About My Doe - Feat. Ronnie Spencer & Fat Pat,Pymp Tyte,1999,-5.913,major,1990
spotify:track:0FzGFdvCRiFOjPx5gpfPa2,0FzGFdvCRiFOjPx5gpfPa2,Girl You Hear me Crying,N.V.,1994,-10.808,major,1990
spotify:track:1yRBHnXfl6wjCnM6dYRXq0,1yRBHnXfl6wjCnM6dYRXq0,This Is How We Do It,Montell Jordan,1995,-9.831,major,1990
spotify:track:0KUJ1RLzab3hAB1ttlnSga,0KUJ1RLzab3hAB1ttlnSga,Gotta Love,Jodeci,1991,-9.485,major,1990
spotify:track:3sYWyVGfPuit80szWXhrRA,3sYWyVGfPuit80szWXhrRA,Come As You Are,Nirvana,1994,-8.733,minor,1990
spotify:track:4IjKyR9JIO8Cr8doVtbVqj,4IjKyR9JIO8Cr8doVtbVqj,I Got A Man,Positive K,1992,-13.32,major,1990
spotify:track:69mFxANpGyq9s69LqH3d9G,69mFxANpGyq9s69LqH3d9G,I Love Your Smile,Shanice,1991,-8.745,minor,1990
spotify:track:7q5YMVbbbsEQATnv0tVctx,7q5YMVbbbsEQATnv0tVctx,We On Fire,Hot Boys,1999,-5.451,major,1990
spotify:track:6AakzlXIJkSzKCIllG4gdf,6AakzlXIJkSzKCIllG4gdf,Black Connection,Camp Lo,1997,-6.839,major,1990
spotify:track:5K5dQsYdSdo2LKdepxbYAd,5K5dQsYdSdo2LKdepxbYAd,Gettin' It,Too $hort,1996,-5.311,major,1990
spotify:track:1TeVeYATRojNVCH7q1APiv,1TeVeYATRojNVCH7q1APiv,Hand On the Pump,Cypress Hill,1991,-10.952,major,1990
spotify:track:5ujxa8Vbpure9NhencrpyA,5ujxa8Vbpure9NhencrpyA,Tres Deseos (Three Wishes),ITA - CACHAO,1995,-8.179,major,1990
spotify:track:5TAf4lnZCZTLlZHNZMLFLi,5TAf4lnZCZTLlZHNZMLFLi,I Try,Macy Gray,1999,-7.284,major,1990
spotify:track:1d6KS9GH06JAd19uiBy9IE,1d6KS9GH06JAd19uiBy9IE,Ironic - 2015 Remaster,Alanis Morissette,1995,-8.305,major,1990
spotify:track:1ZP0yvaWPl8vQV9ZH9jvT7,1ZP0yvaWPl8vQV9ZH9jvT7,Honey Love,R. Kelly,1992,-8.887,major,1990
spotify:track:1DO8EPvRJ5IQ331TGnlTvh,1DO8EPvRJ5IQ331TGnlTvh,I Can't Live Without You,Angelique,1996,-7.561,major,1990
spotify:track:5bqLcGZd2rY9wBVXZdGUvT,5bqLcGZd2rY9wBVXZdGUvT,Downtown,SWV,1992,-8.524,minor,1990
spotify:track:5O2eGBugaBlEDpWP5tPs2L,5O2eGBugaBlEDpWP5tPs2L,Quality Time,Hi-Five,1990,-6.998,major,1990
spotify:track:6OgWHP8rRXiq7VMaryVaVo,6OgWHP8rRXiq7VMaryVaVo,Sonnet,The Verve,1997,-7.296,major,1990
spotify:track:6pqawkYEUzzuKve6QNfBaT,6pqawkYEUzzuKve6QNfBaT,Sultans Of Swing,Dire Straits,1998,-7.307,major,1990
spotify:track:3ZuGavt1YrOkg6G93lgfUw,3ZuGavt1YrOkg6G93lgfUw,Antes de Que Nos Olviden,Caifanes,1990,-13.391,major,1990
spotify:track:2PAAtJMAcw8C6ayNfy2zVH,2PAAtJMAcw8C6ayNfy2zVH,Murder After Midnight,Geto Boys,1993,-12.469,major,1990
spotify:track:4xaHjQrA5nAeqmy15AgLPT,4xaHjQrA5nAeqmy15AgLPT,Remember Me,Lil Wayne,1999,-8.269,major,1990
spotify:track:4mKbb9uvBMlVvOUv8fdBt8,4mKbb9uvBMlVvOUv8fdBt8,Someone to Love,Jon B.,1995,-8.486,minor,1990
spotify:track:2VjXGuPVVxyhMgER3Uz2Fe,2VjXGuPVVxyhMgER3Uz2Fe,Ex-Factor,Ms. Lauryn Hill,1998,-9.003,minor,1990
spotify:track:2v9QddUdHVKOu7lNpCaXa6,2v9QddUdHVKOu7lNpCaXa6,Jonz In My Bonz,D'Angelo,1995,-12.268,major,1990
spotify:track:3NGT0Td7H4Is1qrlDQJxma,3NGT0Td7H4Is1qrlDQJxma,Check Yo Self - Remix,Ice Cube,1994,-6.668,major,1990
spotify:track:0rn92yznjf3Sh1agbjCV4f,0rn92yznjf3Sh1agbjCV4f,Guerrilla,Juvenile,1999,-5.977,major,1990
spotify:track:23F0M4yj7O0mS6Y0SSHWYv,23F0M4yj7O0mS6Y0SSHWYv,I Got Dat Feelin' - Live,DJ Kool,1996,-6.994,minor,1990
spotify:track:12BbMJsJi65mxneq6c9Lm7,12BbMJsJi65mxneq6c9Lm7,All That She Wants - Remastered,Ace of Base,1994,-9.684,major,1990
spotify:track:5pQYjzkALsgYOcFTC8DMmU,5pQYjzkALsgYOcFTC8DMmU,Sad But True,Metallica,1991,-6.336,major,1990
spotify:track:7rOIWUhSfjWh4E7443PYE8,7rOIWUhSfjWh4E7443PYE8,I'm Real - Murder Remix,Jennifer Lopez,1999,-7.678,minor,1990
spotify:track:2vmmeHTUtm2seLNMvO7YPs,2vmmeHTUtm2seLNMvO7YPs,You Ain't Gotta Lie To Kick It,Silkk The Shocker,1998,-9.097,minor,1990
spotify:track:27ccZxdrx3VbCTUXI433OO,27ccZxdrx3VbCTUXI433OO,Dr. Dedoverde (Dr. Greenthumb) - Spanish Edit,Cypress Hill,1999,-12.931,minor,1990
spotify:track:5p0rUHicpwMZil8RlNGGth,5p0rUHicpwMZil8RlNGGth,This Is Your Night,Amber,1996,-3.262,minor,1990
spotify:track:2am14wFmbow4gZXQy1Pwyh,2am14wFmbow4gZXQy1Pwyh,Can't Stop - Remix,After 7,1997,-7.56,major,1990
spotify:track:0IBUFi55OCMR5HrDHB1lEo,0IBUFi55OCMR5HrDHB1lEo,When Something Is Wrong With My Baby,Sam & Dave,1995,-9.098,major,1990
spotify:track:2AaknMNIfzMqZGvbcDsJHZ,2AaknMNIfzMqZGvbcDsJHZ,Party Up,DMX,1999,-3.302,major,1990
spotify:track:2HCnOSo5WFKJXdvU8IDNZe,2HCnOSo5WFKJXdvU8IDNZe,Let It Flow,Toni Braxton,1996,-7.618,major,1990
spotify:track:5quv9YDjbVlXddPEk08N0H,5quv9YDjbVlXddPEk08N0H,Seven - Remastered,Sunny Day Real Estate,1994,-5.433,major,1990
spotify:track:5sICkBXVmaCQk5aISGR3x1,5sICkBXVmaCQk5aISGR3x1,Enter Sandman,Metallica,1991,-8.691,minor,1990
spotify:track:5OGV37gBKcEhPjcQI9xm55,5OGV37gBKcEhPjcQI9xm55,Imagination,The Deele,1993,-6.679,minor,1990
spotify:track:0MXNzVX7zTva4U569d5oOq,0MXNzVX7zTva4U569d5oOq,Keep Tryin',Groove Theory,1995,-10.415,major,1990
spotify:track:4TQeNHx85xcP9YRkvJC6K1,4TQeNHx85xcP9YRkvJC6K1,Walkin' On The Sun,Smash Mouth,1997,-5.598,major,1990
spotify:track:6mZI2vbLv1UvlclwDQ4uvc,6mZI2vbLv1UvlclwDQ4uvc,No More Rain (In This Cloud),Angie Stone,1999,-7.997,major,1990
spotify:track:18qgd61768n3awNU4cnr9R,18qgd61768n3awNU4cnr9R,Iesha,Another Bad Creation,1991,-9.788,major,1990
spotify:track:3c6afiysmB7OnxQzzSqRfD,3c6afiysmB7OnxQzzSqRfD,So Into You,Tamia,1998,-7.055,minor,1990
spotify:track:56whVbEPZ2bRA5VboQPned,56whVbEPZ2bRA5VboQPned,Livin' Proof,Group Home,1995,-7.363,minor,1990
spotify:track:5YTMRAT4yKgFrepF8Hi3mY,5YTMRAT4yKgFrepF8Hi3mY,I Want You Back - Radio Edit,*NSYNC,1997,-3.22,minor,1990
spotify:track:7M4CRFWgCuqYOuh5Kz1hm5,7M4CRFWgCuqYOuh5Kz1hm5,Lovin' You,Tony! Toni! Toné!,1996,-7.908,minor,1990
spotify:track:1J1Wz0UPt4NPp4MMwSJCcz,1J1Wz0UPt4NPp4MMwSJCcz,So Much in Love,All-4-One,1994,-11.451,minor,1990
spotify:track:5XhkV07Vou38wnrzwURUOC,5XhkV07Vou38wnrzwURUOC,Who Am I (What's My Name)?,Snoop Dogg,1993,-3.974,major,1990
spotify:track:6yUeqED14PUT2GQDBS1cFS,6yUeqED14PUT2GQDBS1cFS,Quisiera Adivinar,Mœnia,1999,-6.418,major,1990
spotify:track:3an1aoJKoBXJKoIfdDbVwf,3an1aoJKoBXJKoIfdDbVwf,Do Me!,Bell Biv DeVoe,1990,-6.816,minor,1990
spotify:track:6jUyYHDikmw9WltPojSR37,6jUyYHDikmw9WltPojSR37,Got 'Til It's Gone,Janet Jackson,1997,-7.518,major,1990
spotify:track:1PqETpgGlfWvkWRF4ypD9w,1PqETpgGlfWvkWRF4ypD9w,Magic Carpet Ride,Steppenwolf,1998,-11.158,major,1990
spotify:track:64yBYBrJLWlGqDlGGHCfAL,64yBYBrJLWlGqDlGGHCfAL,Feenin',Jodeci,1993,-10.853,minor,1990
spotify:track:2YzHSCRkNrOJmmYZ0HPBJJ,2YzHSCRkNrOJmmYZ0HPBJJ,Over The Hills And Far Away,Gary Moore,1998,-6.25,major,1990
spotify:track:5RDqj06z9J287XqeQgYZdb,5RDqj06z9J287XqeQgYZdb,Elevators (Me & You),OutKast,1996,-10.434,minor,1990
spotify:track:2bZfoRmADhlF5gMCSZ4pDS,2bZfoRmADhlF5gMCSZ4pDS,Doo Wop (That Thing),Ms. Lauryn Hill,1998,-8.926,minor,1990
spotify:track:5yTQ7Vy6EwKwB64Vho90LI,5yTQ7Vy6EwKwB64Vho90LI,West Savannah,OutKast,1998,-6.565,major,1990
spotify:track:7hdOchAKFm6FwzyevcQ56y,7hdOchAKFm6FwzyevcQ56y,Things Done Changed - 2005 Remaster,The Notorious B.I.G.,1994,-6.95,major,1990
spotify:track:1aWV3uY3SIEZVbmv45oFWS,1aWV3uY3SIEZVbmv45oFWS,Creep,TLC,1994,-9.688,minor,1990
spotify:track:32PWtlzKyvr3HcvJp1JFF5,32PWtlzKyvr3HcvJp1JFF5,Mamacita,OutKast,1998,-6.479,major,1990
spotify:track:7qIFsTE3QUpHBUMhhzX5VM,7qIFsTE3QUpHBUMhhzX5VM,It Ain't,Geto Boys,1993,-9.489,minor,1990
spotify:track:7laHFXyvmclFYqn6sNnVOh,7laHFXyvmclFYqn6sNnVOh,I Got That Fire,Juvenile,1999,-8.202,major,1990
spotify:track:1OFKUn2VLafrHj7ybnap0Q,1OFKUn2VLafrHj7ybnap0Q,Only Wanna Be with You,Hootie & The Blowfish,1994,-5.861,major,1990
spotify:track:05WdvsIv2e0Zf2cZHhESrS,05WdvsIv2e0Zf2cZHhESrS,"The Basement (feat. Heavy D, Rob-O, Grap & Dida)",Pete Rock & C.L. Smooth,1992,-10.782,minor,1990
spotify:track:1JIok1fu3Du7Sv8QLwklyd,1JIok1fu3Du7Sv8QLwklyd,Hoo-Bangin' (WSCG Style),Westside Connection,1996,-7.306,major,1990
spotify:track:1mURjUWWe3tYtxP3WwRyS5,1mURjUWWe3tYtxP3WwRyS5,A Thin Line Between Love & Hate (feat. Shirley Murdock),H-Town,1996,-7.807,major,1990
spotify:track:4kEsRngsTsKjaFlFSnVkyq,4kEsRngsTsKjaFlFSnVkyq,Loco En El Coco (Insane In the Brain) - Spanish Edit,Cypress Hill,1999,-9.404,minor,1990
spotify:track:3cuy0jpSxGAoTuJE0KORoR,3cuy0jpSxGAoTuJE0KORoR,Visionz,Wu-Tang Clan,1997,-6.017,minor,1990
spotify:track:6PViGgcsQhLPSkMxgoRWLl,6PViGgcsQhLPSkMxgoRWLl,Anniversary,Tony! Toni! Toné!,1997,-9.675,minor,1990
spotify:track:1iQ5E4z6CJ38dIzvMI9Wdo,1iQ5E4z6CJ38dIzvMI9Wdo,The Watcher,Dr. Dre,1999,-3.488,major,1990
spotify:track:3VGC6YgNzDNztxmo5osBAX,3VGC6YgNzDNztxmo5osBAX,Constantly 'N Danger,C-Murder,1998,-7.064,minor,1990
spotify:track:4YPhn26bIFm2KUkL1VLzQG,4YPhn26bIFm2KUkL1VLzQG,Say It Ain't So,Weezer,1994,-7.521,major,1990
spotify:track:3xRbymJj98leHL7K8Y94WS,3xRbymJj98leHL7K8Y94WS,She's Playing Hard To Get,Hi-Five,1990,-6.148,major,1990
spotify:track:2gSyc23Hua25fqSFpgAh6W,2gSyc23Hua25fqSFpgAh6W,Say My Name,Destiny's Child,1999,-3.571,minor,1990
spotify:track:7bQLDZ0sADheki5ic1n7Op,7bQLDZ0sADheki5ic1n7Op,Tennessee,Arrested Development,1992,-10.26,minor,1990
spotify:track:1kFyVRbMT4JJynQgTFWKZj,1kFyVRbMT4JJynQgTFWKZj,What You Wanna Do?,Kausion,1995,-5.0,major,1990
spotify:track:28c4nfBHdb3xviamRCEsIe,28c4nfBHdb3xviamRCEsIe,Feel the Pain,Dinosaur Jr.,1994,-8.355,major,1990
spotify:track:7fcfNW0XxTWlwVlftzfDOR,7fcfNW0XxTWlwVlftzfDOR,Walk,Pantera,1992,-8.008,minor,1990
spotify:track:3UGNdLrhhsK0SY9gNqe8TT,3UGNdLrhhsK0SY9gNqe8TT,All The Things (Your Man Won't Do),Joe,1997,-6.774,minor,1990
spotify:track:4V3N5LvUOh3yDPP16cwAhE,4V3N5LvUOh3yDPP16cwAhE,Aquemini,OutKast,1998,-5.711,minor,1990
spotify:track:1AWXiUQjoQfcmqaBEtaOoL,1AWXiUQjoQfcmqaBEtaOoL,Ode To My Family,The Cranberries,1994,-10.117,major,1990
spotify:track:5XLC8xoqyua4U7wJiZAWik,5XLC8xoqyua4U7wJiZAWik,Method Man,Wu-Tang Clan,1993,-10.109,major,1990
spotify:track:3Fw7pl6UpksTfmYcXLbvx3,3Fw7pl6UpksTfmYcXLbvx3,Fool of Me,Meshell Ndegeocello,1999,-17.042,major,1990
spotify:track:6mHMOEW1ByeAuuwlSHchVE,6mHMOEW1ByeAuuwlSHchVE,Crazy On You,Heart,1998,-12.633,minor,1990
spotify:track:2zbjlcLi1VQWqDNYdhyx1l,2zbjlcLi1VQWqDNYdhyx1l,So Anxious,Ginuwine,1999,-11.959,minor,1990
spotify:track:0MRpNFMPvo8bqhWhCGf1jK,0MRpNFMPvo8bqhWhCGf1jK,No Tears,Scarface,1994,-7.427,major,1990
spotify:track:2vG1yrWSMiL6egg6w4e9ma,2vG1yrWSMiL6egg6w4e9ma,Free Your Mind,En Vogue,1992,-6.522,major,1990
spotify:track:1f76rJMP93OCXuDn3lzq0S,1f76rJMP93OCXuDn3lzq0S,男と女,Junko Ohashi,1998,-6.186,major,1990
spotify:track:33ZGVbrIaz1TcGyovIjofZ,33ZGVbrIaz1TcGyovIjofZ,Bump n' Grind,R. Kelly,1993,-8.99,major,1990
spotify:track:52WQhzeikd0FijngYTVPho,52WQhzeikd0FijngYTVPho,New Day,South Circle,1995,-5.378,major,1990
spotify:track:0W7AbEauB7cP4pidLclApe,0W7AbEauB7cP4pidLclApe,Hunger Strike,Temple Of The Dog,1990,-10.835,major,1990
spotify:track:3MnwLa9KRUiv2gNFtWPvib,3MnwLa9KRUiv2gNFtWPvib,C'Mon wit da Git Down,Artifacts,1994,-6.078,minor,1990
spotify:track:2KFg8kjYy0rYjWsXGhEQHN,2KFg8kjYy0rYjWsXGhEQHN,Who Shot Ya? - 2005 Remaster,The Notorious B.I.G.,1994,-5.689,minor,1990
spotify:track:0f0k0OJ9VbaLHX4J1t2qUy,0f0k0OJ9VbaLHX4J1t2qUy,Just My Imagination,The Cranberries,1999,-5.315,major,1990
spotify:track:5Ru9OjtEw5htfnVKpYsIcv,5Ru9OjtEw5htfnVKpYsIcv,UMI Says,Mos Def,1999,-10.224,major,1990
spotify:track:0hvxqftYCZT406ElE03giM,0hvxqftYCZT406ElE03giM,Mad Izm,Channel Live,1995,-10.085,minor,1990
spotify:track:3oX3F14vpkCMJnFoF3DSEr,3oX3F14vpkCMJnFoF3DSEr,I Want You To Want Me - Soundtrack,Letters To Cleo,1999,-3.497,major,1990
spotify:track:3naqVKAWQJyghdX9VzYEJA,3naqVKAWQJyghdX9VzYEJA,His Story,TLC,1992,-11.164,major,1990
spotify:track:2EeDqZf3Kh8i7wkPgDprkG,2EeDqZf3Kh8i7wkPgDprkG,On & On,Erykah Badu,1997,-10.423,minor,1990
spotify:track:0mwrax1xOyazuksN2GtaPM,0mwrax1xOyazuksN2GtaPM,"Initiated (feat. 2Pac a.k.a. Makaveli, Outlawz & Kurupt Tha Kingpin)",Daz Dillinger,1998,-7.514,major,1990
spotify:track:4MxZW1XEcPuIZmkANsJabC,4MxZW1XEcPuIZmkANsJabC,Party Up,DMX,1999,-3.282,major,1990
spotify:track:12qZHAeOyTf93YAWvGDTat,12qZHAeOyTf93YAWvGDTat,All The Small Things,blink-182,1999,-4.878,major,1990
spotify:track:3G0EKJZy0j3rMG077UawaC,3G0EKJZy0j3rMG077UawaC,Man in the Box,Alice In Chains,1990,-8.558,major,1990
spotify:track:6oGPZcErzd9Hjw3E4sDBrq,6oGPZcErzd9Hjw3E4sDBrq,If It Isn't Love,New Edition,1991,-11.461,minor,1990
spotify:track:7KYL4ZSKTKzzlLbWsGBfDM,7KYL4ZSKTKzzlLbWsGBfDM,How Many Mics,Fugees,1996,-13.346,major,1990
spotify:track:3YFL9MGkd7UEsXsvREEoNk,3YFL9MGkd7UEsXsvREEoNk,Got Me Waiting - Remix,Heavy D & The Boyz,1994,-10.29,major,1990
spotify:track:46FW5ZZ6fOF1WpMTEOVEHX,46FW5ZZ6fOF1WpMTEOVEHX,Runnin' with the Devil,Van Halen,1996,-5.769,minor,1990
spotify:track:1bmX1yGa3aJkvfHgpdxwdo,1bmX1yGa3aJkvfHgpdxwdo,Every Breath You Take,The Police,1992,-14.177,major,1990
spotify:track:6FP4peicCGnib7asns71fs,6FP4peicCGnib7asns71fs,The Launch - Radio Edit,DJ Jean,1999,-5.669,minor,1990
spotify:track:4qO03RMQm88DdpTJcxlglY,4qO03RMQm88DdpTJcxlglY,Call Me,Blondie,1999,-6.711,minor,1990
spotify:track:5P1Zrq0GVVv5hDTRafGYWo,5P1Zrq0GVVv5hDTRafGYWo,Try to Do Me,Brand Nubian,1990,-12.112,major,1990
spotify:track:4C9VvaZodMeykzNlr5KtCF,4C9VvaZodMeykzNlr5KtCF,Hardest Pit,Big Pokey,1999,-7.217,minor,1990
spotify:track:5kVSEpbyuLIVuPM1i2KivC,5kVSEpbyuLIVuPM1i2KivC,Ain't 2 Proud 2 Beg,TLC,1992,-10.799,minor,1990
spotify:track:4GdB5M7GbwLZLouktYocFC,4GdB5M7GbwLZLouktYocFC,SpottieOttieDopaliscious,OutKast,1998,-6.571,major,1990
spotify:track:4iImxqMlF3CeNRwKKua9jn,4iImxqMlF3CeNRwKKua9jn,537 C U B A,Orishas,1999,-8.906,minor,1990
spotify:track:2l4Wcuw1Q4TU5iFGthCCHM,2l4Wcuw1Q4TU5iFGthCCHM,The Stand,Joolz,1990,-14.551,major,1990
spotify:track:0ibYVniVLMJWvc3eNfYk8T,0ibYVniVLMJWvc3eNfYk8T,Run Away,Real McCoy,1995,-8.282,major,1990
spotify:track:0jwDEhz1rzyyYYyWfF8Pgr,0jwDEhz1rzyyYYyWfF8Pgr,Sometimes,Erykah Badu,1997,-12.954,minor,1990
spotify:track:3eGBESLT08agei7veoLLlz,3eGBESLT08agei7veoLLlz,Straight Outta Compton - Extended Mix / Edit,N.W.A.,1996,-5.824,major,1990
spotify:track:0TF3F5Lw5apoD1zvR8LikO,0TF3F5Lw5apoD1zvR8LikO,Jessie's Girl,Rick Springfield,1999,-7.925,major,1990
spotify:track:4cI1wLKUxSgWOdKe3ui06D,4cI1wLKUxSgWOdKe3ui06D,Baby Be Mine,Blackstreet,1994,-5.608,major,1990
spotify:track:2c6nvEo7EDzIEX40wbx7iL,2c6nvEo7EDzIEX40wbx7iL,Sama-Sama,Alamid,1994,-15.222,major,1990
spotify:track:0SsPcietYXn1Mns3zpW4C2,0SsPcietYXn1Mns3zpW4C2,Love to Hate You,Erasure,1991,-11.585,minor,1990
spotify:track:3pRaLNL3b8x5uBOcsgvdqM,3pRaLNL3b8x5uBOcsgvdqM,Hallelujah,Jeff Buckley,1994,-10.33,major,1990
spotify:track:0gEyKnHvgkrkBM6fbeHdwK,0gEyKnHvgkrkBM6fbeHdwK,Linger,The Cranberries,1993,-14.918,major,1990
spotify:track:47RYQsFm8QIxEEqLIaWd6I,47RYQsFm8QIxEEqLIaWd6I,Magic Man,Heart,1998,-13.894,minor,1990
spotify:track:6QZ255Wrl4FozFc80c2JUG,6QZ255Wrl4FozFc80c2JUG,Rejoice,Anointed,2001,-2.27,minor,2000
spotify:track:6ZjuuD2NUPfArQ932CWJJl,6ZjuuD2NUPfArQ932CWJJl,Blown to Pieces,Mortician,2002,-7.927,minor,2000
spotify:track:6Zh2xZvfxSjjU9UWxk7Xm4,6Zh2xZvfxSjjU9UWxk7Xm4,Human Dissection,Demolition Hammer,2006,-6.497,minor,2000
spotify:track:0sFzaFMl698MCNEMkjNiBn,0sFzaFMl698MCNEMkjNiBn,Samurai,David DeMaría,2005,-5.647,minor,2000
spotify:track:0SZjU4DXHcXXVXPMG6xR7o,0SZjU4DXHcXXVXPMG6xR7o,Vibraciones - string,Tremendo,2001,-7.243,major,2000
spotify:track:2FM4hR1TsPiKKTnGikzwXT,2FM4hR1TsPiKKTnGikzwXT,Yerbero Moderno,Celia Cruz,2001,-10.116,major,2000
spotify:track:6LwjlwvYxplsNs1t7u7I4G,6LwjlwvYxplsNs1t7u7I4G,Tambou la Sonne,Afro Latin Vintage Orchestra,2007,-1.671,major,2000
spotify:track:1I5PbTAcWMqV66XR8B2vzK,1I5PbTAcWMqV66XR8B2vzK,Your Wildest Dreams,The Moody Blues,2000,-12.497,major,2000
spotify:track:61kqs7K8kXnp1MPJFq9Tql,61kqs7K8kXnp1MPJFq9Tql,Riacho do Navio,Leo Estakazero,2009,-4.302,major,2000
spotify:track:4gAdixCqXPjjERlf2xX0Lh,4gAdixCqXPjjERlf2xX0Lh,"When All Else Fails!, Pt. 1",Der Blutharsch,2001,-17.477,major,2000
spotify:track:5eOtMqauYSubd0YHqt3WnJ,5eOtMqauYSubd0YHqt3WnJ,"До свиданья, друг мой, до свиданья",Алёша Димитриевич,2000,-23.563,minor,2000
spotify:track:5DJRtscVAu7e2JneKEr6zM,5DJRtscVAu7e2JneKEr6zM,BLACK MOON,EZO,2005,-5.621,major,2000
spotify:track:4yjK7bgXTAlMifTEjfyNt7,4yjK7bgXTAlMifTEjfyNt7,Mouthfeels of Capreae,Celer,2009,-30.413,minor,2000
spotify:track:5oyFIL5I77MQICMwQzBC9l,5oyFIL5I77MQICMwQzBC9l,3 Apuntes: No. 1. El Homenaje a Falla,Leo Brouwer,2006,-21.99,major,2000
spotify:track:24zjkso4d1zXqn3fomMbUN,24zjkso4d1zXqn3fomMbUN,The General's Boombox,Street Dogs,2008,-3.625,major,2000
spotify:track:692ZKo6uabBPKJQtz5WHEt,692ZKo6uabBPKJQtz5WHEt,Laughing Boy - Single Version,Mary Wells,2008,-11.575,minor,2000
spotify:track:3LQJkjqEWIsq1fxyJSP9fm,3LQJkjqEWIsq1fxyJSP9fm,"Les troyens: Act I, ""Ha! ha! après dix ans (Chorus)",Rome Opera Orchestra,2008,-13.668,major,2000
spotify:track:7z1CXrg9Gc6b3hJlFzRhco,7z1CXrg9Gc6b3hJlFzRhco,Se Va,Salon Victoria,2003,-5.64,major,2000
spotify:track:3ebk1HvGIDQF1sjARkXQ27,3ebk1HvGIDQF1sjARkXQ27,Tock,Mike Posner,2009,-5.875,major,2000
spotify:track:7jQBJIQKbIXA8IPJwjzsvV,7jQBJIQKbIXA8IPJwjzsvV,Vals op 8 no 4,Agustín Barrios Mangoré,2000,-31.223,major,2000
spotify:track:1K8YcCgYghPjXsUkBllreu,1K8YcCgYghPjXsUkBllreu,Shaken Not Stirred,Ken Davis,2004,-15.016,minor,2000
spotify:track:5bOgAYnT4lmiX4Bgj20zZX,5bOgAYnT4lmiX4Bgj20zZX,In Vuur En Vlam,Benny Neyman,2008,-12.888,major,2000
spotify:track:6yXafN79fSLW99qyaC5OYD,6yXafN79fSLW99qyaC5OYD,Recaster,Acumen Nation,2002,-5.398,major,2000
spotify:track:49NNYQSxVNWE10pv3jZLkL,49NNYQSxVNWE10pv3jZLkL,"Sunshine - Papa's Bootlegs, Live in New York",Regina Spektor,2001,-10.438,minor,2000
spotify:track:79sfrOq785aajvK6oUxXZD,79sfrOq785aajvK6oUxXZD,"Tainted Love - 12"" Mix",John B,2006,-7.991,major,2000
spotify:track:2995b7g8UuwhJ7LBuEUC9y,2995b7g8UuwhJ7LBuEUC9y,Recovery,üNN,2002,-12.42,minor,2000
spotify:track:7AcvIw7PS6yfB56lwgOeT7,7AcvIw7PS6yfB56lwgOeT7,Meteora,The Dolphins,2007,-12.297,major,2000
spotify:track:656b8WVsC5JMmDDN43hPoQ,656b8WVsC5JMmDDN43hPoQ,The Blink Of An Eye,Jeff Golub,2009,-8.867,major,2000
spotify:track:28lAysoQQykuHKr85cxxeS,28lAysoQQykuHKr85cxxeS,O Poder da Oração,Francisco De Assis,2007,-10.606,major,2000
spotify:track:0jdv79JsCr9X6rQZKOFS3A,0jdv79JsCr9X6rQZKOFS3A,Revival,Sonny Okosun,2006,-25.612,major,2000
spotify:track:6UjIrlCDPWk5NF5P0NiGij,6UjIrlCDPWk5NF5P0NiGij,K-Tel Folk Song PLC Inc.,Mike Harding,2005,-19.277,major,2000
spotify:track:0Nq0RlwahjmpUBNzn8SBsc,0Nq0RlwahjmpUBNzn8SBsc,Only One,Lee Hyori,2003,-5.423,minor,2000
spotify:track:48w1og5DOOUg0yZm39Win5,48w1og5DOOUg0yZm39Win5,God Was A Golliwog,Mike Harding,2005,-26.605,major,2000
spotify:track:2SInWW7rJrIc1G653BoH3U,2SInWW7rJrIc1G653BoH3U,I-94,Radio Birdman,2001,-4.436,minor,2000
spotify:track:6H0g2two53NuwyUMsiecqO,6H0g2two53NuwyUMsiecqO,The Saga,Trancesetters,2001,-12.347,major,2000
spotify:track:0G7GEhAAnUC6Siy5pOrrOp,0G7GEhAAnUC6Siy5pOrrOp,Bassdusche (Can You Feel It?) - Video Mix,ZIGGY X,2003,-6.202,minor,2000
spotify:track:6hW4P4GyEN5rF9HJHVew7p,6hW4P4GyEN5rF9HJHVew7p,Dead Weight as Far as the Eye Can See,Destroyer Destroyer,2007,-3.485,major,2000
spotify:track:2QDz8dbLpxXZhWOYqkkYBg,2QDz8dbLpxXZhWOYqkkYBg,Clyde,Waylon Jennings,2006,-10.69,major,2000
spotify:track:4L2D2vZdvd5Dh2odQF564P,4L2D2vZdvd5Dh2odQF564P,I Heart Roe vs. Wade,Todd Barry,2004,-19.896,minor,2000
spotify:track:5pfCT1UcILp1HtgzS7EPpE,5pfCT1UcILp1HtgzS7EPpE,Seval Kodi,Yuvan Shankar Raja,2007,-4.821,major,2000
spotify:track:0hOMzsOUnZ08CH9dOW3ed6,0hOMzsOUnZ08CH9dOW3ed6,How Staggering is This Realization,Jeromes Dream,2005,-3.712,major,2000
spotify:track:5Cv0t0jhCopblinIl9i680,5Cv0t0jhCopblinIl9i680,"F sharp major, op. 15 n? 2",Frédéric Chopin,2005,-28.943,major,2000
spotify:track:6zKOnSR6mEcG3t6GVcclvj,6zKOnSR6mEcG3t6GVcclvj,Shudde - Occhi talianu,Agricantus,2001,-9.94,minor,2000
spotify:track:0NB8zJ4zPZaDbbqOlc5fQs,0NB8zJ4zPZaDbbqOlc5fQs,I Wish You Would Roll a New Blunt,Afroman,2006,-11.512,major,2000
spotify:track:0diM14L1AfHl4Esb4Oywff,0diM14L1AfHl4Esb4Oywff,Orphans of Stockton,Puerto Muerto,2002,-15.55,major,2000
spotify:track:5htke1OQszCuQekmRzMwAs,5htke1OQszCuQekmRzMwAs,Girl from Codeine City,L-Wiz,2007,-9.35,minor,2000
spotify:track:0HQm6IxvkQGEFDPnA6sXAR,0HQm6IxvkQGEFDPnA6sXAR,Survival Of The Fittest 2003,Mobb Deep,2003,-4.962,major,2000
spotify:track:39loiPwDUmCwblEP6ISFxh,39loiPwDUmCwblEP6ISFxh,Uchimeedhu,Thaman S,2009,-7.11,minor,2000
spotify:track:3UHTYVHkiskXnwyltnonNB,3UHTYVHkiskXnwyltnonNB,Romántica,Antonio,2002,-7.175,minor,2000
spotify:track:388YhDYxPvaDIZQHWqpB4E,388YhDYxPvaDIZQHWqpB4E,Punto y Aparte,Tego Calderón,2009,-4.912,minor,2000
spotify:track:0Br7swhxEfEIkhhXKmJ2Jd,0Br7swhxEfEIkhhXKmJ2Jd,Interlude,Specifics,2007,-11.02,minor,2000
spotify:track:5Vjk9CE1dHxzZJrGi7Ryzt,5Vjk9CE1dHxzZJrGi7Ryzt,Sakura Prelude,Scott Cossu,2004,-15.433,minor,2000
spotify:track:0WmvNaey7vh0S4TCp9aTu2,0WmvNaey7vh0S4TCp9aTu2,Dance With Me,The Sounds,2003,-3.611,major,2000
spotify:track:6T1l2X3WlaJZuxkB1RIbgy,6T1l2X3WlaJZuxkB1RIbgy,Thank Your Lucky Stars,311,2005,-6.395,major,2000
spotify:track:0iImuKZIiR9DRScFjXlzjT,0iImuKZIiR9DRScFjXlzjT,Hard to Break the Seal,Maire Brennan,2000,-11.301,minor,2000
spotify:track:3p3ntWHUnxd9wwuIb8MGxI,3p3ntWHUnxd9wwuIb8MGxI,Don't turn your head,Calvin Russell,2004,-7.902,major,2000
spotify:track:3TZb0MeKYjdKVX1xzK0znt,3TZb0MeKYjdKVX1xzK0znt,Mystical Mother,Hennie Bekker,2009,-23.709,major,2000
spotify:track:3CXBq32gcN5wlsg4TEPWe9,3CXBq32gcN5wlsg4TEPWe9,Lady,BIGBANG,2008,-4.146,major,2000
spotify:track:5Re29vsgFUAr8aA8HQ7pof,5Re29vsgFUAr8aA8HQ7pof,War is Hell,Toxic Holocaust,2008,-5.514,major,2000
spotify:track:12FGEJxRyqbc56ElbqbgIG,12FGEJxRyqbc56ElbqbgIG,Glove Compartment,Helicopter Girl,2000,-14.651,major,2000
spotify:track:7ru6LLBGm4ppW6n9qTEzfx,7ru6LLBGm4ppW6n9qTEzfx,She Treats Her Body Like A Temple,Confederate Railroad,2001,-7.973,major,2000
spotify:track:54DS50hd6hjqFa4PqUfeS6,54DS50hd6hjqFa4PqUfeS6,Val's o val'se,Klavdiya Shulzhenko,2001,-11.331,minor,2000
spotify:track:5JyYX8KRXtPBzUq4QiEfRF,5JyYX8KRXtPBzUq4QiEfRF,Genetic Messiah,Internal Bleeding,2004,-9.144,major,2000
spotify:track:4vI8HDJWhzAj4G7eCLrTAH,4vI8HDJWhzAj4G7eCLrTAH,Pocket Full Of Paper,Young Buck,2006,-3.958,major,2000
spotify:track:5bATsD1DeGVlKTld36noMp,5bATsD1DeGVlKTld36noMp,Expect the Worst,"Defiance, Ohio",2007,-6.763,major,2000
spotify:track:6k2dowq4KRhUKuqMPpdJNX,6k2dowq4KRhUKuqMPpdJNX,Navigating Flood Regions - Live,Guided By Voices,2007,-8.313,major,2000
spotify:track:3McaRYCy35aeQWuZfXTn6P,3McaRYCy35aeQWuZfXTn6P,Sin Aliento,NG2,2004,-3.029,minor,2000
spotify:track:2ivrr6k7EAfDU8p6s5lXPB,2ivrr6k7EAfDU8p6s5lXPB,The Purgatory Line,Drive-By Truckers,2008,-11.962,major,2000
spotify:track:0c7jW0TYLL03ujKYYDreaH,0c7jW0TYLL03ujKYYDreaH,Çal Oyna,Rashid Beibutov,2001,-15.975,major,2000
spotify:track:5vegE5KsayCSkZcP7gA4dS,5vegE5KsayCSkZcP7gA4dS,Jesus Christ Is The Way,Walter Hawkins,2002,-8.534,major,2000
spotify:track:47fVUhQIXMEOaLzK5dCbQQ,47fVUhQIXMEOaLzK5dCbQQ,Je vous hais - demo bonus track,Eths,2004,-8.53,minor,2000
spotify:track:3IG5jTZxWs4FdIhzDLKFtK,3IG5jTZxWs4FdIhzDLKFtK,Tamborada,ChiChi Peralta,2005,-3.909,minor,2000
spotify:track:5Q1v5rKaJ9DJflOAg97bRF,5Q1v5rKaJ9DJflOAg97bRF,Pray For The USA (Reprise) - Live,The Clark Sisters,2007,-7.161,major,2000
spotify:track:0taK3FLyW2yog2ufgODUeu,0taK3FLyW2yog2ufgODUeu,"Johann Sebastian Bach, Allegro ma non tanto from Concerto in A m",Traditional,2007,-15.121,major,2000
spotify:track:1oQt6B3nVxU3hqovbfJlEY,1oQt6B3nVxU3hqovbfJlEY,"You May Be Right - Live at Madison Square Garden, New York, NY - 2006",Billy Joel,2006,-5.71,major,2000
spotify:track:7KNY7LZi4EtIRVEGTCqjCL,7KNY7LZi4EtIRVEGTCqjCL,My Mind Right - Remix,Memphis Bleek,2000,-6.229,minor,2000
spotify:track:2MPRdiznRDajhakKIASSmY,2MPRdiznRDajhakKIASSmY,All My Sins,Dice Of Fate,2009,-5.266,minor,2000
spotify:track:1RXEmrMpufpDW2aU9r7ATH,1RXEmrMpufpDW2aU9r7ATH,No Bico do Corvo,Lourenco & Lourival,2009,-5.615,major,2000
spotify:track:0Cvo2JEVApA6em5Yxe7VGp,0Cvo2JEVApA6em5Yxe7VGp,Electro Hurtz - Mix by COMBICHRIST,Mindless Self Indulgence,2009,-5.338,minor,2000
spotify:track:0idFuk7xUAN7i7a49XtO6d,0idFuk7xUAN7i7a49XtO6d,Fan Club,The Nomads,2002,-4.646,minor,2000
spotify:track:5zgPS5czlb2SrgzPCnooQc,5zgPS5czlb2SrgzPCnooQc,Jaag Re Anusayechya Mula,Suresh Wadkar,2002,-15.352,major,2000
spotify:track:6mJWuU4lNWkZQdvSsZf4DB,6mJWuU4lNWkZQdvSsZf4DB,The Windy Blue Sea (Piano Reprise),Tim Janis,2007,-19.133,minor,2000
spotify:track:1avLQHTWMil43FNZ6lQxDd,1avLQHTWMil43FNZ6lQxDd,Switch,Co-Fusion,2001,-4.484,minor,2000
spotify:track:7qi01aCxR3ESl9JdeHyHrQ,7qi01aCxR3ESl9JdeHyHrQ,Yesterday and Today,The Field,2009,-9.598,major,2000
spotify:track:6CjvRxLTDnpNQIZBZVJfo2,6CjvRxLTDnpNQIZBZVJfo2,Turn It Around,The Len Price 3,2007,-3.359,major,2000
spotify:track:1QCIsmDvxN7PHLxBqdwn3M,1QCIsmDvxN7PHLxBqdwn3M,Aaviyana Deivame,Krishnaraj,2005,-4.517,minor,2000
spotify:track:4ERhpHsy8V7lbdk40pvEsn,4ERhpHsy8V7lbdk40pvEsn,Les gens du Show Business,Michel Sardou,2004,-7.746,major,2000
spotify:track:4ibzxSKw3a6rtIorruN5GO,4ibzxSKw3a6rtIorruN5GO,Something's Missing,John Mayer,2003,-3.41,minor,2000
spotify:track:5CNevccMdf1gInmjAao5ge,5CNevccMdf1gInmjAao5ge,En El Camino,Control Machete,2003,-3.456,minor,2000
spotify:track:67hSbjWD9yF6dFnPSzm64F,67hSbjWD9yF6dFnPSzm64F,Save It,The Rurals,2008,-9.482,major,2000
spotify:track:4OqE9LCGi3JuT1bALpabFX,4OqE9LCGi3JuT1bALpabFX,(There You Go) Tellin' Me No Again - 2007 Remaster,Keith Sweat,2004,-7.142,minor,2000
spotify:track:2jPXoxHHvgjnH1WMrzR8eU,2jPXoxHHvgjnH1WMrzR8eU,Do Akam Do,Anuradha Paudwal,2008,-9.332,major,2000
spotify:track:2r5nuuqkhN14gk0TUseRsm,2r5nuuqkhN14gk0TUseRsm,Ghosts of the Past,Faust Again,2003,-4.545,major,2000
spotify:track:1sorwXaWAhwUk7GeGZsulU,1sorwXaWAhwUk7GeGZsulU,In a Chinese Restaurant (Tyme. Remix),Tujiko Noriko,2008,-8.456,major,2000
spotify:track:3CO3ruSvxBmeyc6sm87w8x,3CO3ruSvxBmeyc6sm87w8x,Just Tell Me (What to Do),Alien Café,2007,-10.251,major,2000
spotify:track:1v0GvTAj5tftbQOTHKsvcv,1v0GvTAj5tftbQOTHKsvcv,Pictures (Club Radio),Stoneface & Terminal,2008,-6.778,major,2000
spotify:track:0Yuo8lL7Cspq3utqQSUZJh,0Yuo8lL7Cspq3utqQSUZJh,I'm Flyin' In,Gene Summers,2004,-3.709,major,2000
spotify:track:7HjnVsuMF1B3xZqj2ZAQuv,7HjnVsuMF1B3xZqj2ZAQuv,Feel - K-Bana Remix,Spiritchaser,2007,-8.545,minor,2000
spotify:track:6jn8C9o6wTp3ibwAD3HoqB,6jn8C9o6wTp3ibwAD3HoqB,Sempre Se Pode Sonhar,Eduardo Gudin,2006,-15.894,minor,2000
spotify:track:6OgFSviyNVpy8C5uOzo64J,6OgFSviyNVpy8C5uOzo64J,Trot Line Beer Can,Heavy Heavy Low Low,2008,-3.258,minor,2000
spotify:track:7m0UfR94WfhpC6qlibcORq,7m0UfR94WfhpC6qlibcORq,Heart Throb,Liquid Crystal Project,2006,-16.558,major,2000
spotify:track:0y8zVhaeziwoOPrJRlB10P,0y8zVhaeziwoOPrJRlB10P,That's Why It Hurts,Sylvan,2002,-7.78,minor,2000
spotify:track:7wTljp825aJ1bgJ8yakPcr,7wTljp825aJ1bgJ8yakPcr,Devuélveme El Amor,Luis Miguel,2003,-8.774,minor,2000
spotify:track:6cetSMZ2nHeBkiAQ8M2sBY,6cetSMZ2nHeBkiAQ8M2sBY,Receiver,Grave,2002,-6.524,major,2000
spotify:track:0MlcIrpjNkN946v7cVbU3n,0MlcIrpjNkN946v7cVbU3n,Heartbreak Hotel,Wanda Jackson,2006,-9.018,major,2000
spotify:track:3WRM6i1kOzjJXulHkw6kc0,3WRM6i1kOzjJXulHkw6kc0,Under The Ground - Blz Dub,Bongoloverz,2003,-11.066,major,2000
spotify:track:5QEgSyNbcWXYbxXNkz4pxs,5QEgSyNbcWXYbxXNkz4pxs,Así Soy Yo,RBD,2005,-1.352,minor,2000
spotify:track:1NRjLmipYrv39gWoqCl2w2,1NRjLmipYrv39gWoqCl2w2,Hero,Nas,2008,-5.198,minor,2000
spotify:track:0HFA4w9fwKt8Prn3n2EpUP,0HFA4w9fwKt8Prn3n2EpUP,Someday (Spen & Karzima instrumental),Martin Solveig,2002,-16.706,minor,2000
spotify:track:4bw7nOqvY2D6B1872CRI8E,4bw7nOqvY2D6B1872CRI8E,Tu Si Na Cosa Grande (Instrumental),Robert Michaels,2005,-10.156,minor,2000
spotify:track:1maLhi3kFU4dNZZOU2NnAs,1maLhi3kFU4dNZZOU2NnAs,Две дороги,Татьяна Комова,2004,-21.916,minor,2000
spotify:track:1JFyl9zjVXLAIxVAjPFdzo,1JFyl9zjVXLAIxVAjPFdzo,Did You See Jackie Robinson Hit That Ball?,Buddy Johnson,2003,-9.459,minor,2000
spotify:track:0IBKcJAB5lrR2iTxXBoRJe,0IBKcJAB5lrR2iTxXBoRJe,Invidia,Lesiem,2006,-9.582,minor,2000
spotify:track:3jDKVIMCXfc2H4XVRjsoTu,3jDKVIMCXfc2H4XVRjsoTu,Who's In The House,Frank Nimsgern,2009,-10.375,minor,2000
spotify:track:29bM9GAyajNvKJ76e4LQSg,29bM9GAyajNvKJ76e4LQSg,Dirty Game,Sinisa Tamamovic,2008,-6.21,major,2000
spotify:track:6K0kZE3kdIJh1NeLdx2f0R,6K0kZE3kdIJh1NeLdx2f0R,"Your Body Is a Wonderland - Live at Cynthia Woods Mitchell Pavilion, Woodlands, Texas, July 24, 2004",John Mayer,2004,-6.634,major,2000
spotify:track:0LF5bGyZAitur0ZfwGcReK,0LF5bGyZAitur0ZfwGcReK,Jah War - Loefah Remix,The Bug,2007,-12.086,minor,2000
spotify:track:3dKg4zjjs201ieU6eKV9uR,3dKg4zjjs201ieU6eKV9uR,The Plague,Diary Of Dreams,2007,-8.275,minor,2000
spotify:track:59fcN9yQ1TKN3qRXolw5FQ,59fcN9yQ1TKN3qRXolw5FQ,I Wanna Get Next To You,Rose Royce,2000,-10.448,major,2000
spotify:track:2n7NQzmCQyKqfj8VGds6Va,2n7NQzmCQyKqfj8VGds6Va,Golden Gate Jumpers,Cold War Kids,2008,-8.724,major,2000
spotify:track:34mbzSSPNobIDFcBwW9irH,34mbzSSPNobIDFcBwW9irH,Manhattan,La Oreja de Van Gogh,2006,-2.822,major,2000
spotify:track:141mFKvdbuWThvxMp9LdAl,141mFKvdbuWThvxMp9LdAl,Terra De Violeiro / Lugar Abafado / Vou Tomar Um Pingão - Ao Vivo,Jads & Jadson,2006,-6.84,major,2000
spotify:track:1HsT27JDA62DqIJ6oqX1Na,1HsT27JDA62DqIJ6oqX1Na,Clenching The Fists Of Dissent,Machine Head,2007,-5.199,minor,2000
spotify:track:5phseLVwuutyNB37po6uaD,5phseLVwuutyNB37po6uaD,Blastit...,Shabazz Palaces,2009,-11.176,minor,2000
spotify:track:1e095MSsaDnASH9GtwHSx3,1e095MSsaDnASH9GtwHSx3,O Astronauta de Mármore - Ao Vivo,Jammil E Uma Noites,2004,-6.69,major,2000
spotify:track:29gPhiYoCvvRBwWpnsnw6w,29gPhiYoCvvRBwWpnsnw6w,Ain't It a Shame - New Edit,The B-52's,2002,-9.235,minor,2000
spotify:track:2tUECxw7IzgpZeWPNHoiXp,2tUECxw7IzgpZeWPNHoiXp,För att jag älskar dej - To Make You Feel My Love,Mikael Wiehe,2007,-14.291,major,2000
spotify:track:4l3c5sKT0lCWZ0m0Bawk65,4l3c5sKT0lCWZ0m0Bawk65,Elvis Killed Kennedy,Vanilla Ice,2001,-6.171,major,2000
spotify:track:0zSRmw7DfQCxZSLYwmPuuq,0zSRmw7DfQCxZSLYwmPuuq,This Is The Day,New Direction,2004,-5.289,minor,2000
spotify:track:3iITQUFBMBhrVRYkY7arsl,3iITQUFBMBhrVRYkY7arsl,Take A Walk,Spoon,2001,-5.698,major,2000
spotify:track:6hxcoAy8TkdqzuzgWZeHmL,6hxcoAy8TkdqzuzgWZeHmL,Blue,John Tesh,2001,-10.787,major,2000
spotify:track:39DW02MW41A8bBIxH7nT1V,39DW02MW41A8bBIxH7nT1V,Come into My World - Radio Edit [Radio Edit],Kylie Minogue,2001,-7.303,minor,2000
spotify:track:16r42Cj4tWl4OvR3knscp2,16r42Cj4tWl4OvR3knscp2,La Vem a Baiana,Jamelão,2005,-11.775,minor,2000
spotify:track:15ViGZ4GH9ESRedoVChiof,15ViGZ4GH9ESRedoVChiof,Kumatendera,Mbira DzeNharira,2000,-8.255,major,2000
spotify:track:2JMK10wMT0qe7P2n9ov9OP,2JMK10wMT0qe7P2n9ov9OP,E Pa Pa,Mystic Diversions,2004,-10.178,minor,2000
spotify:track:3AlqbEqG4ll4rqGxuAyUfj,3AlqbEqG4ll4rqGxuAyUfj,Goodbye,Ian Walsh,2007,-4.227,major,2000
spotify:track:7qrj2U6CzwaNZ9XodUpt0z,7qrj2U6CzwaNZ9XodUpt0z,A Lot To Drink About,Jimmy Buffett,2009,-7.421,major,2000
spotify:track:6OJet1vdtyLwlE6fX0Oh1d,6OJet1vdtyLwlE6fX0Oh1d,The Heart Asks Pleasure First / The Promise,Michael Nyman Band,2006,-17.498,minor,2000
spotify:track:3dmgYLJPWXhnUcNltyNPly,3dmgYLJPWXhnUcNltyNPly,Damon's Slow Jig,Sleep My Baby Sleep,2005,-19.888,major,2000
spotify:track:6ZlKMjWDJhJJcaFmxBRfqe,6ZlKMjWDJhJJcaFmxBRfqe,Nadiya Kinare Aao - Pitaah / Soundtrack Version,Sonu Nigam,2001,-10.152,minor,2000
spotify:track:2jfu83TQLr5KBFt4odvSq4,2jfu83TQLr5KBFt4odvSq4,Rain Drops,Spa,2004,-34.713,minor,2000
spotify:track:4W2tLUR9EmLJp9IzuvCIgI,4W2tLUR9EmLJp9IzuvCIgI,A Sobering Thought (Just When One Was Needed),The Lucksmiths,2008,-4.281,major,2000
spotify:track:5qjz0DbuT2kyjqdHGlgHoW,5qjz0DbuT2kyjqdHGlgHoW,Intro: 3rd Invocation,Archgoat,2009,-16.636,minor,2000
spotify:track:2AbkFiZEftfkmEV1yxETZB,2AbkFiZEftfkmEV1yxETZB,I'll Remember April,Luiz Bonfá,2006,-17.68,minor,2000
spotify:track:6aeHYzxfV4bIWq8jTwYZ0O,6aeHYzxfV4bIWq8jTwYZ0O,With This Song I Will Destroy Myself,Moneen,2004,-5.867,major,2000
spotify:track:5AlFchdmHoeRBg6MzgfaY5,5AlFchdmHoeRBg6MzgfaY5,Angel Eyes,Raghav,2004,-4.501,major,2000
spotify:track:6SVeJjtmaRtGROL2uPNlP0,6SVeJjtmaRtGROL2uPNlP0,Heavy Lefty,Deflagration,2008,-6.124,major,2000
spotify:track:3VDHA8Or4JhFSOoTsANpMs,3VDHA8Or4JhFSOoTsANpMs,Rachel's Prayer - Original Mix,Octave One,2009,-8.434,major,2000
spotify:track:06yPH5yBmjDKYiOgIpgVoV,06yPH5yBmjDKYiOgIpgVoV,Carnival XIII,Breeder,2000,-14.232,minor,2000
spotify:track:6byWrrZvWwlowD9og5s4yu,6byWrrZvWwlowD9og5s4yu,St. Matthieu,Mercury Rain,2004,-10.909,minor,2000
spotify:track:0qGgNiLCG0YsCpHjle4SSO,0qGgNiLCG0YsCpHjle4SSO,"String Quartet No. 7 In F Major, Op. 59 No. 1: I. Allegro",Ludwig van Beethoven,2005,-23.688,major,2000
spotify:track:7o9LEfdJX5pJlNoWTakrlG,7o9LEfdJX5pJlNoWTakrlG,Trouble (Eveils Infâmes),Amesoeurs,2009,-9.278,major,2000
spotify:track:1V5d8e28IojEjKhUO6cP9n,1V5d8e28IojEjKhUO6cP9n,Stop the Crime,Lukie D,2003,-4.599,major,2000
spotify:track:1EVs9rm0A6Nljg8JIWWiUI,1EVs9rm0A6Nljg8JIWWiUI,Bhare Jahan Mein,Mehdi Hassan,2001,-9.319,major,2000
spotify:track:6G1YjEpak3xWk30tEHyQ5f,6G1YjEpak3xWk30tEHyQ5f,Mordab,Fariborz Lachini,2000,-24.975,minor,2000
spotify:track:0pmwOfGQTCwuEvqacts9DQ,0pmwOfGQTCwuEvqacts9DQ,It's You I Need,JES,2008,-7.327,minor,2000
spotify:track:3oRQRSolwP1SYxAu0k648P,3oRQRSolwP1SYxAu0k648P,La Cama Vacía,Ismael Miranda,2004,-6.786,minor,2000
spotify:track:6O5MZWp4ALYW9IOO3AdaWl,6O5MZWp4ALYW9IOO3AdaWl,Don't Come Again,Paul Brady,2009,-10.81,major,2000
spotify:track:4y4ilhWm4BcoWs7o5VsI3R,4y4ilhWm4BcoWs7o5VsI3R,Still Ray,Raphael Saadiq,2002,-8.354,minor,2000
spotify:track:0A1N2a3QIqnNkVYYfht9dk,0A1N2a3QIqnNkVYYfht9dk,"No. 4 in D Minor, BWV 775",Traditional,2007,-21.425,minor,2000
spotify:track:4MtHeCaIBhCrjzmz0PiYop,4MtHeCaIBhCrjzmz0PiYop,Bodily,Ani DiFranco,2004,-12.385,minor,2000
spotify:track:00ghwN7eIc371mnnrvo9VM,00ghwN7eIc371mnnrvo9VM,Drown Out,Glen Hansard,2006,-13.102,minor,2000
spotify:track:3AGDIEmSHPBpMGwSW8XPDJ,3AGDIEmSHPBpMGwSW8XPDJ,Moto Perpetuo (Extended Version),Dusty Kid,2009,-11.323,minor,2000
spotify:track:17aDzApJAjOMej1lhwtCVn,17aDzApJAjOMej1lhwtCVn,Alcohol Makes the World Go Around,The Methadones,2007,-5.473,major,2000
spotify:track:1wKXOEMzyp3FMx8ArPWwmq,1wKXOEMzyp3FMx8ArPWwmq,A World Divided - Jupiter II Mix,Octave One,2009,-5.562,major,2000
spotify:track:3NQpjrB02yFNY7kb7umroN,3NQpjrB02yFNY7kb7umroN,Forest Gospel,Animal Collective,2002,-10.068,minor,2000
spotify:track:1SOXcClIN2xV924UPQK3ol,1SOXcClIN2xV924UPQK3ol,Yoga & Relaxation 1,David Sun,2003,-29.54,minor,2000
spotify:track:504BqiX0hZz5Hdn1qxEMhY,504BqiX0hZz5Hdn1qxEMhY,Warrior Dub (Mix 2),Dubateers,2008,-8.904,minor,2000
spotify:track:6C9vAg0XOkqMby46ihsBYi,6C9vAg0XOkqMby46ihsBYi,戀上你的床,Sammi Cheng,2003,-8.492,major,2000
spotify:track:1JqTRyVoxttWgkDNLz828x,1JqTRyVoxttWgkDNLz828x,Quelque part,Bérurier Noir,2006,-2.816,minor,2000
spotify:track:10Pn3rUIfXmEBlUyaXalXK,10Pn3rUIfXmEBlUyaXalXK,Suite in G Minor: Petitte Passacaille,Marin Marais,2005,-14.12,minor,2000
spotify:track:6EENRkjF5ZU8IR4OaPrkn1,6EENRkjF5ZU8IR4OaPrkn1,Trephination,Machine Head,2001,-5.027,major,2000
spotify:track:35kkBmlJi8mymh07bXm2R6,35kkBmlJi8mymh07bXm2R6,Doom Boom,Hot Action Cop,2003,-4.056,major,2000
spotify:track:0ABHo7J3ZPQoFlNBtMOATo,0ABHo7J3ZPQoFlNBtMOATo,A Volta do Boiadeiro,Sulino & Marrueiro,2001,-13.391,major,2000
spotify:track:1nxKPEDban29NfYtpvEm4o,1nxKPEDban29NfYtpvEm4o,On My Way (feat. Red Cafe),Tamia,2004,-6.14,minor,2000
spotify:track:3RX8CzasIdcN2lKqwRyNXv,3RX8CzasIdcN2lKqwRyNXv,Death Sentence,Gospel of the Horns,2007,-4.309,major,2000
spotify:track:7j2CjkU7uoK7uGKoQQ3zr8,7j2CjkU7uoK7uGKoQQ3zr8,"Trio Sonata for 2 Violins and Continuo in D, Op. 5, No. 2, HWV 397: 1. Adagio",George Frideric Handel,2002,-19.652,major,2000
spotify:track:5u8bYKB4OV6fcic9P03zU2,5u8bYKB4OV6fcic9P03zU2,Top Shotta Nah Miss,Mavado,2007,-4.792,major,2000
spotify:track:5j0FiP2FTLm9Bc4bxucgXk,5j0FiP2FTLm9Bc4bxucgXk,Orphan of the Storm,Mudcrutch,2008,-10.086,major,2000
spotify:track:7JPzul9fVOErGb7ACSOQ6P,7JPzul9fVOErGb7ACSOQ6P,The Purple Bottle,Animal Collective,2005,-8.205,major,2000
spotify:track:5b0fZPgt86Jh5AYwKANnsD,5b0fZPgt86Jh5AYwKANnsD,Rod Argent,The Ergs!,2004,-6.14,major,2000
spotify:track:1D3wqDIoSXoLAiWNtGXbaW,1D3wqDIoSXoLAiWNtGXbaW,Where Or When,Ella Fitzgerald,2003,-11.475,minor,2000
spotify:track:1mIw66U48qA1daRyXmzd9d,1mIw66U48qA1daRyXmzd9d,La bifurcada - En Vivo,Memphis La Blusera,2004,-5.695,major,2000
spotify:track:04Li9m7bEP0kJ1UHj0TUij,04Li9m7bEP0kJ1UHj0TUij,Crimson - Mix B,Circulation,2001,-12.46,major,2000
spotify:track:7BSVDq9FydRp1pSCrj7Dfa,7BSVDq9FydRp1pSCrj7Dfa,Siraithanile Devakithan,Rajkumar Bharathi,2003,-14.082,minor,2000
spotify:track:2vkrsqtXy7KLRCjz2nijqP,2vkrsqtXy7KLRCjz2nijqP,Ouvertüre zu Beziehungs-Weise,Erkan Aki,2008,-14.056,major,2000
spotify:track:0cEgYuk99CHCSal698b5ix,0cEgYuk99CHCSal698b5ix,Wish I Could Be That Strong,Coco Montoya,2002,-4.954,major,2000
spotify:track:4522Q8oC2cWZcejol3idjQ,4522Q8oC2cWZcejol3idjQ,Let The Good Times Roll - Live,Quincy Jones,2008,-6.804,major,2000
spotify:track:2viZ34sXPChqmV6n6KDsS6,2viZ34sXPChqmV6n6KDsS6,A Beautiful Peace,Robert Wyatt,2007,-10.193,major,2000
spotify:track:2bwbKfqjjAIZMcBeWKwr20,2bwbKfqjjAIZMcBeWKwr20,Clogger,16 Horsepower,2000,-6.218,minor,2000
spotify:track:0aqOA0lmBhrb9fpql1yKdw,0aqOA0lmBhrb9fpql1yKdw,"St. Andrew's Fall - 2005 Digital Remaster / 24-Bit Mastering / Live At Cabaret Metro, Chicago / 1995",Blind Melon,2005,-5.27,minor,2000
spotify:track:7Fep7P207WX0N9qbbAVFaP,7Fep7P207WX0N9qbbAVFaP,8th of November - Intro,Big & Rich,2005,-14.148,major,2000
spotify:track:6ciURsXBV01cDbqs8J81e5,6ciURsXBV01cDbqs8J81e5,The Anchor Holds,Judith Gayle,2008,-3.846,major,2000
spotify:track:6gQbyiCYdk6s2cDHgzw2EH,6gQbyiCYdk6s2cDHgzw2EH,Bhajare Re,Mysore Vasudevachar,2003,-14.075,major,2000
spotify:track:4bJehDedtmfaWtUD2be3cq,4bJehDedtmfaWtUD2be3cq,Perception - Groove Junkies & Reelsoul Rooted Vox,Groove Junkies,2002,-8.776,major,2000
spotify:track:1tj3B9inrU3tY7D6ddN3TU,1tj3B9inrU3tY7D6ddN3TU,La fièvre - Live au Zénith de Paris 1995,Suprême NTM,2000,-7.377,minor,2000
spotify:track:1BdiSt8YQpiqQztUmGqa4x,1BdiSt8YQpiqQztUmGqa4x,Could It Happen or Not,Jack Hartmann,2005,-6.912,minor,2000
spotify:track:1BRs5NtI96T3mbdajjvBFG,1BRs5NtI96T3mbdajjvBFG,Brown Eyed Handsome Man - Overdubbed Version,Buddy Holly,2008,-8.852,minor,2000
spotify:track:1IIRFdnVhwx0VMOZ9cDfkd,1IIRFdnVhwx0VMOZ9cDfkd,Her Şey Bitmiştir Artık,Rana Alagöz,2009,-8.324,minor,2000
spotify:track:4pwT8xvTh1XZ2LG0QDQE0C,4pwT8xvTh1XZ2LG0QDQE0C,Rough Boy - 2003 Remaster,ZZ Top,2003,-8.17,major,2000
spotify:track:0WVuAIRigc8H9LQ9YyEmT4,0WVuAIRigc8H9LQ9YyEmT4,Só Dá Você na Minha Vida / Vira Virou - Ao Vivo,Clayton & Romário,2009,-3.459,major,2000
spotify:track:39MN7dahoeDrkWc3io2SXR,39MN7dahoeDrkWc3io2SXR,Amiga Mía,Adolescent's Orquesta,2009,-2.698,major,2000
spotify:track:0ViSTMZbAGjOPKFju7gxxl,0ViSTMZbAGjOPKFju7gxxl,Up Sister,Sam Roberts Band,2008,-5.205,major,2000
spotify:track:1DmQb4yANGfpsaPCETNX68,1DmQb4yANGfpsaPCETNX68,El Once - 1a Version,Carlos Di Sarli y su Orquesta Típica,2005,-11.099,major,2000
spotify:track:7IYeSVqz5HOp9jmJeXCQr7,7IYeSVqz5HOp9jmJeXCQr7,Facilita,Luiz Gonzaga,2005,-7.612,major,2000
spotify:track:4bSQ2Ypn89d0uhobQtm4Xl,4bSQ2Ypn89d0uhobQtm4Xl,Gather,Peverelist,2008,-11.039,minor,2000
spotify:track:3yqgzXWZrRFQOqwDQJ7z3b,3yqgzXWZrRFQOqwDQJ7z3b,Ahora Vete,Xtreme,2005,-4.544,major,2000
spotify:track:4nJRGLPiRJ18s18jILsYYp,4nJRGLPiRJ18s18jILsYYp,Y ...,Libertad Lamarque,2001,-10.711,major,2000
spotify:track:1Jkds2y6eVAGfJzZcFNiml,1Jkds2y6eVAGfJzZcFNiml,Por Las Tardes,Niza,2002,-9.463,minor,2000
spotify:track:1jk2YgCdZ1nYTbYgmOwmTs,1jk2YgCdZ1nYTbYgmOwmTs,Shut Your Mouth - Live,Garbage,2001,-6.864,minor,2000
spotify:track:0JQjBjETK67kn7Awr5VnGH,0JQjBjETK67kn7Awr5VnGH,Fazer Amor Com Outra,Mastruz Com Leite,2009,-5.491,minor,2000
spotify:track:0PaIQckgp4eIfA19k7ljLY,0PaIQckgp4eIfA19k7ljLY,Mister Bod,Mark Spybey & Mick Harris,2000,-13.77,major,2000
spotify:track:25vjiPG0k2EGKyKI12eCBa,25vjiPG0k2EGKyKI12eCBa,U R the One,Gramatik,2008,-6.035,major,2000
spotify:track:55hV3NVYgJ1N5AknN796u8,55hV3NVYgJ1N5AknN796u8,It's a Beautiful Day Today - Demo,Moby Grape,2007,-20.662,minor,2000
spotify:track:4VVWR9PHUeMVpWO21Ii2dY,4VVWR9PHUeMVpWO21Ii2dY,Пробки,Mad Heads,2008,-2.809,minor,2000
spotify:track:3UYJBhW9aV4b1VwIFvIbsa,3UYJBhW9aV4b1VwIFvIbsa,Spleen (Et Idéal),Cello,2000,-12.256,major,2000
spotify:track:0r7DB7tOcYlWSAwUTRtT3h,0r7DB7tOcYlWSAwUTRtT3h,Veil of Salvation,Immured,2008,-10.597,major,2000
spotify:track:7fcEJHSIcHQCueIpW2s6Po,7fcEJHSIcHQCueIpW2s6Po,Saving On Airfare,Laurie Kilmartin,2009,-11.423,minor,2000
spotify:track:4NfEOd5O2QSHblFzYyiKIZ,4NfEOd5O2QSHblFzYyiKIZ,Solar Voyage VII,Erez Yaary,2000,-9.259,major,2000
spotify:track:4B2MbZhnfw6HzVj7FJm6Wi,4B2MbZhnfw6HzVj7FJm6Wi,Oh Vennila,Deva,2000,-13.94,minor,2000
spotify:track:0MpYV8L8EOCrzEwVWgbyup,0MpYV8L8EOCrzEwVWgbyup,El Nabiyouna,Toumani Diabaté,2008,-14.576,major,2000
spotify:track:6s9XVmShSpxaPMAKI6LkjK,6s9XVmShSpxaPMAKI6LkjK,Save Our Ship,Broadway Calls,2007,-7.414,major,2000
spotify:track:6PNSH5srpWQLJoZMnpg3hK,6PNSH5srpWQLJoZMnpg3hK,7 A.M. Special,Paul Bollenback,2006,-9.843,major,2000
spotify:track:6P55IoWHC39L3uar1D0N1v,6P55IoWHC39L3uar1D0N1v,Ocean Of Love,Frank Nimsgern,2007,-13.483,major,2000
spotify:track:6zEsi24Lsw1V4zcoo1mmcu,6zEsi24Lsw1V4zcoo1mmcu,Vamos de pie,A.N.I.M.A.L.,2001,-3.791,major,2000
spotify:track:1yqrpkxbgxAOtcHd0BY4Zu,1yqrpkxbgxAOtcHd0BY4Zu,Step One Two - Mischa Daniels Mix,Kaskade,2008,-5.572,minor,2000
spotify:track:2xI2nml5X3D1TSJubq2LEL,2xI2nml5X3D1TSJubq2LEL,Tech Dub,Nucleus Roots,2000,-8.578,minor,2000
spotify:track:089yjTyeTsTWw2tb6rTLj1,089yjTyeTsTWw2tb6rTLj1,How's the World Treating You,Alison Krauss,2007,-11.28,major,2000
spotify:track:3BrobEmekw0eS1i4PTQCYS,3BrobEmekw0eS1i4PTQCYS,I'll Do What You Want Me To,Cardell,2009,-9.202,minor,2000
spotify:track:2I2OKzUl0egBewumF8OUDa,2I2OKzUl0egBewumF8OUDa,Always on My Mind - DJ Quicksilver Mix,DJ Quicksilver,2002,-6.489,major,2000
spotify:track:4JfoZe0hB6uKGfwvAbDXMx,4JfoZe0hB6uKGfwvAbDXMx,Le cronache di Nemedia,Rosae Crucis,2009,-8.724,major,2000
spotify:track:03cEXJ37sRrdTArlZ0h91f,03cEXJ37sRrdTArlZ0h91f,Feed The Enemy,Magazine,2000,-10.113,minor,2000
spotify:track:4w6hVleuPAgm4Tc4hbHVAV,4w6hVleuPAgm4Tc4hbHVAV,Spring Birds By Stream,Perry Rotwein,2006,-31.631,major,2000
spotify:track:36rhi51kT0yHn36Wm82riT,36rhi51kT0yHn36Wm82riT,Shenandoah,Sissel,2001,-13.321,major,2000
spotify:track:76fKj54DxaIbHPVXLkQvkg,76fKj54DxaIbHPVXLkQvkg,Disco Lady,Phats & Small,2001,-9.886,minor,2000
spotify:track:086ADyqatYNanWLnESMq4X,086ADyqatYNanWLnESMq4X,Leave,Aquanote,2002,-6.448,minor,2000
spotify:track:5pnicR8whFR01Hqi1dyECI,5pnicR8whFR01Hqi1dyECI,Morbid Death,Interment,2000,-10.412,minor,2000
spotify:track:0rIxEIwS2q2t0AQjii2WHG,0rIxEIwS2q2t0AQjii2WHG,Face à la mer (remix) [Radio edit],Les Négresses Vertes,2003,-10.355,minor,2000
spotify:track:7pHIptfYGG4q1BcH9SuIS4,7pHIptfYGG4q1BcH9SuIS4,Orange Blossom Special,Lester Flatt,2002,-11.224,major,2000
spotify:track:6ZPPjVyFvb8erodlY4wq8y,6ZPPjVyFvb8erodlY4wq8y,11th Hour - Live Album Version,Lamb of God,2004,-3.021,major,2000
spotify:track:4fGPtqqZlsv2XNhMEk9aPc,4fGPtqqZlsv2XNhMEk9aPc,Db Track,Tied & Tickled Trio,2000,-16.684,major,2000
spotify:track:69Ob9BV9AfPtxlzW1dCE48,69Ob9BV9AfPtxlzW1dCE48,Disastrous,Del The Funky Homosapien,2000,-6.636,minor,2000
spotify:track:5GIofx0IE6rgv5Liigo5hW,5GIofx0IE6rgv5Liigo5hW,See What I'm Sayin'?,Boney James,2001,-10.071,minor,2000
spotify:track:6GRece5VdD6rT4I6rPcmPa,6GRece5VdD6rT4I6rPcmPa,Danny Boy (Arr. Lyle Chan),Traditional,2003,-21.203,major,2000
spotify:track:3T2nfUzeCLhJ8w8TsBm6jM,3T2nfUzeCLhJ8w8TsBm6jM,Privilege,Grip Inc.,2004,-2.636,major,2000
spotify:track:5V7JsXzvnZ7gYF479LGFAO,5V7JsXzvnZ7gYF479LGFAO,Bad Man!,Murs,2004,-9.733,major,2000
spotify:track:1YwIo9Rs7ptTQHQyWDKdfS,1YwIo9Rs7ptTQHQyWDKdfS,Guardei Minha Viola,Paulinho Da Viola,2000,-13.495,major,2000
spotify:track:7cW9ppsNXcgHlAeByGHjeI,7cW9ppsNXcgHlAeByGHjeI,Like Yesterday,DJ Screw,2001,-11.096,minor,2000
spotify:track:3FrpEWhBQ6gfGatD69W6V3,3FrpEWhBQ6gfGatD69W6V3,Indulge in genocide,Man Must Die,2004,-4.337,major,2000
spotify:track:3jxV4eK6uYSmYttscgXkqC,3jxV4eK6uYSmYttscgXkqC,Henrietta,Tracy + The Plastics,2004,-10.179,major,2000
spotify:track:5IRKeNZCO8Dot8dvYLTGq2,5IRKeNZCO8Dot8dvYLTGq2,Redemption,Antimatter,2007,-8.569,major,2000
spotify:track:53SM5hAihcUbDRGVAQ22xN,53SM5hAihcUbDRGVAQ22xN,Everybody Jump,Anti-Funky,2006,-8.909,minor,2000
spotify:track:0Fo5nnlCs8iY1oRiAIpcIg,0Fo5nnlCs8iY1oRiAIpcIg,I Can't See Nobody - Daniel Y. Remix,Nina Simone,2006,-9.261,major,2000
spotify:track:7pwEDfwx4pWTRTj7y0NWsj,7pwEDfwx4pWTRTj7y0NWsj,Steady Waves on a Rocky Shoreline - Nature Sounds Lullaby,Nature Sounds,2009,-21.104,minor,2000
spotify:track:7sRUP3SgnOpKrLshPzeFM7,7sRUP3SgnOpKrLshPzeFM7,Metaverse [ASOT 384] - Gareth Emery Remix,Orkidea,2008,-7.954,major,2000
spotify:track:60PP3cQe7vA7sTNziiB4Mc,60PP3cQe7vA7sTNziiB4Mc,"Cold Hard Bitch - Live, 8/7/2003",Jet,2003,-4.834,major,2000
spotify:track:1hLi0OUmq5UIZXQiyvD4oE,1hLi0OUmq5UIZXQiyvD4oE,Weighted Down With Sorrow,Insomnium,2009,-5.812,minor,2000
spotify:track:5xqcxTI3P3GoYCQnFIa19A,5xqcxTI3P3GoYCQnFIa19A,Sej Vo Sooni,Shujaat Khan,2008,-11.398,major,2000
spotify:track:15YDVoPwMNTZOLGW7cT0gA,15YDVoPwMNTZOLGW7cT0gA,Live and Learn,Joe Public,2004,-5.664,minor,2000
spotify:track:7GRfog3GSjg6ReiCo83l1n,7GRfog3GSjg6ReiCo83l1n,Canto e Cantarei,Waldonys,2007,-6.46,major,2000
spotify:track:1g6IiJgx0RvwaIJMi2Zzkx,1g6IiJgx0RvwaIJMi2Zzkx,失憶症,Tanya Chua,2005,-7.285,major,2000
spotify:track:1FGUMqkvZFucpSr8mDa1yU,1FGUMqkvZFucpSr8mDa1yU,I'll Always Be With You,"Jose ""Papo"" Rivera",2007,-5.811,major,2000
spotify:track:20jSVXzIlBCURgH2X2Ha3x,20jSVXzIlBCURgH2X2Ha3x,Awakening Of Kings,Hades,2006,-6.412,major,2000
spotify:track:16y492jBrlkrUOdNr8t753,16y492jBrlkrUOdNr8t753,Si molesto me quedo,Mägo de Oz,2007,-3.673,major,2000
spotify:track:0TXVmVlmp3OgGjRUyl2PyC,0TXVmVlmp3OgGjRUyl2PyC,Get Up,Steriogram,2007,-5.585,major,2000
spotify:track:3cYQpcdzS5Eat1gVvULG0I,3cYQpcdzS5Eat1gVvULG0I,World To Me - Live at the Roundhouse,David Gray,2009,-4.696,major,2000
spotify:track:14LHrYArnkEafkAJ5kYvJQ,14LHrYArnkEafkAJ5kYvJQ,Kriti : Raga Kalyani (Tali Adi),D. K. Pattammal,2000,-15.205,major,2000
spotify:track:61q4kMEQrngnsTPc0tJWXQ,61q4kMEQrngnsTPc0tJWXQ,Think For Yourself,Magnapop,2005,-11.445,major,2000
spotify:track:09OlnmAkylYKiTsnl9IkGC,09OlnmAkylYKiTsnl9IkGC,Latin Fire,Fancy,2009,-6.439,minor,2000
spotify:track:3Ce2T5r1sTHiHtOEyavYT9,3Ce2T5r1sTHiHtOEyavYT9,Vida Abandonada,Brenno Reis & Marco Viola,2004,-6.4,major,2000
spotify:track:4JI9JabOK0yuX3dqVMPVt3,4JI9JabOK0yuX3dqVMPVt3,Callista - Original Mix,Adam Nickey,2009,-6.98,major,2000
spotify:track:2FV0Ngq17tIpEqPXvIrHBi,2FV0Ngq17tIpEqPXvIrHBi,Viens me voir,Jenifer,2002,-11.081,minor,2000
spotify:track:679M8TuXZIEP5gSwD9n6aQ,679M8TuXZIEP5gSwD9n6aQ,Towards The Sun - Hybrid Remix,Future Funk Squad,2009,-8.539,major,2000
spotify:track:1S1LGsC065c7OVN6JcbINe,1S1LGsC065c7OVN6JcbINe,Rioters,Mark Steel,2008,-13.933,minor,2000
spotify:track:1M7cjn0OqJZnfszHgjuTlw,1M7cjn0OqJZnfszHgjuTlw,O Meu Amor,Bonde do Forró,2007,-4.354,major,2000
spotify:track:3uGBmrGmVZUZX70783bmlM,3uGBmrGmVZUZX70783bmlM,Sorrow,Tan Dun,2000,-24.377,major,2000
spotify:track:1cmn3VzJNMuq52Nm0EZOYj,1cmn3VzJNMuq52Nm0EZOYj,Touch Me - Radio Edit,Angel City,2004,-7.709,minor,2000
spotify:track:3Oiauiojgokw9vWQvFmEoI,3Oiauiojgokw9vWQvFmEoI,Eyes on Fire - Zeds Dead Remix,Blue Foundation,2007,-6.441,major,2000
spotify:track:0Hm1hpYeKDPDQWtPCTe4k2,0Hm1hpYeKDPDQWtPCTe4k2,Os Três Beijos Do Calvário,Nestor E Nestorzinho,2000,-7.821,major,2000
spotify:track:041j1byuCmbrmK9Ba5OueR,041j1byuCmbrmK9Ba5OueR,The Lonesome River (feat. Ralph Stanley) - with Ralph Stanley,Bob Dylan,2008,-8.905,major,2000
spotify:track:52An4HcmJP4eqY22VrmCMq,52An4HcmJP4eqY22VrmCMq,Amigos para Siempre (Friends for Life),Andrew Lloyd Webber,2006,-10.661,major,2000
spotify:track:5jyDWK7G1irRWYLzlyT1so,5jyDWK7G1irRWYLzlyT1so,I’m Learning Who You Are,Geotic,2009,-11.406,major,2000
spotify:track:4LuItuEowmInklyAypm8u2,4LuItuEowmInklyAypm8u2,Al cantar,Platero Y Tu,2003,-10.597,major,2000
spotify:track:6qfJCCvRE2lUof2f5j8Tuv,6qfJCCvRE2lUof2f5j8Tuv,Lapd,The Voids,2004,-2.833,major,2000
spotify:track:5uhufen3Xmcghhg00IGZWR,5uhufen3Xmcghhg00IGZWR,Yo Te Quiero Maria - Studio,Issac Delgado,2005,-9.929,minor,2000
spotify:track:11XUPY69i2JNjmMEuv2u0S,11XUPY69i2JNjmMEuv2u0S,Amanda's Augen,Chris Marlow,2002,-7.648,major,2000
spotify:track:1TZfBivurzEdCygVT5OMzX,1TZfBivurzEdCygVT5OMzX,Old Sam's Christmas Pudding,Stanley Holloway,2001,-18.804,major,2000
spotify:track:0AQcMzV69HtBgCzXVCoCP1,0AQcMzV69HtBgCzXVCoCP1,Bitter reflektion,Lifelover,2008,-3.475,major,2000
spotify:track:7KoL3DVeQ9XoLO7oV13SmM,7KoL3DVeQ9XoLO7oV13SmM,The Shadow Doctrine - NORMAL,Thou Art Lord,2002,-4.744,minor,2000
spotify:track:1KQCNSUCDgqpQo5zrdw5zi,1KQCNSUCDgqpQo5zrdw5zi,Double Shadow,Junior Boys,2006,-10.911,minor,2000
spotify:track:5b8UrMiKJd25ltc6qBNzrX,5b8UrMiKJd25ltc6qBNzrX,If She Knew What She Wants,The Bangles,2004,-5.937,major,2000
spotify:track:7r66z69dIVNCf9mnX4OIXL,7r66z69dIVNCf9mnX4OIXL,Raw Life,The Foreign Exchange,2004,-6.527,minor,2000
spotify:track:3t1k5HayiRhkdLq0xslwFG,3t1k5HayiRhkdLq0xslwFG,Chandanatthil,Unni Menon,2001,-7.127,major,2000
spotify:track:1MLtpotWNJ6vX9Pi5hxaza,1MLtpotWNJ6vX9Pi5hxaza,I'd Like To Think So,Eugene Edwards,2005,-5.529,minor,2000
spotify:track:2TPqhCHqMt9UoqojXifQZG,2TPqhCHqMt9UoqojXifQZG,That's Gangsta,Bun B,2008,-6.462,major,2000
spotify:track:0OQR9qbo1prFNoiQ4fKP6e,0OQR9qbo1prFNoiQ4fKP6e,Once in a dream,Peter Sterling,2006,-19.379,major,2000
spotify:track:6V2LGb4A0hwmpEtQ6gGy0j,6V2LGb4A0hwmpEtQ6gGy0j,Ela Pare Me,Michalis Nikoloudis,2003,-6.247,minor,2000
spotify:track:1KosQYYPn1Rx8owPG0IOjv,1KosQYYPn1Rx8owPG0IOjv,Let's Git Doe,The Beatnuts,2001,-5.28,major,2000
spotify:track:2F0efFsPtku1MXMAenseMn,2F0efFsPtku1MXMAenseMn,The Light & The Longing,Lisa Lynne,2002,-21.439,minor,2000
spotify:track:4po0Mr2Nv4C4r0B9sGwbTN,4po0Mr2Nv4C4r0B9sGwbTN,Hey Country,Montgomery Gentry,2006,-5.634,major,2000
spotify:track:7p2U8zSbwrPjQ2MHhg99JY,7p2U8zSbwrPjQ2MHhg99JY,Shining - Original Mix,Joris Voorn,2004,-6.754,minor,2000
spotify:track:6KU67idKv2XpenSJlX7Xy2,6KU67idKv2XpenSJlX7Xy2,"Piano Sonata No. 6 in D Major, K. 284: I. Allegro",Wolfgang Amadeus Mozart,2009,-26.231,major,2000
spotify:track:5IsClbDZDDSEezo2ujiVIq,5IsClbDZDDSEezo2ujiVIq,Nagano - Cave Mix,DJ Hi-Shock,2005,-11.665,major,2000
spotify:track:6m5VbRRJxLJdK5heTNMn00,6m5VbRRJxLJdK5heTNMn00,Chittham Eppadiyo (Raga: Nadanamakriya; Tala: Misrachapu,Lalgudi G. Jayaraman,2006,-15.351,minor,2000
spotify:track:0pkBlBL1egavtDXbs4ZVuL,0pkBlBL1egavtDXbs4ZVuL,"Puccini: Madama Butterfly, Act 1: ""E soffitto… e pareti"" (Pinkerton, Goro)",Giacomo Puccini,2009,-20.924,minor,2000
spotify:track:7IR67ojiguuhUyLx4QgPnY,7IR67ojiguuhUyLx4QgPnY,Never I,The Chariot,2009,-4.908,major,2000
spotify:track:2gNvmvI04vnWtk6fohmbXb,2gNvmvI04vnWtk6fohmbXb,God Rest Ye Merry Gentlemen,Scott D. Davis,2005,-14.083,minor,2000
spotify:track:6Ihgq37xzPAbjoPTgzYwbI,6Ihgq37xzPAbjoPTgzYwbI,"Goldberg Variations, BWV 988: Variation 23 a 2 Clav. - 1955 Version",Johann Sebastian Bach,2002,-16.892,major,2000
spotify:track:5g538NzThViQr2siq0zAIa,5g538NzThViQr2siq0zAIa,I Forgot To Tell My Baby (remix),Crazy Cavan,2003,-9.221,major,2000
spotify:track:2mgbWD8vRBKJGOuWcoFpPh,2mgbWD8vRBKJGOuWcoFpPh,The House Of House - Garage Inc. Instrumental Remix,Cherrymoon Trax,2003,-13.73,major,2000
spotify:track:4aj2jVlgfEhisRdGdxdcoU,4aj2jVlgfEhisRdGdxdcoU,Strange Light - Remastered 2005,Brian Eno,2005,-28.838,major,2000
spotify:track:4pADXqX5x76fDS8RmyvgwO,4pADXqX5x76fDS8RmyvgwO,The Night,Disturbed,2008,-3.649,major,2000
spotify:track:4zee65CbfmdcRuJklvT2uE,4zee65CbfmdcRuJklvT2uE,Terrorform,Die Warzau,2005,-9.057,major,2000
spotify:track:2VCoU0uL2kNctoElLofOHW,2VCoU0uL2kNctoElLofOHW,Noisrevrep Taog,Impaled Nazarene,2000,-3.541,minor,2000
spotify:track:3bD2vlMf6ZKmBIjYhyGLDv,3bD2vlMf6ZKmBIjYhyGLDv,Rokhaya,Yus Yunus,2000,-1.851,minor,2000
spotify:track:20madxzASRgrD2d611lzUK,20madxzASRgrD2d611lzUK,Danado de Bom,Luiz Gonzaga,2005,-8.04,major,2000
spotify:track:61uh947sYcIlXI1k4dfDwS,61uh947sYcIlXI1k4dfDwS,Uncle Rough,Lee Morgan,2003,-7.119,major,2000
spotify:track:550JPXXPgjr1xqxtKIaX6b,550JPXXPgjr1xqxtKIaX6b,Ante Up (Robbin Hoodz Theory),M.O.P.,2000,-4.856,major,2000
spotify:track:6lpdc43EbEiDjmWxa3eutX,6lpdc43EbEiDjmWxa3eutX,Dial My Heart,The Boys,2009,-11.845,major,2000
spotify:track:33chUMoCDJzli5JkageMuu,33chUMoCDJzli5JkageMuu,Stars Above Us,Saint Etienne,2005,-5.874,major,2000
spotify:track:1EZMLxwcdVFIJbzOdRg8kv,1EZMLxwcdVFIJbzOdRg8kv,Slang Change,David Dyer,2004,-11.538,major,2000
spotify:track:5geqHtNBdvGYPXobMZYWPv,5geqHtNBdvGYPXobMZYWPv,4m,Fad Gadget,2001,-12.024,major,2000
spotify:track:0YYeHh1516QXG2GfTr1wcR,0YYeHh1516QXG2GfTr1wcR,Spirit In My Life - Paul Harris & Audio Cage Remix,Cedric Gervais,2006,-5.302,minor,2000
spotify:track:4LtGlDEHqlTrYLLyvS84Fu,4LtGlDEHqlTrYLLyvS84Fu,To the Gallows,Kalmah,2006,-4.872,minor,2000
spotify:track:6aoyRZFKZxrZvRR7HYtq8T,6aoyRZFKZxrZvRR7HYtq8T,Out Of My Mind (Valentin Mixshow),Sarah Atereth,2005,-9.979,major,2000
spotify:track:4lSAsLaEvq7IQv4rUPx5YJ,4lSAsLaEvq7IQv4rUPx5YJ,Sambuca - Innervisions Extended Remix (feat. Dennis G),Wideboys,2001,-5.568,major,2000
spotify:track:0Fk7Mhs3dvpQzchzBOFcXF,0Fk7Mhs3dvpQzchzBOFcXF,Is This a Dream?,Smash Palace,2008,-5.425,major,2000
spotify:track:7pTgKDqFgqYFlSM3Y9PCKC,7pTgKDqFgqYFlSM3Y9PCKC,Griet's Theme,Alexandre Desplat,2003,-17.93,minor,2000
spotify:track:2KS4HbaFamYkJVM1wnUNIN,2KS4HbaFamYkJVM1wnUNIN,We Were There,Woolfy,2008,-9.543,minor,2000
spotify:track:6WUfWf1nQ6KH4OTXdqfi9j,6WUfWf1nQ6KH4OTXdqfi9j,I Am Going To Kill The President Of The United States Of America,Leathermouth,2009,-1.769,major,2000
spotify:track:36aagzQmrQYhh5rsvnJ5GG,36aagzQmrQYhh5rsvnJ5GG,Darlin' (Christmas is Coming),Over the Rhine,2008,-9.255,major,2000
spotify:track:7b088BDjQjetZVUUolqsri,7b088BDjQjetZVUUolqsri,The People Behind,Raised Fist,2002,-3.907,minor,2000
spotify:track:3R4Y3IMU1cRyBxMq0YeOjM,3R4Y3IMU1cRyBxMq0YeOjM,Bandola Triste,Aníbal Troilo,2009,-7.763,major,2000
spotify:track:6E1G0DDkrB5ODithltGL3O,6E1G0DDkrB5ODithltGL3O,Speechless - Edit,Mish Mash,2006,-7.74,minor,2000
spotify:track:0UGG8oFhTApPjcLK4Y4gH5,0UGG8oFhTApPjcLK4Y4gH5,Sleazy - mrTimothy Remix,Dirty South,2004,-8.257,major,2000
spotify:track:4K7VcgfMGgs3khejbqS8x9,4K7VcgfMGgs3khejbqS8x9,Everything Is Gone,Those Poor Bastards,2007,-15.754,minor,2000
spotify:track:3VrPxbe0Wfij3cMXF9ZtMg,3VrPxbe0Wfij3cMXF9ZtMg,"O vin, dissipe la tristesse",Ambroise Thomas,2006,-15.061,major,2000
spotify:track:0BzrwHB9Kqt29ITCTWLTd3,0BzrwHB9Kqt29ITCTWLTd3,Shri Ramchandra Kripalu Bhajaman,Jagjit Singh,2001,-19.61,major,2000
spotify:track:6zLSHla8RkJy9O6cfdqbrD,6zLSHla8RkJy9O6cfdqbrD,Atmosphere,Geographer,2008,-8.051,major,2000
spotify:track:56KPZMI9vlzIbhGKkALSMw,56KPZMI9vlzIbhGKkALSMw,Not Just Anybody - Original Mix,Camiel Daamen,2009,-12.332,major,2000
spotify:track:5Ewlg0uRb2pDp1dw9oAUfZ,5Ewlg0uRb2pDp1dw9oAUfZ,Oh Mary,Neil Diamond,2005,-15.085,major,2000
spotify:track:25B4TVdrqck3d7wzMcDsFV,25B4TVdrqck3d7wzMcDsFV,The Ghost of the River,The Anniversary,2001,-7.896,major,2000
spotify:track:5lzWU8D5UgNrv5puUVpOqD,5lzWU8D5UgNrv5puUVpOqD,World Carols,Traditional,2008,-21.867,major,2000
spotify:track:3sKjCdJeprsPuBrkhgi6Zs,3sKjCdJeprsPuBrkhgi6Zs,Abbey Rockers #1,The Superpowers,2007,-5.75,minor,2000
spotify:track:2CuixrdncTl0KobisPuFPb,2CuixrdncTl0KobisPuFPb,Crank It Up,The Carburetors,2006,-6.676,minor,2000
spotify:track:4nKd5ZeRVXErUErXAh7IXl,4nKd5ZeRVXErUErXAh7IXl,Everything Matters - Matthew Dekay Remix,Leama,2009,-9.647,minor,2000
spotify:track:2TdeCoyk6orFL30Fv64GTP,2TdeCoyk6orFL30Fv64GTP,I'm Gonna Be the First One - PCM Stereo Version,"Harry Connick, Jr.",2003,-8.668,major,2000
spotify:track:1jRmAQ3YFERG8cgPIwfm2T,1jRmAQ3YFERG8cgPIwfm2T,Tuki's Dream,Shastro,2001,-14.811,minor,2000
spotify:track:3jNOCyxbDqRDmTDxhcv1HS,3jNOCyxbDqRDmTDxhcv1HS,Sois le centre,LTC,2004,-9.045,major,2000
spotify:track:0xXNlKEDxLJxB5ZtjKMZZN,0xXNlKEDxLJxB5ZtjKMZZN,Apesar de Você - Ao Vivo,Maria Bethânia,2002,-8.92,major,2000
spotify:track:5JXcGzMu1FUEsnQU39pP4F,5JXcGzMu1FUEsnQU39pP4F,Mi Fruto,Conjunto Chaney,2002,-8.795,minor,2000
spotify:track:2Qf7BJXEgGvd9ylJPY83rL,2Qf7BJXEgGvd9ylJPY83rL,Aspirine,Koffi Olomide,2001,-9.091,major,2000
spotify:track:4Rw5LqUgemEfMF72gMdbbp,4Rw5LqUgemEfMF72gMdbbp,Turn Down Elliot,Poison The Well,2002,-5.704,major,2000
spotify:track:0M8Tb3JjE8JfECTkAKd0hB,0M8Tb3JjE8JfECTkAKd0hB,Can't Be Love,Pink Turns Blue,2007,-6.057,major,2000
spotify:track:4IrY98FMi6cOZAa0NLtGxs,4IrY98FMi6cOZAa0NLtGxs,Coraline Dispair,Bruno Coulais,2009,-12.339,major,2000
spotify:track:2JUU7GlbLRWzBxNZFnpYKE,2JUU7GlbLRWzBxNZFnpYKE,He's Read,Red Lorry Yellow Lorry,2000,-11.382,major,2000
spotify:track:7GCdT95Ehn2TMCVMoYrLKj,7GCdT95Ehn2TMCVMoYrLKj,White Rabbit,In The Woods...,2000,-8.146,major,2000
spotify:track:5VutilW5JgVFxcKe0f1gME,5VutilW5JgVFxcKe0f1gME,Illegal Manufacture,Agoraphobic Nosebleed,2003,-2.625,minor,2000
spotify:track:7hInOqJnlEayXao08yVYAn,7hInOqJnlEayXao08yVYAn,Playing God,Paramore,2009,-3.597,minor,2000
spotify:track:7EB58jEAVEstNKRQLjbpkM,7EB58jEAVEstNKRQLjbpkM,Closer To You,Marcia Griffiths,2005,-11.952,minor,2000
spotify:track:1fTnOxUNA9guR7QjviVhCO,1fTnOxUNA9guR7QjviVhCO,Last Letter to You...,Andrei Krylov,2008,-22.115,minor,2000
spotify:track:4vU478nHEPjNgKLVwH1Pep,4vU478nHEPjNgKLVwH1Pep,Thanam - Sahana,Ramnad Krishnan,2007,-13.919,minor,2000
spotify:track:6MboNpWv1m0vCVRPIyZIuR,6MboNpWv1m0vCVRPIyZIuR,This Old Man,Cooltime Kids,2001,-11.238,major,2000
spotify:track:1jypmXUJgxWKWJZdDsJiXQ,1jypmXUJgxWKWJZdDsJiXQ,Why Not,Hilary Duff,2003,-4.849,major,2000
spotify:track:1fzX0dNDSV4QbRowLA2P6W,1fzX0dNDSV4QbRowLA2P6W,Tiger,Cheeseburger,2007,-3.75,major,2000
spotify:track:62fPFa3Oxo9sI48JfBLtfF,62fPFa3Oxo9sI48JfBLtfF,America,Stephen Lynch,2009,-9.955,major,2000
spotify:track:2GZ14jhPUHqN5scWzoaXZR,2GZ14jhPUHqN5scWzoaXZR,Why Can't You See,Saosin,2009,-4.958,minor,2000
spotify:track:0D7mCAdzzg4zAHXSmZm6lk,0D7mCAdzzg4zAHXSmZm6lk,Salle D'isan,Isan,2001,-16.737,major,2000
spotify:track:381Mn6EHb51TuQL08BdIGu,381Mn6EHb51TuQL08BdIGu,The Sweet Escape,zebrahead,2009,-3.449,major,2000
spotify:track:5DCe4wNak6fstGklftX33t,5DCe4wNak6fstGklftX33t,Teenage Riot,The Ataris,2001,-6.172,major,2000
spotify:track:1qyuUYCVvyqRS1xBDQhfhl,1qyuUYCVvyqRS1xBDQhfhl,Timeless Spirit,Tom Barabas,2000,-20.914,major,2000
spotify:track:0LGutDI2q2c9KbZchjgOMX,0LGutDI2q2c9KbZchjgOMX,"Pelléas et Mélisande, CD 93, Suite (Arr. Leinsdorf): II. Act II. Opening - Interlude 3 - Interlude 4",Claude Debussy,2001,-29.69,minor,2000
spotify:track:4IBllxoAPkgzgTrdJehnXb,4IBllxoAPkgzgTrdJehnXb,Speak Low,João Donato,2007,-18.464,major,2000
spotify:track:2dr4TfbvdfulGpEBXL5Axv,2dr4TfbvdfulGpEBXL5Axv,Divyavin Arimugam,D. Imman,2005,-7.937,major,2000
spotify:track:1UmBzOxo2yvxnf1LffwBAo,1UmBzOxo2yvxnf1LffwBAo,Voice Inside My Head,The Chicks,2006,-2.64,major,2000
spotify:track:77BtRqUwPePpvhsfSUuxrA,77BtRqUwPePpvhsfSUuxrA,Love Again,Chandra Currelley,2005,-7.86,major,2000
spotify:track:5ifxSuZlsFMZGTL5QH3nPh,5ifxSuZlsFMZGTL5QH3nPh,Pulling up the Stakes,Cavity,2001,-8.771,major,2000
spotify:track:2JkNfypyw7Hl4yggYIs3Bb,2JkNfypyw7Hl4yggYIs3Bb,Lokavana Chatura,Semmangudi Srinivasa Iyer,2005,-11.895,major,2000
spotify:track:7eVeqrHDx4U6HLr9FKW5j0,7eVeqrHDx4U6HLr9FKW5j0,Rewind The Weekend - Original Mix,DLX,2009,-10.872,major,2000
spotify:track:0LOmZBbsEeVngxivpd2Og9,0LOmZBbsEeVngxivpd2Og9,"Das Rheingold: Scene II: Endlich Loge! Eiltest du so (Wotan, Loge, Fricka, Froh, Donner, Fafner, Fasolt)",Richard Wagner,2006,-23.305,major,2000
spotify:track:1YHayHjSfWxhVlBQSOxxNm,1YHayHjSfWxhVlBQSOxxNm,"Tudo Bem, Numa Boa",Crianças Diante do Trono,2001,-7.511,major,2000
spotify:track:0yZeS1QS6JZ6AJsEDNrDPN,0yZeS1QS6JZ6AJsEDNrDPN,Put Down Your Dream Journal and Dance,Blockhead,2007,-7.815,minor,2000
spotify:track:5760ji6gziRHlY0K9fqpkD,5760ji6gziRHlY0K9fqpkD,Desert City,Sound Experience,2008,-13.317,major,2000
spotify:track:0dALFRuD6D10I9DagnnneP,0dALFRuD6D10I9DagnnneP,Amsterdam,Griffin House,2004,-10.943,major,2000
spotify:track:7iaBCftpUSjnBERFcyQxO9,7iaBCftpUSjnBERFcyQxO9,Tu Cuerpo Me Arrebata,Don Omar,2003,-6.703,minor,2000
spotify:track:07LfoEP2ZSY6hmvlQKid9q,07LfoEP2ZSY6hmvlQKid9q,Carnivorous Consumption,With Blood Comes Cleansing,2008,-3.74,major,2000
spotify:track:4ktTKeD0xYxjSLzWaEr6O0,4ktTKeD0xYxjSLzWaEr6O0,Sonhos e lembranças / Aguenta coração / Coragem pra falar - Ao vivo,Noda de Caju,2008,-7.478,major,2000
spotify:track:2GbAh93e1VdlPNAPJlt74S,2GbAh93e1VdlPNAPJlt74S,Shovel Headed Kill Machine,Exodus,2005,-4.624,major,2000
spotify:track:1Uos7x3iG1HnP5gu7zrHpu,1Uos7x3iG1HnP5gu7zrHpu,Wait A Minute,The Seldom Scene,2005,-13.779,major,2000
spotify:track:4boUenFa7FxvtO0HRbA5TE,4boUenFa7FxvtO0HRbA5TE,Premonición,Mala Medicina,2007,-2.955,major,2000
spotify:track:3M57gu5qlnxR8qlgrkYezU,3M57gu5qlnxR8qlgrkYezU,Candinga Y Pata Negra,No Me Pises Que Llevo Chanclas,2000,-7.809,major,2000
spotify:track:2oDlATjCCls5Am3t8W8XNd,2oDlATjCCls5Am3t8W8XNd,Coisas do amor (Fã de carteirinha),Pixote,2002,-5.768,minor,2000
spotify:track:5b7nAFi9AKBYqh5ISPtcP2,5b7nAFi9AKBYqh5ISPtcP2,Tolleranza zero,Punkreas,2000,-5.801,minor,2000
spotify:track:7pN8ohpd8hofPRTSqEP9YR,7pN8ohpd8hofPRTSqEP9YR,Preservation of Headless Carrion,Last Days Of Humanity,2006,-2.164,major,2000
spotify:track:76WzfVTkixrm5P6oupw4KY,76WzfVTkixrm5P6oupw4KY,Charumati,Lucky Ali,2004,-7.972,major,2000
spotify:track:4eAuSZVBm3VUmUu8ESctIW,4eAuSZVBm3VUmUu8ESctIW,Return To The Grave,Mortician,2004,-9.05,major,2000
spotify:track:51uh2UrC97oxLnF0Gqr7h7,51uh2UrC97oxLnF0Gqr7h7,Camioux - Biggabush Version,Boozoo Bajou,2005,-12.598,minor,2000
spotify:track:0wYLpFCkDQuwUo5KrbS55T,0wYLpFCkDQuwUo5KrbS55T,Off My Rocker,Billy Currington,2003,-4.577,major,2000
spotify:track:1uUhX3CVXQchMVpDdR6oQ1,1uUhX3CVXQchMVpDdR6oQ1,Danny Boy,Hank Jones,2008,-32.559,major,2000
spotify:track:2etgPkuCToUE6atigggiDW,2etgPkuCToUE6atigggiDW,A Diamond and a Tether,Death Cab for Cutie,2009,-8.27,major,2000
spotify:track:2xkKWZHXtoHilXci1hToID,2xkKWZHXtoHilXci1hToID,Das sind alles Zeichen - Hit Mix,Michael Wendler,2003,-0.876,minor,2000
spotify:track:2b8ldkytBkOWOMEDh3wwSV,2b8ldkytBkOWOMEDh3wwSV,The Call Of The Wild - Remastered 2003/Rudy Van Gelder Edition,Dr. Lonnie Smith,2003,-10.09,minor,2000
spotify:track:54mcsNHSDwOxSQtY7gpFgO,54mcsNHSDwOxSQtY7gpFgO,Parasi Hari Ke Charan,Ajay-Atul,2007,-11.94,minor,2000
spotify:track:3nZYKg9q4ugXeG37WybnFS,3nZYKg9q4ugXeG37WybnFS,I Love...,Funky DL,2007,-6.494,major,2000
spotify:track:6e6GBPySpgdRHZbZoT0ydy,6e6GBPySpgdRHZbZoT0ydy,Foresight,Zao,2003,-5.387,major,2000
spotify:track:0U2iUkqMWlbqxCITYlvcA5,0U2iUkqMWlbqxCITYlvcA5,Techno Roads,Stubbusch,2009,-11.553,major,2000
spotify:track:446LAEKdrnKfoVbEfpbvPt,446LAEKdrnKfoVbEfpbvPt,Resist The Temptation - Thug Version,2Pac,2007,-4.653,minor,2000
spotify:track:6lrh4hcdY5OZOwf4maVPvz,6lrh4hcdY5OZOwf4maVPvz,Always,Nadine Sutherland,2004,-6.522,major,2000
spotify:track:0bXEOyMv8TFyCDkHovsoTo,0bXEOyMv8TFyCDkHovsoTo,Hablando Claro,Lorenzo Lara,2003,-7.505,major,2000
spotify:track:4WHXgQDsfZiQhBJNZKC9Di,4WHXgQDsfZiQhBJNZKC9Di,No Necesito Verte (Para Saberlo),Soda Stereo,2001,-7.552,minor,2000
spotify:track:3A8uzWQxhfa92e4gYBeopp,3A8uzWQxhfa92e4gYBeopp,Meeting,FTISLAND,2007,-6.494,minor,2000
spotify:track:1S4CtAbF303cSz9PyUObqv,1S4CtAbF303cSz9PyUObqv,Dans cette étable,Traditional,2003,-15.458,major,2000
spotify:track:6Od8oOEFIbDDKwzMr3Tvgx,6Od8oOEFIbDDKwzMr3Tvgx,Another World - Voice,Joe Jackson,2000,-9.184,major,2000
spotify:track:5DRGRmvnsW05iSoxWiqNpa,5DRGRmvnsW05iSoxWiqNpa,Pelele,Alfredo Gobbi,2006,-4.482,major,2000
spotify:track:4gfkPiGnP1X0GWfQdRMpD9,4gfkPiGnP1X0GWfQdRMpD9,Sugar Coated Love,Omar Akram,2002,-10.358,major,2000
spotify:track:7y952AaC6SYiWlNwuC3Rfv,7y952AaC6SYiWlNwuC3Rfv,Get This Right!,Raised Fist,2002,-5.308,minor,2000
spotify:track:7CDISHQGGUd9wWOkopFuEM,7CDISHQGGUd9wWOkopFuEM,Nosso Sonho Não é Ilusão,Só Pra Contrariar,2005,-10.622,major,2000
spotify:track:7y1h6vsQgN9pd21YsxJL4W,7y1h6vsQgN9pd21YsxJL4W,Quien No Ha Dicho Una Mentira - Live,Juan Formell y Los Van Van,2002,-7.053,minor,2000
spotify:track:7JfQZ7hXRxiIvo0GylQnvC,7JfQZ7hXRxiIvo0GylQnvC,Chauvinistic,The O'Jays,2004,-6.365,major,2000
spotify:track:6l6V6jBjpZOnbMY2iMJF1d,6l6V6jBjpZOnbMY2iMJF1d,Heart's Desire,Don Blackman,2005,-12.91,major,2000
spotify:track:58fJ3vY2hcLBxZerdvnu4K,58fJ3vY2hcLBxZerdvnu4K,Marine Mood,Felix Da Housecat,2002,-12.221,minor,2000
spotify:track:3JF1fSgyzIYyDYD4VDQJN9,3JF1fSgyzIYyDYD4VDQJN9,The Chicken Dance,Dora The Explorer,2004,-7.501,major,2000
spotify:track:2jFylO1YyN5OWJqdcCuC4B,2jFylO1YyN5OWJqdcCuC4B,Unchain My Heart,Paul Bollenback,2006,-13.214,major,2000
spotify:track:7mu4ZIvmLWsYqlaifVhg9u,7mu4ZIvmLWsYqlaifVhg9u,Rock City,"Royce Da 5'9""",2002,-7.092,minor,2000
spotify:track:2eqpZQZrAAFuFWtkU5J6cU,2eqpZQZrAAFuFWtkU5J6cU,Risca Faca - Faixa Bônus,Pepe Moreno,2006,-4.623,major,2000
spotify:track:2uCW8RaXQ81VBEHkkv6LeP,2uCW8RaXQ81VBEHkkv6LeP,Islands,The Suicide Machines,2002,-2.54,major,2000
spotify:track:3DWSVIfuCsPGEx2YAlOAHe,3DWSVIfuCsPGEx2YAlOAHe,She Has a Girlfriend Now,Reel Big Fish,2006,-5.68,minor,2000
spotify:track:3HbSmWSigWq7TB5UpdvjIZ,3HbSmWSigWq7TB5UpdvjIZ,Kapitel 15 - Folge 1: Die Grube und das Pendel,Heinz Rudolf Kunze,2003,-13.864,major,2000
spotify:track:3njVnUOU1FapjRQLyZYG5p,3njVnUOU1FapjRQLyZYG5p,Punahele,Sonny Lim,2004,-22.434,major,2000
spotify:track:0ccJSWdA2hCN668kh7jtDT,0ccJSWdA2hCN668kh7jtDT,You Got To,Lawnchair Generals,2005,-8.85,major,2000
spotify:track:0ZPRH4Dx6zSZQsIATtlbfp,0ZPRH4Dx6zSZQsIATtlbfp,El Tunel Del Adios,La Guardia,2000,-8.546,minor,2000
spotify:track:1JIyzwxYKUktXe7tn4oqk9,1JIyzwxYKUktXe7tn4oqk9,When Sunday Comes,Daryl Coley,2000,-9.326,minor,2000
spotify:track:4PaRNgDPrNpu5BOfXKvw9D,4PaRNgDPrNpu5BOfXKvw9D,Pode ser,Daniel,2008,-6.06,major,2000
spotify:track:2x2oEHlN6vLaXR0lxgHOgH,2x2oEHlN6vLaXR0lxgHOgH,Love Across Light Years,Todd Grubbs,2004,-10.86,major,2000
spotify:track:3uVHxe3L7k1X2XmXCaw6oy,3uVHxe3L7k1X2XmXCaw6oy,Dub The Girl,Joe Ariwa,2007,-13.002,major,2000
spotify:track:3GsXWT84yPZh2ynTw8Nvim,3GsXWT84yPZh2ynTw8Nvim,Deception,Absurd Minds,2000,-6.438,major,2000
spotify:track:3q12IOgRbLc9C3jr6nyfJM,3q12IOgRbLc9C3jr6nyfJM,Bizzy Body (Remix) - Bonus Track,P-Square,2008,-4.678,minor,2000
spotify:track:15FARvRCDjmd9ReV7maXA1,15FARvRCDjmd9ReV7maXA1,"Shostakovich: Piano Quintet in G Minor, Op. 57: V. Finale. Allegretto (Live)",Dmitri Shostakovich,2007,-19.669,major,2000
spotify:track:6XU3S7g5w5U52V0dZcl1ih,6XU3S7g5w5U52V0dZcl1ih,All You Wanted - Unplugged,Michelle Branch,2001,-4.546,major,2000
spotify:track:0wscTdVD9u24LgMKKLY6oj,0wscTdVD9u24LgMKKLY6oj,The Gathering - 2007 Digital Remaster,Killing Joke,2008,-8.261,major,2000
spotify:track:3fZnd3InALO5ONyUJJjhqH,3fZnd3InALO5ONyUJJjhqH,Come Follow,Lorraine Nelson Wolf,2003,-11.596,major,2000
spotify:track:7dghaZCjWjEy2B3FngHoBI,7dghaZCjWjEy2B3FngHoBI,Você Se Lembra,Elba Ramalho,2000,-8.832,minor,2000
spotify:track:0NZ16FGQqmtfvEWZr0PY9f,0NZ16FGQqmtfvEWZr0PY9f,Ride Like The Wind (Radio Mix),Michael Mind,2007,-7.067,minor,2000
spotify:track:0FytVWSYhStFzOIR88mmDe,0FytVWSYhStFzOIR88mmDe,Tomorrow Today,The Feelies,2009,-8.904,major,2000
spotify:track:4dsm7jOngibZ91Y91ojrSw,4dsm7jOngibZ91Y91ojrSw,이렇게라도,Sung Si Kyung,2002,-9.607,major,2000
spotify:track:1Q4098EDlb6jFx4bPQF2Xr,1Q4098EDlb6jFx4bPQF2Xr,Party Lover,Showtek,2007,-10.288,minor,2000
spotify:track:2HVCtRpsppMIqNXuPJaBAu,2HVCtRpsppMIqNXuPJaBAu,Brand 64b21,Löbe Radiant Dub System,2006,-7.662,major,2000
spotify:track:3oYQXCcPFUpckjuwb5m1fV,3oYQXCcPFUpckjuwb5m1fV,Not Satisfied - Remastered Album Version,Aswad,2002,-10.474,major,2000
spotify:track:38dPLjUSNPXEvI6PbmW9ha,38dPLjUSNPXEvI6PbmW9ha,Beautiful Day,Charlie Robison,2009,-3.995,major,2000
spotify:track:6Jahj9oUPUO5PBdxZYQ6PX,6Jahj9oUPUO5PBdxZYQ6PX,Christmas medley,Traditional,2000,-20.636,major,2000
spotify:track:0jHjV5YnjEi9b0BrdCfh4R,0jHjV5YnjEi9b0BrdCfh4R,"Symphony No. 2 In C Minor - ""Resurrection"" / 1st Movement - Allegro maestoso (Totenfeier): Im Tempo nachgeben",Gustav Mahler,2003,-18.328,major,2000
spotify:track:4hyf4S1dGE1nLPu8TQIN81,4hyf4S1dGE1nLPu8TQIN81,Ligação Urbana (Ao Vivo),Bruno & Marrone,2003,-3.57,major,2000
spotify:track:1PTgmzWuGgpHja7DhWTnjb,1PTgmzWuGgpHja7DhWTnjb,Kanna,E. Gayathri,2007,-8.019,minor,2000
spotify:track:2EnyI7VqhB6Qqh1evrhIBr,2EnyI7VqhB6Qqh1evrhIBr,"Fernand Cortez, ou La conquete du Mexique: Act III: Trionfo, vittoria (All)",Gaspare Spontini,2004,-16.206,major,2000
spotify:track:4STrW1IylNSOtPAZpWVgw5,4STrW1IylNSOtPAZpWVgw5,Disco Pimp,Stacy Kidd,2000,-9.884,major,2000
spotify:track:30b7tONybjpNB9QidnoA7s,30b7tONybjpNB9QidnoA7s,呼吸,Tanya Chua,2001,-8.759,major,2000
spotify:track:4CDwvG3ez7Pw0vOUm6UFdm,4CDwvG3ez7Pw0vOUm6UFdm,Time - Manuel Tur Dub Mix,Nick Holder,2008,-13.206,minor,2000
spotify:track:7tbEXhYDAVSd0RUYTpXyLf,7tbEXhYDAVSd0RUYTpXyLf,U Ain't Know'n,Daz Dillinger,2000,-5.882,major,2000
spotify:track:0uOKvfGj9TqJGKRFJamyxE,0uOKvfGj9TqJGKRFJamyxE,High,Skalpel,2004,-11.395,major,2000
spotify:track:2Nb6wPyrcPw7SE8LdbBPWk,2Nb6wPyrcPw7SE8LdbBPWk,C'mon Everybody,Humble Pie,2000,-8.735,major,2000
spotify:track:6nfyAwnUu27iF56qCqk0UF,6nfyAwnUu27iF56qCqk0UF,Whatever You Want,Lee Williams & The Spiritual QC's,2003,-4.612,major,2000
spotify:track:2dtTulbX4VyCVjVvmSkqVv,2dtTulbX4VyCVjVvmSkqVv,Punarum Puthumanam,Vijay Yesudas,2009,-5.899,minor,2000
spotify:track:4a7oZUlTdmxLf8RKlpgo5S,4a7oZUlTdmxLf8RKlpgo5S,Concierto de Aranjuez: II. Adagio,Traditional,2009,-30.179,major,2000
spotify:track:72qdzhNrBYpDHAaPsGvgD4,72qdzhNrBYpDHAaPsGvgD4,Bomba pa` Juan,Descarga Boricua,2008,-9.783,major,2000
spotify:track:0wMMpMfpvYVb2s47H0su0M,0wMMpMfpvYVb2s47H0su0M,Some Bwoy,Tanto Metro & Devonte,2004,-5.607,major,2000
spotify:track:74guRaor5eFU78gFevmDa0,74guRaor5eFU78gFevmDa0,Khochu ljubit',Evgenija Shevchenko,2006,-13.213,major,2000
spotify:track:1iEbloxZaT9lZOepLsMgpU,1iEbloxZaT9lZOepLsMgpU,Irrational Hate Soaked Fury,Watchmaker,2003,-5.369,major,2000
spotify:track:0oZbg7w3QPXjdaYuMN4te6,0oZbg7w3QPXjdaYuMN4te6,給朋友,Jacky Cheung,2004,-17.051,minor,2000
spotify:track:5q1MY4foHDUBTbxwshwqnq,5q1MY4foHDUBTbxwshwqnq,Time,Albright Green,2000,-4.637,major,2000
spotify:track:6USsjJujnct00SapJxE9Is,6USsjJujnct00SapJxE9Is,Eşarbını Yan Bağlama,İbrahim Tatlıses,2007,-8.376,minor,2000
spotify:track:6KQ78vuhScNB68cvM98AIr,6KQ78vuhScNB68cvM98AIr,Despertar - Live,Heroes Del Silencio,2007,-7.807,major,2000
spotify:track:78QivlATTLEV1vaUPBTGlt,78QivlATTLEV1vaUPBTGlt,Alpha Dog,Fall Out Boy,2009,-3.707,minor,2000
spotify:track:0xXdimJqiKkEoriGsih8WH,0xXdimJqiKkEoriGsih8WH,Cañonazo,Alquimia La Sonora Del XXI,2001,-2.531,major,2000
spotify:track:1hMR8lJjZwunXkkQ8l0Vpw,1hMR8lJjZwunXkkQ8l0Vpw,(I Never Loved) Nobody But You,Jimmy Ruffin,2004,-12.283,major,2000
spotify:track:2QDaGqoxSrmu6c2VIvSuKD,2QDaGqoxSrmu6c2VIvSuKD,You'll Never Get The Chance Again,Jackpots,2003,-7.597,major,2000
spotify:track:6J1sSUBs6BR1amfeGM2gq0,6J1sSUBs6BR1amfeGM2gq0,Mapala,Nookala Chinna Satyanarayana,2008,-13.898,major,2000
spotify:track:17p6riIkpTepijcXm9GM0f,17p6riIkpTepijcXm9GM0f,Heart Of Stone,The Raveonettes,2009,-3.148,major,2000
spotify:track:3Mw6nvi9dPQwnpnhKDvNJa,3Mw6nvi9dPQwnpnhKDvNJa,Preludios Epigramáticos I - Leo Brouwer,Leo Brouwer,2003,-21.435,major,2000
spotify:track:0PEG2qE9uMeMtta3aWqsJ6,0PEG2qE9uMeMtta3aWqsJ6,Great Escape,Teddy Geiger,2008,-4.664,major,2000
spotify:track:2XlNQz3AejZotwt1wDrVJg,2XlNQz3AejZotwt1wDrVJg,Dub Forever,Vibronics,2004,-6.309,minor,2000
spotify:track:25vaNBgMj02vobWotGCHbw,25vaNBgMj02vobWotGCHbw,Bar Latino el Ginebrazo,Tren Loco,2008,-4.536,minor,2000
spotify:track:68Uzds0GkP6TmFJv5q0SOQ,68Uzds0GkP6TmFJv5q0SOQ,Shore Leave,John Hammond,2001,-9.674,major,2000
spotify:track:5Lz9lf5lWC2HM5bcyuAHb0,5Lz9lf5lWC2HM5bcyuAHb0,Electro-Violence (Live),Overkill,2009,-9.39,major,2000
spotify:track:2tfS4DHbFyk69QdDyrjsye,2tfS4DHbFyk69QdDyrjsye,Dacw Hi,Super Furry Animals,2000,-7.185,major,2000
spotify:track:7fJyHPR435lgCbviCEtpfg,7fJyHPR435lgCbviCEtpfg,Run's House - Single Version,Run–D.M.C.,2002,-10.629,major,2000
spotify:track:3QfTjmzn4OV2XLZBqOs4g7,3QfTjmzn4OV2XLZBqOs4g7,Struggle Alt. Version,Vibronics,2003,-9.209,minor,2000
spotify:track:5q3q2XI4NvJRfr14R4lDfq,5q3q2XI4NvJRfr14R4lDfq,Through Smudged Lenses,Dark Tranquillity,2005,-4.809,minor,2000
spotify:track:6Js5A4CTf0AnpymKX3SO8o,6Js5A4CTf0AnpymKX3SO8o,Innocent Robot,Animaltek,2007,-11.162,minor,2000
spotify:track:6VXp42xyixmvHM2ZyFf6Mv,6VXp42xyixmvHM2ZyFf6Mv,Om du vill,Linda Bengtzing,2008,-4.57,minor,2000
spotify:track:1Yei1vnZmqT1wcP5VPej3k,1Yei1vnZmqT1wcP5VPej3k,"Violin Concerto, Op. 36: II. Andante grazioso",Arnold Schoenberg,2008,-22.861,minor,2000
spotify:track:0VdpGEpUlEYu9MpX5fsSgt,0VdpGEpUlEYu9MpX5fsSgt,In Another World,Joe Diffie,2001,-7.194,minor,2000
spotify:track:10xadaGYk2aXuMjpvwSmo7,10xadaGYk2aXuMjpvwSmo7,Murder Man,Pastor Troy,2005,-5.684,major,2000
spotify:track:7oSB2s5LZjVDi3sCe9wbIL,7oSB2s5LZjVDi3sCe9wbIL,Loopy,Going Stagg,2005,-8.279,minor,2000
spotify:track:5l2genxxVzjKbzHr0raAZP,5l2genxxVzjKbzHr0raAZP,Master Passion Greed,Nightwish,2007,-4.876,major,2000
spotify:track:6bUjV0Tg2xIU6F4PyWsDG2,6bUjV0Tg2xIU6F4PyWsDG2,Tin Hat,Lusine,2009,-9.336,major,2000
spotify:track:1OodRWGDciRwQJDrkDsNg5,1OodRWGDciRwQJDrkDsNg5,Feeling My Way,Carl Kress,2005,-11.239,major,2000
spotify:track:6xBmOC7FFo8cezAq5KzC9U,6xBmOC7FFo8cezAq5KzC9U,Caroline Knows,Splitsville,2001,-8.651,major,2000
spotify:track:7hWaQaMtJNI5Uf1KqAv8fn,7hWaQaMtJNI5Uf1KqAv8fn,Offshore Birmingham,Funki Porcini,2002,-21.057,major,2000
spotify:track:5av19YfNBCAhFrOmtGL9RB,5av19YfNBCAhFrOmtGL9RB,The View from Here,Ray Barretto,2005,-8.478,major,2000
spotify:track:4uTdwWewv6smhCUNAVBP6f,4uTdwWewv6smhCUNAVBP6f,Jag är så ensam nu ikväll,Lasse Stefanz,2009,-6.4,major,2000
spotify:track:2LqbE3IOmloQ71gV0PStv4,2LqbE3IOmloQ71gV0PStv4,All I Ever Need Is You,Sonny & Cher,2000,-8.464,major,2000
spotify:track:6kHDAHkBkeKqmT1cmp1Jkh,6kHDAHkBkeKqmT1cmp1Jkh,Holter di polter,Klaus & Klaus,2000,-7.153,major,2000
spotify:track:4PzGASKw1yO2e8fvDNjpzp,4PzGASKw1yO2e8fvDNjpzp,Se Me Va La Voz - Bachata Version,Alejandro Fernández,2009,-5.968,major,2000
spotify:track:4elJh9DUanyNsU3NALI19N,4elJh9DUanyNsU3NALI19N,Blues Dance Raid,Steel Pulse,2005,-9.192,minor,2000
spotify:track:0xXdAhC7foZQ2a5a4YfSc8,0xXdAhC7foZQ2a5a4YfSc8,Rei Unius,Militia Christi,2000,-10.942,major,2000
spotify:track:1IQV2zpUoQc11xfgwwEFkT,1IQV2zpUoQc11xfgwwEFkT,Also,Gregory Isaacs,2009,-7.737,major,2000
spotify:track:1XQTcQxRn1eGlUQuRFKrEM,1XQTcQxRn1eGlUQuRFKrEM,Create And Destroy,Tommy Guerrero,2006,-8.27,minor,2000
spotify:track:0akVYjguw7whkPqkhke0E3,0akVYjguw7whkPqkhke0E3,Thoda Sa Pyar Hua Hai,Udit Narayan,2002,-12.18,major,2000
spotify:track:3k5vzxBFus7xuSTmuemfYj,3k5vzxBFus7xuSTmuemfYj,"Schwanensee, Op. 20: Act III: Pas de deux",Pyotr Ilyich Tchaikovsky,2002,-34.375,major,2000
spotify:track:3NwGdqSs9ZVOMg3SZGZsXj,3NwGdqSs9ZVOMg3SZGZsXj,Learn to Love Again,Steps,2000,-6.502,minor,2000
spotify:track:5GSjuRxbjrfGxixzqQtyee,5GSjuRxbjrfGxixzqQtyee,A State Of Trance [ASOT 026] - Intro,Armin van Buuren,2001,-8.183,minor,2000
spotify:track:1K6cuSk0SdjG4HJL6TADqU,1K6cuSk0SdjG4HJL6TADqU,Machine Gun,Agoraphobic Nosebleed,2002,-4.463,minor,2000
spotify:track:516PqxrAUmJLibX940kUn5,516PqxrAUmJLibX940kUn5,"Ave, verum Corpus: Ave, verum Corpus - Live",Wolfgang Amadeus Mozart,2007,-29.332,major,2000
spotify:track:0j2Cri6wynyOpjVrVHOfsl,0j2Cri6wynyOpjVrVHOfsl,The Butterfly,Traditional,2003,-19.304,minor,2000
spotify:track:5c7sBQazIit6N1YOtpS4bg,5c7sBQazIit6N1YOtpS4bg,Paint Me Envy,School Boy Humor,2009,-4.831,major,2000
spotify:track:0dxc4fT8UbY9h0KjYCFI5v,0dxc4fT8UbY9h0KjYCFI5v,Por Toda a Vida,João Pedro e Cristiano,2004,-6.409,major,2000
spotify:track:5ozJdSZWfmpnYg5DASHmF5,5ozJdSZWfmpnYg5DASHmF5,A Deeper Silence,Steve Roach,2008,-47.767,major,2000
spotify:track:0jUYBxtkvszMLXLccWnw3v,0jUYBxtkvszMLXLccWnw3v,Cartinha de Amor,Catuaba Com Amendoim,2000,-6.549,major,2000
spotify:track:0R5sko4iEWGdR8m8Emy2P2,0R5sko4iEWGdR8m8Emy2P2,Fricote,Daniel,2001,-5.452,major,2000
spotify:track:4e6KByLhiufvuc8xu3KiNf,4e6KByLhiufvuc8xu3KiNf,BABY BE LIKE VODKA,Altone,2000,-10.697,major,2000
spotify:track:4nrjBQbn5Sf7kNyOnkGy8W,4nrjBQbn5Sf7kNyOnkGy8W,It Gotta Be So,Desmond Dekker,2005,-10.096,major,2000
spotify:track:2kdDndqptiYFtiYRFQHc3n,2kdDndqptiYFtiYRFQHc3n,Questions,Motherjane,2003,-8.255,minor,2000
spotify:track:1eminBElbWRDAQWnOkBMRe,1eminBElbWRDAQWnOkBMRe,Bukan Jodohku,Ikke Nurjanah,2000,-5.368,major,2000
spotify:track:68Uu1yktkn19aN8F3LN4Y0,68Uu1yktkn19aN8F3LN4Y0,Who Gonna Save You,Capleton,2001,-8.281,minor,2000
spotify:track:1momuTnmC9NDZA7g6uqICK,1momuTnmC9NDZA7g6uqICK,Stem/Long Stem - Medley,DJ Shadow,2004,-9.16,major,2000
spotify:track:63TdTqVmnirxn3MkIKo4AP,63TdTqVmnirxn3MkIKo4AP,Solo Mirame,Tony Dize,2004,-6.548,minor,2000
spotify:track:3RIqlAyZbSTzYjhd0LC8D3,3RIqlAyZbSTzYjhd0LC8D3,Mind Machine,Primal Fear,2002,-5.648,major,2000
spotify:track:65VfZJ4kvvYeJzpQxBydRD,65VfZJ4kvvYeJzpQxBydRD,Les désespérés,Jacques Brel,2006,-10.572,major,2000
spotify:track:5gpuneiKXjEy1xOS4HT73n,5gpuneiKXjEy1xOS4HT73n,Rainy Day Memories,Secret Service,2000,-5.973,major,2000
spotify:track:0CPqsWGaDlY2IxAU2dQSli,0CPqsWGaDlY2IxAU2dQSli,LOVE,Rene Liu,2000,-5.468,major,2000
spotify:track:49PZ2rmuutfOOUx2LGz11Z,49PZ2rmuutfOOUx2LGz11Z,"String Quartet No. 15 in A Minor, Op. 132: 1. Assai sostenuto - Allegro",Ludwig van Beethoven,2004,-22.563,major,2000
spotify:track:4ThoAZ2C7yHM3P6ZbApfiw,4ThoAZ2C7yHM3P6ZbApfiw,Contigo En La Distancia,Marco Antonio Muñiz,2000,-7.73,major,2000
spotify:track:6JrwI254bhP1irFsUb3F6x,6JrwI254bhP1irFsUb3F6x,Saco Cheio,Pedro Bento & Zé Da Estrada,2002,-6.154,major,2000
spotify:track:5bST9rdr55kc52l1LlOAeI,5bST9rdr55kc52l1LlOAeI,20 National Airs: No. 14. El Payo,Cyprien Katsaris,2000,-27.156,major,2000
spotify:track:0taR1Pacscv2T57a3xt8Rg,0taR1Pacscv2T57a3xt8Rg,Shivers [ASOT 208] - Alex M.O.R.P.H Dub Mix,Armin van Buuren,2005,-12.482,major,2000
spotify:track:0Q7oTDqTs9ekAA7bCIV3d7,0Q7oTDqTs9ekAA7bCIV3d7,She'll Be Gone,The Spongetones,2009,-6.71,major,2000
spotify:track:5LwavmweUwjY4hnyqCcTRc,5LwavmweUwjY4hnyqCcTRc,累贅,Stefanie Sun,2000,-7.286,major,2000
spotify:track:2rjUwsN6ndHe69yO9P0tuf,2rjUwsN6ndHe69yO9P0tuf,Destroy What Destroys You,Kreator,2009,-4.122,major,2000
spotify:track:6rWikM8BrR9zAwRTIkb8Ci,6rWikM8BrR9zAwRTIkb8Ci,Everybody Wants,Paddy Casey,2000,-9.793,major,2000
spotify:track:7LHqyRT0yWaWQCHmA5bWum,7LHqyRT0yWaWQCHmA5bWum,You Gotta Love It,Cam’ron,2006,-7.45,major,2000
spotify:track:2zUpb6U4lsFo2s2n397Ptl,2zUpb6U4lsFo2s2n397Ptl,A Flower White - Seeland Remix,Susumu Yokota,2009,-8.563,major,2000
spotify:track:4EuGLndx9p5SUKi0LZrcwg,4EuGLndx9p5SUKi0LZrcwg,Como Me Gusta Esa Mujer,Edgar Daniel,2005,-3.156,major,2000
spotify:track:2RwJY0X2USXub08YuXQpf3,2RwJY0X2USXub08YuXQpf3,Here's To Your Fuck,The Gits,2003,-4.807,major,2000
spotify:track:6k5px5uz0m5lLFOSnG78mg,6k5px5uz0m5lLFOSnG78mg,Khuda Ke Liye Chor Do Ab Ye Parda,Nusrat Fateh Ali Khan,2001,-1.0,major,2000
spotify:track:04BhcpnqKZSivxneCmx0Wk,04BhcpnqKZSivxneCmx0Wk,Nasvan Je Deh Sarira,Rattan Mohan Sharma,2003,-8.668,major,2000
spotify:track:0q83JR5Dv66Jr0fy4uwoIT,0q83JR5Dv66Jr0fy4uwoIT,Sanctity Of Brothers,Unearth,2006,-3.125,minor,2000
spotify:track:6ihAONz6DGvEVZJolhZFiq,6ihAONz6DGvEVZJolhZFiq,Dragonfly On Bay Street,Ron Sexsmith,2002,-6.995,minor,2000
spotify:track:1HkePm0gXPXRcvZBHMU7lg,1HkePm0gXPXRcvZBHMU7lg,Christmas Together,Kelsey Grammer,2004,-16.155,major,2000
spotify:track:43DrrLQYI6dm0mFYt0BLyV,43DrrLQYI6dm0mFYt0BLyV,Echoes,Spacecraft,2000,-20.457,minor,2000
spotify:track:6nshqz9cSN7u1z0FHta8Ke,6nshqz9cSN7u1z0FHta8Ke,Conde Petie,Nobuo Uematsu,2000,-16.472,major,2000
spotify:track:3djgtJOpaTkXePvOqqwoRE,3djgtJOpaTkXePvOqqwoRE,El Tropezón,Pappo,2007,-6.603,major,2000
spotify:track:5x4CcLKwNZu7gXPUSSzWKM,5x4CcLKwNZu7gXPUSSzWKM,Invisible Love,Shin Seung Hun,2001,-8.244,minor,2000
spotify:track:5lBNy8VG27nyWpkXDPUdg4,5lBNy8VG27nyWpkXDPUdg4,Walk to Dublin - Sucker Reprise,Tori Amos,2006,-7.391,minor,2000
spotify:track:3TgoAV7KUZsDGvYhO0436P,3TgoAV7KUZsDGvYhO0436P,You'll Never Surf Again,Dan Reeder,2006,-14.851,major,2000
spotify:track:7soaifFmRvudQD4iqOIPBU,7soaifFmRvudQD4iqOIPBU,In The Rain - Single Version,The Dramatics,2005,-9.035,minor,2000
spotify:track:0760VTI083g99L3xkjoKTE,0760VTI083g99L3xkjoKTE,좋아좋아,일기예보,2007,-4.261,major,2000
spotify:track:714P7U18aAWfHPhRIBdOOY,714P7U18aAWfHPhRIBdOOY,Mercenario,Saratoga,2002,-4.172,minor,2000
spotify:track:1lDrgGSXpZhAaUfUGPVXVS,1lDrgGSXpZhAaUfUGPVXVS,Hurry,The Starting Line,2007,-4.024,major,2000
spotify:track:5v1eYf94IBejfMFkOOXyoX,5v1eYf94IBejfMFkOOXyoX,Modestia Aparte,Violadores Del Verso,2001,-4.6,major,2000
spotify:track:7hzZJcncMTzUXlVe9WUU9v,7hzZJcncMTzUXlVe9WUU9v,Rebuilt Myth,Catatonik,2004,-5.409,minor,2000
spotify:track:2AY3JiyKLajuPSdAUOqrfJ,2AY3JiyKLajuPSdAUOqrfJ,Misterio,Toquinho,2003,-11.207,major,2000
spotify:track:3adr1nvQh1UybDxZTaaRfn,3adr1nvQh1UybDxZTaaRfn,I'm the Midnight Creeper (feat.Shuggie Otis),"Eddie ""Cleanhead"" Vinson",2008,-12.471,minor,2000
spotify:track:4I8hffwaUBMXC8HFYT0ZI9,4I8hffwaUBMXC8HFYT0ZI9,Foreclosure -long Version-ejecucion De Una Hipoteca,Jimmy Bosch,2009,-8.574,minor,2000
spotify:track:6awiAxdqZmagcMH60eRtK9,6awiAxdqZmagcMH60eRtK9,Minha Rainha,Jad & Jefferson,2002,-7.288,major,2000
spotify:track:3hElwSOu9aYadXTjyV0quP,3hElwSOu9aYadXTjyV0quP,Now I Know What Made Otis Blue,Paul Young,2003,-6.59,minor,2000
spotify:track:1m4SRO3gqx5oF29r9XJHh3,1m4SRO3gqx5oF29r9XJHh3,Miguel and the Living Dead,Miguel and the Living Dead,2005,-6.107,minor,2000
spotify:track:72xRiC3vAvwhLi2w2tKPzR,72xRiC3vAvwhLi2w2tKPzR,Treasure Dub,Joe Gibbs & The Professionals,2007,-8.658,major,2000
spotify:track:2L0WyaIQSU9WVwPMLpnLJi,2L0WyaIQSU9WVwPMLpnLJi,Emileys Smile,Commix,2007,-4.601,major,2000
spotify:track:56C2kPt84I1NwwEtwEiPlF,56C2kPt84I1NwwEtwEiPlF,Ehsaas,Atif Aslam,2006,-6.156,major,2000
spotify:track:5NSQpyXB5FO7A9HzvZnxjY,5NSQpyXB5FO7A9HzvZnxjY,Lost in Sound - Vector Lovers Remix,Alex Smoke,2005,-11.506,minor,2000
spotify:track:5ZjpCaIzdku4QypNVszqJs,5ZjpCaIzdku4QypNVszqJs,Disse Adeus,Forró Real,2002,-7.496,major,2000
spotify:track:2DVU9KYAIamEBSr1GbXlXb,2DVU9KYAIamEBSr1GbXlXb,Maryetta's Song,Townes Van Zandt,2003,-14.013,major,2000
spotify:track:5KK8NotamReiMRsQhDwANX,5KK8NotamReiMRsQhDwANX,"Duetto II, 16",Nicola Porpora,2008,-24.439,minor,2000
spotify:track:2U07tRVEybfBxcZSEDHmGr,2U07tRVEybfBxcZSEDHmGr,All Night,Busta Rhymes,2000,-9.627,minor,2000
spotify:track:4rjfqubk0hh2UoDLjlsNts,4rjfqubk0hh2UoDLjlsNts,Little Geneva,Muddy Waters,2001,-8.503,major,2000
spotify:track:3IFsuGrDoe9PM0LmgkOfDP,3IFsuGrDoe9PM0LmgkOfDP,This World Is Watching Me [ASOT 308] - Cosmic Gate Remix,Armin van Buuren,2007,-12.596,minor,2000
spotify:track:4tFQfjGy5RAYmOiatJaIvh,4tFQfjGy5RAYmOiatJaIvh,Enamorame la Vida,Malú,2006,-4.799,minor,2000
spotify:track:4qmCSRFySS8I1FzuVmqniM,4qmCSRFySS8I1FzuVmqniM,Gud va bra,Hets,2006,-4.588,major,2000
spotify:track:3M5kiF8h0ewz6wmmkWWT8H,3M5kiF8h0ewz6wmmkWWT8H,The End - Arno Cost Remix,Dirty South,2008,-6.628,minor,2000
spotify:track:5nY1vPMVW0OYpYNvcAZI7B,5nY1vPMVW0OYpYNvcAZI7B,Broken,Scott Stapp,2005,-4.917,major,2000
spotify:track:0Q0Y2gqC6zaWToRGS9JWO8,0Q0Y2gqC6zaWToRGS9JWO8,Resignation,Pour Habit,2009,-1.366,major,2000
spotify:track:4oRk7lhRxTcjTbVavT7i7k,4oRk7lhRxTcjTbVavT7i7k,Mas Que Baita Macho,Forró Cheiro de Menina,2001,-6.14,major,2000
spotify:track:2VHfyWLlvCvbkIqtS5tqt3,2VHfyWLlvCvbkIqtS5tqt3,Danger! High Voltage - Soulchild Radio Mix,Electric Six,2003,-4.722,minor,2000
spotify:track:5vAir4aUXBNm3riplRcvjq,5vAir4aUXBNm3riplRcvjq,"Violin Concerto in D Minor, BWV 1052: III. Allegro",Johann Sebastian Bach,2000,-15.884,minor,2000
spotify:track:40tPgr6VzfwSMwa32pvEwy,40tPgr6VzfwSMwa32pvEwy,One Month Off,Bloc Party,2008,-2.212,major,2000
spotify:track:0wBbvE7yKFsrgHQ5ykPIu9,0wBbvE7yKFsrgHQ5ykPIu9,Orange Envelope - Misja Helsloot vs. Alpha Breed Remix,Inkfish,2000,-10.656,major,2000
spotify:track:6I8uFhR7gGU8lEHmNjWnh3,6I8uFhR7gGU8lEHmNjWnh3,(I Don't Need You To) Set Me Free,Grinderman,2007,-3.68,major,2000
spotify:track:6vQvNtZzN9lIhlUX1dVOvR,6vQvNtZzN9lIhlUX1dVOvR,Y Llegaste Tú,Shaila Dúrcal,2009,-4.964,major,2000
spotify:track:2fYQ9SB7oz8r8Ioriuwtef,2fYQ9SB7oz8r8Ioriuwtef,El Mareito,Mario Bauzá,2001,-0.773,minor,2000
spotify:track:43pkIW7JJAXy5tCV99UXSN,43pkIW7JJAXy5tCV99UXSN,Apiádate De Mi,David Calzado y su Charanga Habanera,2006,-5.605,major,2000
spotify:track:56sGnfZ08O3KVynavef0KQ,56sGnfZ08O3KVynavef0KQ,Heaven Knows,Squeeze,2007,-9.823,major,2000
spotify:track:1zCihnY7jzxKZpZF6NB1Qv,1zCihnY7jzxKZpZF6NB1Qv,Say You Want It All,Amel Larrieux,2004,-5.855,minor,2000
spotify:track:0Ouz5wpLFbtXjAdxLRydQq,0Ouz5wpLFbtXjAdxLRydQq,"Concerto a cinque No. 2, Op. 9: I. Allegro e no presto",Tomaso Albinoni,2009,-14.075,minor,2000
spotify:track:1lF23N5j2qNSlgsD9jvh5I,1lF23N5j2qNSlgsD9jvh5I,Some Flowers Bloom Dead,The Wallflowers,2000,-5.539,major,2000
spotify:track:26dXvmPP1pwvFKV0cn7Nlg,26dXvmPP1pwvFKV0cn7Nlg,Sonata-Fantasia: Allegro Molto (Bogdanovic),Duo Melis,2006,-17.792,major,2000
spotify:track:06ortlgrsCU0gzuZSyFZwP,06ortlgrsCU0gzuZSyFZwP,Before Munich,Electrix,2007,-10.51,major,2000
spotify:track:3NSOFode1zHgCpAoMA6Nxw,3NSOFode1zHgCpAoMA6Nxw,For Ex-Lovers Only,Black Tambourine,2009,-7.439,major,2000
spotify:track:7yi1QETNYAXQNRdxXDLjtb,7yi1QETNYAXQNRdxXDLjtb,Pretty Woman,Roch Voisine,2009,-5.175,minor,2000
spotify:track:3aXuPhsDqS2KeG69iAuIZE,3aXuPhsDqS2KeG69iAuIZE,He Will Carry You - A Cappella,Gaither Vocal Band,2003,-12.479,major,2000
spotify:track:4ACYuTkOQIPc78km8EJGS3,4ACYuTkOQIPc78km8EJGS3,Komponent - 2019 Remaster,Apparat,2005,-8.728,minor,2000
spotify:track:06mIzUy42t0XaXG93x7ciO,06mIzUy42t0XaXG93x7ciO,Pyjama - Extended,Tosca,2005,-10.581,minor,2000
spotify:track:5VRxcsBgrwQj4naQHU2kM6,5VRxcsBgrwQj4naQHU2kM6,Westside Story,The Game,2005,-3.917,major,2000
spotify:track:6gdkpBgjeenoon6A28E0pV,6gdkpBgjeenoon6A28E0pV,"Il barbiere di Siviglia / Act 2: No. 16 Terzetto: ""Ah! qual colpo inaspettato!""",Gioachino Rossini,2006,-18.01,major,2000
spotify:track:6xRyAxN4wj4lRz23XyWYJl,6xRyAxN4wj4lRz23XyWYJl,Purple,Donnie McClurkin,2009,-8.279,major,2000
spotify:track:0LhyLZQqRxt6Ji4GxuG82h,0LhyLZQqRxt6Ji4GxuG82h,In Desperate Need,Emitt Rhodes,2009,-8.793,major,2000
spotify:track:6u2Rkw7vM71Tb84cdJ5faM,6u2Rkw7vM71Tb84cdJ5faM,Cyberpunk,Spor,2008,-5.88,minor,2000
spotify:track:4igAw0Hz3v0kcGgzDBL8oh,4igAw0Hz3v0kcGgzDBL8oh,Funga Kaviri,Tongai Moyo,2007,-6.611,minor,2000
spotify:track:6ofCSswT1sWtHcUYPHXUcI,6ofCSswT1sWtHcUYPHXUcI,Tre Skygger Tel Kølabrennern Kom,Myrkgrav,2006,-7.509,major,2000
spotify:track:3R7TMr1irqBCbWu0JdqzQf,3R7TMr1irqBCbWu0JdqzQf,"Sisara, Pars Prior: Recitativo-Arioso, Iniqua ingrata sors (Sisara, Jahel)",Johann Simon Mayr,2004,-25.127,minor,2000
spotify:track:6zP12SxWDI04lcDSCWn39g,6zP12SxWDI04lcDSCWn39g,Pra Que Vou Recordar o Que Chorei - Playback,Os Originais Do Samba,2001,-13.256,major,2000
spotify:track:0tzLl0O04F2X0hCNrr4qPO,0tzLl0O04F2X0hCNrr4qPO,Does Jesus Care,The Isaacs,2009,-12.597,major,2000
spotify:track:5gxCUwFpODjDE7EbfrqMR1,5gxCUwFpODjDE7EbfrqMR1,Romance,Elias Rahbani,2001,-14.707,minor,2000
spotify:track:62hN0aKaJJcP96bZvAGoeJ,62hN0aKaJJcP96bZvAGoeJ,Flotar,Kapanga,2004,-3.143,minor,2000
spotify:track:1hq4XTvC6XiOiJutEWXmNY,1hq4XTvC6XiOiJutEWXmNY,Earth,Colour Haze,2006,-7.082,major,2000
spotify:track:5hNAgHMZW4paZc9nNLw4dh,5hNAgHMZW4paZc9nNLw4dh,Skinny Woman,R.L. Burnside,2001,-2.032,minor,2000
spotify:track:2LGMDucArJafHJbztEzOKB,2LGMDucArJafHJbztEzOKB,You Walk Away - Dub Mix,tyDi,2009,-6.872,minor,2000
spotify:track:6lXjgq2n4FyhjEanb77hh4,6lXjgq2n4FyhjEanb77hh4,Right Hook,DJ Fixx,2007,-11.006,major,2000
spotify:track:45sVT2lqJd2MUEJU2vpVH1,45sVT2lqJd2MUEJU2vpVH1,Amor Sin Esperanza,Julio Jaramillo,2003,-2.946,major,2000
spotify:track:1l0LovwzqV3leLDHOz7zJ6,1l0LovwzqV3leLDHOz7zJ6,Radio,Beyoncé,2008,-5.949,major,2000
spotify:track:6gBezoyVnuoGr1rkGHRX95,6gBezoyVnuoGr1rkGHRX95,Brigada (Epilogue),Alexey Shelygin,2003,-11.365,minor,2000
spotify:track:5Qg9j2Q8u1roPiAvphh925,5Qg9j2Q8u1roPiAvphh925,History 101,Mental,2003,-5.917,minor,2000
spotify:track:4LDvpm0o0JskGwblbC3Qzh,4LDvpm0o0JskGwblbC3Qzh,Severance,MyChildren MyBride,2008,-3.47,minor,2000
spotify:track:328nVUThfxniobd6Cc9gs3,328nVUThfxniobd6Cc9gs3,Serenity of the Soul,White Noise Therapy,2001,-29.743,major,2000
spotify:track:2R3WGlvNx9rQPQvBQkTmEs,2R3WGlvNx9rQPQvBQkTmEs,Sever,Greg Rapaport,2003,-5.919,major,2000
spotify:track:0oWUgcH9yU9tndAn8LGL4t,0oWUgcH9yU9tndAn8LGL4t,The Fields Have Turned Brown,Ralph Stanley,2005,-12.046,major,2000
spotify:track:78icaOE0x0YDmG1CtliYsg,78icaOE0x0YDmG1CtliYsg,Che! Bandoneón,Horacio Molina,2008,-11.373,minor,2000
spotify:track:5PutHrQhP8d89KbM5Uw1zt,5PutHrQhP8d89KbM5Uw1zt,White Patches,Country Teasers,2006,-9.985,major,2000
spotify:track:31dzTGvyE3JR8XbELM0SQ8,31dzTGvyE3JR8XbELM0SQ8,People Always Talk About the Weather,Yonderboi,2005,-5.608,minor,2000
spotify:track:2K5YjRWyedEHk48dw0kAyy,2K5YjRWyedEHk48dw0kAyy,We Willen Tieten Zien (Der Eisbar),FEEST DJ MAARTEN,2007,-6.547,major,2000
spotify:track:0Iq8pVPQ7eXQIMq1Mms74J,0Iq8pVPQ7eXQIMq1Mms74J,Do Nah Bodda Mi - Red Light Remix,Roots Manuva,2009,-6.498,major,2000
spotify:track:6PRZUSAPcztjnlURmqL8zI,6PRZUSAPcztjnlURmqL8zI,Venezia,Hombres G,2002,-5.749,major,2000
spotify:track:4xVqv7jBmIzNfGBF8FleZa,4xVqv7jBmIzNfGBF8FleZa,Soy Todo,Juan Formell y Los Van Van,2005,-5.764,minor,2000
spotify:track:23ZVPTN7XkyHQrHlYL9Pq0,23ZVPTN7XkyHQrHlYL9Pq0,Faz Amor Comigo,Asas Livres,2003,-5.224,major,2000
spotify:track:1p8Y1qjXBYOrPyYYqNb6J3,1p8Y1qjXBYOrPyYYqNb6J3,Waste Of Time And Money,Electric Six,2009,-3.87,minor,2000
spotify:track:3aepjVlLcUI0zgla9wRawa,3aepjVlLcUI0zgla9wRawa,XI. November. On The Troika,Pyotr Ilyich Tchaikovsky,2004,-28.431,major,2000
spotify:track:0y8ZNLSQ3kgPWkDeEc7jWS,0y8ZNLSQ3kgPWkDeEc7jWS,Teimoso demais,Amado Batista,2002,-6.317,major,2000
spotify:track:0Ts3o8DxOicEaaQwmm8jxo,0Ts3o8DxOicEaaQwmm8jxo,Baião Embolado,Forro In The Dark,2009,-6.897,major,2000
spotify:track:51B65amu3NrnbajUz1zvvg,51B65amu3NrnbajUz1zvvg,Mean Machine - Remastered,Sugar Ray,2005,-4.04,major,2000
spotify:track:6jGH911Nz9lPCSK9pd4tVQ,6jGH911Nz9lPCSK9pd4tVQ,Qué Hiciste,Jennifer Lopez,2007,-7.149,minor,2000
spotify:track:4pEUMB4Kvepw3Qa42IQ8Fs,4pEUMB4Kvepw3Qa42IQ8Fs,Vem Me Ver,Forrozão Tropykalia,2002,-4.565,minor,2000
spotify:track:0LW6YoAboQtyz2uKaZirV0,0LW6YoAboQtyz2uKaZirV0,Na Base Do Beijo,Ivete Sangalo,2009,-6.552,major,2000
spotify:track:1TGIYNZJMrSspAAloNuWiE,1TGIYNZJMrSspAAloNuWiE,Nobody's Nixon,Cass McCombs,2004,-7.723,major,2000
spotify:track:4XRielknquPk9l7xDq89mK,4XRielknquPk9l7xDq89mK,Death Message,Extreme Noise Terror,2008,-7.315,major,2000
spotify:track:5XL3LxlcnTAQ5jfxdX0U4J,5XL3LxlcnTAQ5jfxdX0U4J,Ténéré Wer Tat Zinchegh,Terakaft,2008,-6.085,major,2000
spotify:track:7JMXLUmiLxgxyArTHtoRoe,7JMXLUmiLxgxyArTHtoRoe,Delirio de la Milonga,Hyperion Ensemble,2005,-12.0,minor,2000
spotify:track:5IFS5ISgnw82MrRkeQjLR9,5IFS5ISgnw82MrRkeQjLR9,Cross My Heart and Hope to Die,Sentenced,2002,-4.528,minor,2000
spotify:track:2K9i8h0hl9cLAP3IL0cR69,2K9i8h0hl9cLAP3IL0cR69,Hustle Up,Queen Omega,2002,-13.822,minor,2000
spotify:track:6LETOQdTkiFONqa9NboTM5,6LETOQdTkiFONqa9NboTM5,Uiram,Swarnalatha,2007,-7.43,minor,2000
spotify:track:0sGmzW6KRnwqhA5maeB3Xb,0sGmzW6KRnwqhA5maeB3Xb,Pozhaley,Mikhail Vavich,2006,-11.07,major,2000
spotify:track:7hkPkGGmbDUMhmJCyoDpCu,7hkPkGGmbDUMhmJCyoDpCu,Evacuate The Dancefloor - PH Electro Radio Edit,Cascada,2009,-8.138,minor,2000
spotify:track:1BipdbN3PwFgf9wGwyf6ub,1BipdbN3PwFgf9wGwyf6ub,Y Hubo Alguien - Y Hubo Alguien,Siempre Asi,2006,-7.62,major,2000
spotify:track:0OlDXjcuJV9hAwdzygnIpP,0OlDXjcuJV9hAwdzygnIpP,Would You,George Beverly Shea,2006,-10.282,major,2000
spotify:track:1anpTBcwJECXzyYYPpZl7L,1anpTBcwJECXzyYYPpZl7L,Dímelo Es el Verbo,7 Notas 7 Colores,2000,-6.464,minor,2000
spotify:track:3DxDyjS2Y4sJDXjcDH8agP,3DxDyjS2Y4sJDXjcDH8agP,Ravers of Dub,Manutension,2001,-12.893,minor,2000
spotify:track:4Wfbhx8a4pB7PQNcEtKejg,4Wfbhx8a4pB7PQNcEtKejg,Since I Met You Baby,Sam Cooke,2000,-7.446,major,2000
spotify:track:1uNlKv4BLBohKl5TXdOJWJ,1uNlKv4BLBohKl5TXdOJWJ,Some Iko,Henry Butler,2004,-8.964,major,2000
spotify:track:6fe2uNfkAOpmHI2LGPscJu,6fe2uNfkAOpmHI2LGPscJu,Without a Sound,Torche,2008,-4.13,major,2000
spotify:track:3CjgkvAehF2MxScKQpNJZ9,3CjgkvAehF2MxScKQpNJZ9,At the beauty salon,Lena Park,2003,-8.019,major,2000
spotify:track:3CE0XYR20gYzp5hCX96iXS,3CE0XYR20gYzp5hCX96iXS,(If It's) All The Same To You,Parallax Project,2002,-8.491,major,2000
spotify:track:7sxIVdpVc015SBAtxw1Ly7,7sxIVdpVc015SBAtxw1Ly7,I Dreamed About Mama Last Night - Single Version,Hank Williams,2002,-11.109,major,2000
spotify:track:5eGyZqtBXMxwA3G71RYt0u,5eGyZqtBXMxwA3G71RYt0u,Hace Un Año,Libertad Lamarque,2006,-8.669,major,2000
spotify:track:7JZAkIzTNPV9Wd4a4sDdiN,7JZAkIzTNPV9Wd4a4sDdiN,After 8,Ronny Jordan,2004,-8.12,major,2000
spotify:track:68Hvid4QZ9OV7u9EHP0HTZ,68Hvid4QZ9OV7u9EHP0HTZ,Mi Corazon,Fun Lovin' Criminals,2005,-4.072,major,2000
spotify:track:2FmgwwHFYLheaM7BryB0Bw,2FmgwwHFYLheaM7BryB0Bw,Raag Bhairavi (Meera Bhajan Pt2,Kala Ramnath,2006,-7.581,minor,2000
spotify:track:5OmYJFQFwKbV7LvPI3xrCu,5OmYJFQFwKbV7LvPI3xrCu,Lady of the Lake,Enaid,2002,-15.938,major,2000
spotify:track:17mVjPMcZDRbaXmxUSeIsg,17mVjPMcZDRbaXmxUSeIsg,The End of Our Ride,Avatar,2009,-5.482,minor,2000
spotify:track:5gsz7tsGYGRk7mtbiwJkHU,5gsz7tsGYGRk7mtbiwJkHU,Salute U,G-Unit,2003,-2.599,major,2000
spotify:track:0U6h2g8OwnWMrL7BEuzSEP,0U6h2g8OwnWMrL7BEuzSEP,Hold Your Head Up,Uriah Heep,2003,-7.957,major,2000
spotify:track:0aE0ou9E95RUsYKvQwEu7R,0aE0ou9E95RUsYKvQwEu7R,Por Amar Você (Playback),Cassiane e Jairinho,2000,-10.587,major,2000
spotify:track:1phjoRCIgmIqCchEeMDRaq,1phjoRCIgmIqCchEeMDRaq,Pimpon,Denise Gagne,2004,-16.224,major,2000
spotify:track:6p1cwr9jY6yxOs0tOtU2aA,6p1cwr9jY6yxOs0tOtU2aA,"Ouverture in E Minor, TWV 55:e1: III. Rondeau",Georg Philipp Telemann,2006,-24.664,major,2000
spotify:track:6aPilz0gE1PDmnJ2Gb81g9,6aPilz0gE1PDmnJ2Gb81g9,Washington - Foxy Push Thomilla Remix,Malente,2004,-9.178,major,2000
spotify:track:5TkK6MQd3FYSh1izrDX5dP,5TkK6MQd3FYSh1izrDX5dP,Bella Donna,Björn Afzelius,2005,-6.179,major,2000
spotify:track:7LyZKnITD52R7SLxoh2VFq,7LyZKnITD52R7SLxoh2VFq,Always Be,Jimmy Eat World,2007,-3.566,major,2000
spotify:track:0mkhbEnHEjX9OUhf4bj9d9,0mkhbEnHEjX9OUhf4bj9d9,Carnaval,Francisco Rotundo,2006,-3.719,major,2000
spotify:track:5C2nSuaCOVa17p10v9pgrU,5C2nSuaCOVa17p10v9pgrU,Quero Provar Que te Amo,João Bosco & Vinicius,2004,-5.589,major,2000
spotify:track:5crNrF9XFSvjVCbhXbMRI6,5crNrF9XFSvjVCbhXbMRI6,Finally (feat. Julie McKnight) - Radio Edit,Kings Of Tomorrow,2001,-8.179,major,2000
spotify:track:1gf0KJxDAskjojKvpmxs9W,1gf0KJxDAskjojKvpmxs9W,Gospel Reggae,Lt. Stitchie,2007,-6.257,major,2000
spotify:track:05SNHNltNKEmneZYcCT2mp,05SNHNltNKEmneZYcCT2mp,Dirt Heart (feat. Coco Tea),Ninjaman,2006,-5.926,major,2000
spotify:track:1loSrHUXuZUuA1GflcZ1sT,1loSrHUXuZUuA1GflcZ1sT,Get Over You,Brian McKnight,2001,-7.118,major,2000
spotify:track:3pLpG1ZA9WyfeoGa4ybpJC,3pLpG1ZA9WyfeoGa4ybpJC,Andre's Thang,Andre Williams,2004,-15.83,minor,2000
spotify:track:0DiMjRga2PVQJ9p2eLgKDX,0DiMjRga2PVQJ9p2eLgKDX,I Will Growl,Tuneboy,2008,-5.231,minor,2000
spotify:track:0gx6xTdCTvUlVX53mtzNhK,0gx6xTdCTvUlVX53mtzNhK,Violetango,Astor Piazzolla,2003,-8.398,major,2000
spotify:track:7CdX5UYfMLG4hbkMkkWe8J,7CdX5UYfMLG4hbkMkkWe8J,Hands Up - Album Version (Edited),Lloyd Banks,2006,-1.956,major,2000
spotify:track:6uWQyox1v5SOGoM9NIv4wR,6uWQyox1v5SOGoM9NIv4wR,Midnight Madness,The Chemical Brothers,2008,-4.2,minor,2000
spotify:track:58xpZwxUpgrnJMTEmvkZMP,58xpZwxUpgrnJMTEmvkZMP,Pehli Baar Mohabbat,Mohit Chauhan,2009,-10.826,minor,2000
spotify:track:3KclhKvjMkpAVjkHRKxECD,3KclhKvjMkpAVjkHRKxECD,Angel - Live,Sarah McLachlan,2003,-16.057,major,2000
spotify:track:3qV2THYnhz7AX9pVwViqc8,3qV2THYnhz7AX9pVwViqc8,Black Cats,Oxymoron,2000,-6.028,minor,2000
spotify:track:2oDNGwZOtUQy3VsHqlaVnT,2oDNGwZOtUQy3VsHqlaVnT,Two Of Us,Supertramp,2005,-12.076,major,2000
spotify:track:7AUGLcQrLETU00TqSb6DE1,7AUGLcQrLETU00TqSb6DE1,Flowers In The Dell,Fred Eaglesmith,2002,-7.392,major,2000
spotify:track:19IMseaUnXysasvdWzg14e,19IMseaUnXysasvdWzg14e,Joe Hill,Paul Robeson,2004,-16.473,major,2000
spotify:track:3AMKpAblj5Xg2IPxcpoxUG,3AMKpAblj5Xg2IPxcpoxUG,Don't Go - Jaron Inc Remix,Peter Luts,2004,-7.725,minor,2000
spotify:track:4MVTXaM3yZ2ipLoKkNO34k,4MVTXaM3yZ2ipLoKkNO34k,Shadow Green,Nick Farr,2008,-12.283,major,2000
spotify:track:3TIZuKfQHmV5VKwnnMYnnC,3TIZuKfQHmV5VKwnnMYnnC,Hoy,Skapulario,2008,-4.272,major,2000
spotify:track:6Ih2Ae0Xc7WsOyCXXX47eh,6Ih2Ae0Xc7WsOyCXXX47eh,Silizium,Apparat,2005,-12.463,minor,2000
spotify:track:40A83gdbKgSit8vX66CO0V,40A83gdbKgSit8vX66CO0V,Bottom Rung,J Church,2007,-6.535,major,2000
spotify:track:1sAcOw1yPu3IegQx7sCAjm,1sAcOw1yPu3IegQx7sCAjm,台北孤兒 - 真世界LIVE,Wu Bai,2000,-6.323,minor,2000
spotify:track:6k8uthjEbttfWXcGaNTQGD,6k8uthjEbttfWXcGaNTQGD,(When You Gonna) Give It Up to Me (feat. Keyshia Cole) - Radio Version,Sean Paul,2006,-3.04,major,2000
spotify:track:1TpJx0iFdMabAOpU8rPYGt,1TpJx0iFdMabAOpU8rPYGt,Love You,Soulmate,2005,-9.349,minor,2000
spotify:track:5t17w7ZMGbL1Il57PJrE2U,5t17w7ZMGbL1Il57PJrE2U,그녀가 처음 울던 날,Kim Kwang Seok,2008,-9.547,major,2000
spotify:track:2YSAobH2XBygEdougNnMf5,2YSAobH2XBygEdougNnMf5,I Feel The Same Way Too,The Open Mind,2006,-12.651,major,2000
spotify:track:2Hr51Yy9FBqye5FJrEH8bK,2Hr51Yy9FBqye5FJrEH8bK,Poison Oak,Bright Eyes,2005,-11.49,major,2000
spotify:track:6UGM5TVjGpmDUqiq1ooQt9,6UGM5TVjGpmDUqiq1ooQt9,Song For My Father,Stanley Jordan,2008,-10.343,minor,2000
spotify:track:0Wx6b6kFMZACwxozyZksmk,0Wx6b6kFMZACwxozyZksmk,Seven,La Peste,2004,-7.728,minor,2000
spotify:track:0nJZDtAaqO7o9mb6YoBfqO,0nJZDtAaqO7o9mb6YoBfqO,Playa Cardz Right,Keyshia Cole,2008,-5.547,minor,2000
spotify:track:3ngvQxE4IWToLrGWmxoObw,3ngvQxE4IWToLrGWmxoObw,Baby let it be,Masterboy,2006,-4.472,major,2000
spotify:track:2CW6oLS8bFzBn6O45gf6SR,2CW6oLS8bFzBn6O45gf6SR,In a Chinese Restaurant (RdL Remix),Tujiko Noriko,2008,-9.293,major,2000
spotify:track:6E2LEX09s8KpYq9W6uJeOS,6E2LEX09s8KpYq9W6uJeOS,Vamos a Dar un Concierto,Claudio Marciello,2004,-3.431,major,2000
spotify:track:4X71IgEyCwAOXKYGYjxriy,4X71IgEyCwAOXKYGYjxriy,Broken Bones,Nonpoint,2004,-3.638,minor,2000
spotify:track:05xnB1omwsAxNE5DFAOHB6,05xnB1omwsAxNE5DFAOHB6,In A Dis (feat. Fathead),Yellowman,2007,-7.099,minor,2000
spotify:track:37QgJFPkMC5UwGFqjWz2Ty,37QgJFPkMC5UwGFqjWz2Ty,Electrolite,R.E.M.,2003,-5.95,major,2000
spotify:track:1jq6A8mzrFshRKxB8kLFUP,1jq6A8mzrFshRKxB8kLFUP,Pas toi - Live (version edit),Carole Fredericks,2000,-13.178,major,2000
spotify:track:3Ltz4avO2XjLXAZDS6I3DR,3Ltz4avO2XjLXAZDS6I3DR,Rhythm and Bluegrass,Leon Russell,2001,-7.073,major,2000
spotify:track:3lAoikE4LkRMoaFYlDvb0P,3lAoikE4LkRMoaFYlDvb0P,Our House Is Funkdified,Screamin Rachael,2000,-8.013,major,2000
spotify:track:166w6KCmqYn17LEFTlBqRx,166w6KCmqYn17LEFTlBqRx,High School Confidential,Hasil Adkins,2002,-2.507,major,2000
spotify:track:6NC2qLqjpEyLy0sA6Qj67e,6NC2qLqjpEyLy0sA6Qj67e,he Death of Baldr and the Coming War,Panopticon,2009,-9.421,major,2000
spotify:track:2gMG2UejpX4QLtoNJDp2tl,2gMG2UejpX4QLtoNJDp2tl,Shamwari Yangu Warova,Leonard Dembo & The Barura Express,2006,-14.042,major,2000
spotify:track:0vTbUwnmw00Q9hK2tdofTH,0vTbUwnmw00Q9hK2tdofTH,Transformation,Kevin Kendle,2003,-15.591,major,2000
spotify:track:1H0OfC5lpDqeTkgPCg8M81,1H0OfC5lpDqeTkgPCg8M81,Stand Up,Fireflight,2008,-5.208,minor,2000
spotify:track:2rIOHksgeU4kFvjc0Fn0ij,2rIOHksgeU4kFvjc0Fn0ij,Don't It Make You Want To Dance,Chris LeDoux,2002,-6.956,major,2000
spotify:track:3xn0izIixXUMuf8qWqgT3n,3xn0izIixXUMuf8qWqgT3n,Tired Ear,Pohgoh,2004,-4.534,major,2000
spotify:track:378gCRTm2WTsd5Ie2KMwCw,378gCRTm2WTsd5Ie2KMwCw,Tema In Hi-Fi - Performed By Nicola Conte Gianluca Petrella,Nicola Conte,2007,-7.585,minor,2000
spotify:track:7jP2937OACDPrN53DzO0Ye,7jP2937OACDPrN53DzO0Ye,Closer,Travis,2007,-7.816,major,2000
spotify:track:3B02MV7367UdRVhJ8IOW9n,3B02MV7367UdRVhJ8IOW9n,SEVENTH HEAVEN,L'Arc-en-Ciel,2007,-3.486,major,2000
spotify:track:0EDg2PCl3oRVFaxyaqN9zB,0EDg2PCl3oRVFaxyaqN9zB,Dooba Re Dooba - Jhankar,Alka Yagnik,2003,-8.478,major,2000
spotify:track:4uQz7AiNAS6MQNED4gFwaa,4uQz7AiNAS6MQNED4gFwaa,Testvérdal,Ektomorf,2000,-5.824,major,2000
spotify:track:1h5kZvcsqLmu3Ety8VG8i1,1h5kZvcsqLmu3Ety8VG8i1,Bora Bora - Extended Mix,Magan & Rodríguez,2008,-6.749,major,2000
spotify:track:4Flqt3MEBFGBrpMJtPuKpA,4Flqt3MEBFGBrpMJtPuKpA,A Última Estrofe,Orlando Silva,2006,-12.892,major,2000
spotify:track:1Xf7gXkHRXwr8vP9GZ7pSz,1Xf7gXkHRXwr8vP9GZ7pSz,Milonga Del Solitario,Atahualpa Yupanqui,2006,-15.266,minor,2000
spotify:track:66AECSmgIaYlfTQ8PKEA4g,66AECSmgIaYlfTQ8PKEA4g,Allouette,Goanna Gang,2002,-12.413,minor,2000
spotify:track:5AEFacGALrZ7L5CFMvOjva,5AEFacGALrZ7L5CFMvOjva,Marhaba Marhaba,Sonu Nigam,2004,-9.866,major,2000
spotify:track:5OQGeJ1ceykovrykZsGhqL,5OQGeJ1ceykovrykZsGhqL,Breathless,The Corrs,2000,-7.754,major,2000
spotify:track:7hBxsYAsjq9R15bxDkb7bX,7hBxsYAsjq9R15bxDkb7bX,Yttligare Ett Steg Närmare Total Jävla Utfrysning,Shining,2007,-8.037,major,2000
spotify:track:1VEfkIporNI2jgMTKk4VIT,1VEfkIporNI2jgMTKk4VIT,Clash Version Pt. 2,Manasseh,2004,-8.051,minor,2000
spotify:track:3SsxU64BjhTQ2UMlQbeVPQ,3SsxU64BjhTQ2UMlQbeVPQ,Inner Sanctum,Behemoth,2007,-5.11,major,2000
spotify:track:1l8Qd73tMzoq5xTNIEsrcr,1l8Qd73tMzoq5xTNIEsrcr,Mala Pronta - Ao vivo,Noda de Caju,2009,-4.691,major,2000
spotify:track:2AdhgNKKL0VL5OT4jX3w6S,2AdhgNKKL0VL5OT4jX3w6S,"Le carnaval des animaux, R. 125: IX. Le coucou au fond des bois",Camille Saint-Saëns,2009,-34.749,major,2000
spotify:track:1PqtmSlEp63tABW9pfvpfT,1PqtmSlEp63tABW9pfvpfT,Summerfish - Pacific And Vandyck Radio Edit,Leonid Rudenko,2008,-5.87,minor,2000
spotify:track:1ugLa7BQwDbzABHZbY0782,1ugLa7BQwDbzABHZbY0782,By His Own Decree,Hate Eternal,2000,-8.115,major,2000
spotify:track:16bUHDjZ0q9XNH7v2iHaxt,16bUHDjZ0q9XNH7v2iHaxt,Kinderfeld,Marilyn Manson,2009,-8.454,major,2000
spotify:track:4r3eGOGykjomP4NAwN73Fe,4r3eGOGykjomP4NAwN73Fe,Needles,Haste The Day,2007,-3.643,major,2000
spotify:track:3s9IRRcnTINyYPIzL4RLM4,3s9IRRcnTINyYPIzL4RLM4,White Line Fever,Merle Haggard,2006,-13.273,major,2000
spotify:track:25Yzff59UGjz7wNWmjM39h,25Yzff59UGjz7wNWmjM39h,Moondance,Michael Bublé,2003,-5.816,minor,2000
spotify:track:6mhC1ej7iEIfj79ZBTB3Vd,6mhC1ej7iEIfj79ZBTB3Vd,What's Wrong with You,D-Train,2000,-16.672,major,2000
spotify:track:3dfT9IbDzkJuB8rQVTo52C,3dfT9IbDzkJuB8rQVTo52C,Ur Not The Same (feat. Akon),T-Pain,2005,-12.772,major,2000
spotify:track:7sJ7AdY3EmNK8Dj9K8OUPl,7sJ7AdY3EmNK8Dj9K8OUPl,Rent A Wreck,Suburban Kids With Biblical Names,2005,-5.909,major,2000
spotify:track:2Qyzgfj4eRzIM0fq5rdgQh,2Qyzgfj4eRzIM0fq5rdgQh,When I First Met Him,Julia Murney,2006,-8.658,minor,2000
spotify:track:6l5t2H874fLDkf786fbiJX,6l5t2H874fLDkf786fbiJX,Too Soon,The Radio Dept.,2003,-16.25,major,2000
spotify:track:4PNp6b6xbL178LICU8sY2r,4PNp6b6xbL178LICU8sY2r,Seetha Kalyana Vaibhogame,M. Balamuralikrishna,2008,-14.169,minor,2000
spotify:track:3ZuvzjWT7cMdPki3uAAfgL,3ZuvzjWT7cMdPki3uAAfgL,Metric Conversion,Hans Tammen,2000,-21.041,major,2000
spotify:track:0lmXlo43n2zDvw4T1kdakO,0lmXlo43n2zDvw4T1kdakO,A Piece of Me,Luniz,2002,-3.201,minor,2000
spotify:track:71absXkDhCFx2nkeEn8MtA,71absXkDhCFx2nkeEn8MtA,830Morning,Tamaki Roy,2009,-6.539,major,2000
spotify:track:64UHZnq2KK7BNRNpTOidJX,64UHZnq2KK7BNRNpTOidJX,You Don't Know What Love Is (feat. Frank McComb),Marilyn Scott,2001,-11.486,minor,2000
spotify:track:0Ncyof7fjfYDUNILAVwyPd,0Ncyof7fjfYDUNILAVwyPd,Vote Black President (Yeah Yeah),Kokolo,2007,-7.111,minor,2000
spotify:track:75S00Sa9DXwIiWu3c55ONL,75S00Sa9DXwIiWu3c55ONL,Soho Electric,Jens Buchert,2002,-11.927,minor,2000
spotify:track:11JlG6YBiNrjXOEkYLDZd7,11JlG6YBiNrjXOEkYLDZd7,"Ven, Cosa Buena",La Salsa Mayor,2006,-4.903,major,2000
spotify:track:5lA3pwMkBdd24StM90QrNR,5lA3pwMkBdd24StM90QrNR,P.Y.T. (Pretty Young Thing),Michael Jackson,2008,-4.909,minor,2000
spotify:track:3QZ6UwntZVzQ3WNNsdwt6d,3QZ6UwntZVzQ3WNNsdwt6d,Journey to Undying Lands,Battlelore,2002,-4.953,minor,2000
spotify:track:4x2rxy0ysunwkLWISRrQWu,4x2rxy0ysunwkLWISRrQWu,Bawsey,Nathan Fake,2006,-12.562,major,2000
spotify:track:0TAd0G8cLbyQTiq8u2PQ2q,0TAd0G8cLbyQTiq8u2PQ2q,"Sonate op. 11 Fis-Moll - III. Scherzo e Intermezzo, Allegrissimo",Franz Vorraber,2002,-23.179,major,2000
spotify:track:0j28iisphsguiUafjy3fFq,0j28iisphsguiUafjy3fFq,Saskia,Vollker Racho,2007,-3.991,major,2000
spotify:track:6Gv5Xi03FdNOpb9RWhKpSK,6Gv5Xi03FdNOpb9RWhKpSK,Let There Be Morning,The Perishers,2005,-10.02,major,2000
spotify:track:10wUxppYOZ8OdSDkgORwmg,10wUxppYOZ8OdSDkgORwmg,Les extraterrestres...,Les Betteraves,2002,-8.5,major,2000
spotify:track:7KtsJ4OOAVHsssCPjam8mA,7KtsJ4OOAVHsssCPjam8mA,Parks,Four Tet,2001,-11.918,minor,2000
spotify:track:2VQi1doS2K6GjgjWUnmunm,2VQi1doS2K6GjgjWUnmunm,Changing,Witch,2006,-6.812,minor,2000
spotify:track:4s0N1uBS3XSXReR3OggzwY,4s0N1uBS3XSXReR3OggzwY,Humanity,The Berzerker,2000,-7.359,minor,2000
spotify:track:4kU0NIbKTEnE0DCpcp4OOZ,4kU0NIbKTEnE0DCpcp4OOZ,The Wagoner's Lad,Traditional,2006,-21.101,major,2000
spotify:track:3y2p2XXpgw5QHxKmokQEHQ,3y2p2XXpgw5QHxKmokQEHQ,To the Threshold,Hatebreed,2006,-3.711,major,2000
spotify:track:7yEbY15xQmLCEstpmx6W5z,7yEbY15xQmLCEstpmx6W5z,Voy Caminando Lento - Live,Los Pericos,2000,-4.772,major,2000
spotify:track:0dLmXE5iFsD3h27GmVQww9,0dLmXE5iFsD3h27GmVQww9,It Ain't Too Loud,Dillinja,2002,-2.644,minor,2000
spotify:track:10MXyf1e2wktLfzvHRHVGD,10MXyf1e2wktLfzvHRHVGD,"Theme and Variations on the name Abegg, Op. 1: Abegg Variations, Op. 1",Robert Schumann,2005,-23.209,major,2000
spotify:track:79OKvnlmMTQIA5WWwGPx2k,79OKvnlmMTQIA5WWwGPx2k,"King's Lynn ""O God of Earth and Altar"" (Arr. R. Vaughan Williams for Choir & Organ)",Traditional,2006,-19.549,minor,2000
spotify:track:4cSgQqIXdH92IsKXeif8JL,4cSgQqIXdH92IsKXeif8JL,Novanex Special,Landslide,2000,-10.851,major,2000
spotify:track:7bDhOH3BtgoetNHNF3U8kE,7bDhOH3BtgoetNHNF3U8kE,Tonight - Live,TVXQ!,2006,-6.387,major,2000
spotify:track:0wI78OTSkf6WKenG7QCn4B,0wI78OTSkf6WKenG7QCn4B,Something Wicked,Chaotica,2006,-6.531,minor,2000
spotify:track:6FKyxVD1G2hzLDxdrjes2j,6FKyxVD1G2hzLDxdrjes2j,Prison Toy,Pile of Heads,2004,-3.869,major,2000
spotify:track:7G1zy1zQDIZRp2NIUWC7fw,7G1zy1zQDIZRp2NIUWC7fw,Medo de Amar,Trio Xamego,2001,-8.283,major,2000
spotify:track:3gTPzrIaFuXcvqEl6VYqi3,3gTPzrIaFuXcvqEl6VYqi3,Windsails on the Horizon,Massage Therapy Music,2001,-36.758,major,2000
spotify:track:4uHtyDnPDWmkMtjuhvCXrn,4uHtyDnPDWmkMtjuhvCXrn,China White III,He Is Legend,2009,-8.165,minor,2000
spotify:track:7yaY0dFHweOGXeExxeGIUZ,7yaY0dFHweOGXeExxeGIUZ,La Bohème / Act 4: Che ora sia? - Live,Giacomo Puccini,2008,-19.748,major,2000
spotify:track:7J2Kef4YGDjrDqmZ6xAUAi,7J2Kef4YGDjrDqmZ6xAUAi,Después del Carnaval,Osvaldo Fresedo y su Orquesta Típica,2001,-7.297,major,2000
spotify:track:2b6Iw5daWCRiHgrqFxQe2r,2b6Iw5daWCRiHgrqFxQe2r,Cover What You Can,Copeland,2006,-10.231,major,2000
spotify:track:41nOfyvprYghBIfMPJcJjC,41nOfyvprYghBIfMPJcJjC,가니 오니 가니,4MEN,2000,-4.567,major,2000
spotify:track:4TXyai18HvMuOOTcxqvSfg,4TXyai18HvMuOOTcxqvSfg,Stay,Blue Merle,2005,-9.916,minor,2000
spotify:track:7nRDw0o8g1BSdrBkvQPXXY,7nRDw0o8g1BSdrBkvQPXXY,Un Año De Amor,Tarantella,2005,-6.079,minor,2000
spotify:track:48oTfnxzN9XdofuRug3Alx,48oTfnxzN9XdofuRug3Alx,"Hahn: Chansons grises: No. 5, L'heure exquise",Reynaldo Hahn,2009,-37.666,major,2000
spotify:track:4u8rt4I5UXERrHWsC5yrT7,4u8rt4I5UXERrHWsC5yrT7,Origine,Sixième Sens,2009,-4.96,minor,2000
spotify:track:2mSjzLY8vhtnVw7kCsjepO,2mSjzLY8vhtnVw7kCsjepO,Fantasia,Trio Forrozão,2006,-8.657,major,2000
spotify:track:15WhDfF3LUnksDaHGLs0A6,15WhDfF3LUnksDaHGLs0A6,Genetic Noose,Anaal Nathrakh,2007,-4.935,minor,2000
spotify:track:1EOg3ULzgm36HZhzPjnpOw,1EOg3ULzgm36HZhzPjnpOw,Darlin' You Can Count On Me,The Everpresent Fullness,2003,-9.43,major,2000
spotify:track:0ZjYOupkyV24KPpaxfTewn,0ZjYOupkyV24KPpaxfTewn,Slave New World - Live; 2022 - Remaster,Sepultura,2005,-8.597,major,2000
spotify:track:31xcrOrz02nMc47U7T58cc,31xcrOrz02nMc47U7T58cc,Peak-hour,DJ Misjah,2000,-16.389,minor,2000
spotify:track:3brtPoBrcvX02iNpxQ3aKq,3brtPoBrcvX02iNpxQ3aKq,Las Chicas del Roxy,Loquillo Y Los Trogloditas,2001,-5.144,major,2000
spotify:track:0OAuAPYFuyL7BIFDfa6ssb,0OAuAPYFuyL7BIFDfa6ssb,"Might as Well - Live at Oakland Coliseum Stadium, Oakland, CA, October 10, 1976",Grateful Dead,2004,-10.395,major,2000
spotify:track:2fQkedhCNnLO9aAWjdk0g0,2fQkedhCNnLO9aAWjdk0g0,The PowerOut / The Dublin Reel,Danú,2004,-13.003,major,2000
spotify:track:4fHNNNg7c4kzTGnajt9dKU,4fHNNNg7c4kzTGnajt9dKU,Can't Believe I'm Falling In Love,Secretions,2005,-5.794,major,2000
spotify:track:5Ze2XgYohUBOr3tDDgMEcB,5Ze2XgYohUBOr3tDDgMEcB,Scrambler,Jeff Parker,2003,-22.333,major,2000
spotify:track:4N5LVM7RNumIJ7lzThi6bP,4N5LVM7RNumIJ7lzThi6bP,Far Away - Hideo Kobayashi Dub,Kimara Lovelace,2008,-9.433,minor,2000
spotify:track:1n9PUTUa3NkYqkUHQ11rwm,1n9PUTUa3NkYqkUHQ11rwm,Bad Luck City,R.L. Burnside,2000,-7.774,minor,2000
spotify:track:5FujcOPxltvf2j2hdNiuHy,5FujcOPxltvf2j2hdNiuHy,Green Bouzard,John Maus,2007,-7.237,major,2000
spotify:track:5frNnyWkKzKdiKPLhkdY9L,5frNnyWkKzKdiKPLhkdY9L,Vendetta,Slipknot,2008,-2.426,major,2000
spotify:track:0r1ksuyksyNaAl1BfMYZJM,0r1ksuyksyNaAl1BfMYZJM,Early in the Morning,Ray Charles,2005,-8.472,major,2000
spotify:track:7Cb6hVvZ5RyMwRnFes8wpW,7Cb6hVvZ5RyMwRnFes8wpW,Tonight - 粵,Nicholas Tse,2009,-5.008,major,2000
spotify:track:0RNDlF6BeMxB8elYBWRqIw,0RNDlF6BeMxB8elYBWRqIw,Sold Out,Rotten Sound,2007,-3.897,major,2000
spotify:track:1NJ6uJOfeyJg2yIqvUioHZ,1NJ6uJOfeyJg2yIqvUioHZ,Angel - Extended Version,Giuseppe Ottaviani,2009,-7.734,minor,2000
spotify:track:1IEXeEKNmgtulONebUmyGk,1IEXeEKNmgtulONebUmyGk,Maiyya,Ashwini Bhide-Deshpande,2009,-6.447,major,2000
spotify:track:2yUwJGf7Me8wzZVaY2kDcf,2yUwJGf7Me8wzZVaY2kDcf,Now Arise,Born Of Osiris,2009,-2.038,minor,2000
spotify:track:2RFdF7zbWTPPSJYnEVVoLZ,2RFdF7zbWTPPSJYnEVVoLZ,Atras de la Raya,Los Apson Boys,2008,-6.725,major,2000
spotify:track:1VKjLJiQVRsauUvAZ7VKGa,1VKjLJiQVRsauUvAZ7VKGa,Obongi Na Lokumu,Groupe Adorons l’Eternel G.A.E.L,2008,-6.289,major,2000
spotify:track:0X0KsypC7C3vcOGHXRLoRw,0X0KsypC7C3vcOGHXRLoRw,Why Go? (feat. Boy George),Faithless,2004,-13.201,minor,2000
spotify:track:5kENJDGmJch96ljj8OXggz,5kENJDGmJch96ljj8OXggz,Love Will Save the Day - Sam Punk Mix,Dj Zealot,2009,-3.067,major,2000
spotify:track:1pONfzmIF8EUd00VvJVObj,1pONfzmIF8EUd00VvJVObj,Electric Bloom,Foals,2008,-6.949,minor,2000
spotify:track:5MRlFck7IT3wOyHpV1WzXx,5MRlFck7IT3wOyHpV1WzXx,Meu Primeiro Amor,Gabrielzinho Do Irajá,2006,-8.646,major,2000
spotify:track:62CbuWCUyrgynQAw7R5UQc,62CbuWCUyrgynQAw7R5UQc,Struggle for the freedom flag,GALNERYUS,2003,-1.718,minor,2000
spotify:track:6xNrkmefXamZeNuruDCQn3,6xNrkmefXamZeNuruDCQn3,I'll Come Running Back To You,The Soul Stirrers,2002,-20.535,major,2000
spotify:track:6aKdvvCe5yDuiCdClTvHQl,6aKdvvCe5yDuiCdClTvHQl,Verdadeira Embolada,Marianna Leporace,2000,-10.041,major,2000
spotify:track:67yrPIw3zIMxhiVywjj3SV,67yrPIw3zIMxhiVywjj3SV,Die Macht der 5 Sekunden,Audio Kollaps,2002,-4.955,minor,2000
spotify:track:14dbff2yRXknBxnmYFmMF9,14dbff2yRXknBxnmYFmMF9,Tiare Tahiti,Uji 'Oma'oma'o,2008,-18.761,major,2000
spotify:track:2ZffPWvvDaI62YZCvuT0w9,2ZffPWvvDaI62YZCvuT0w9,This November,Tim Barry,2008,-6.484,major,2000
spotify:track:7AwsNy3BhmKnN3cJrtpRCG,7AwsNy3BhmKnN3cJrtpRCG,"Goldberg Variations, BWV 988: Var. 19",Johann Sebastian Bach,2000,-29.888,major,2000
spotify:track:37DqQsL2FJ2eaiqmwrWENn,37DqQsL2FJ2eaiqmwrWENn,Lazy (feat. David Byrne) - Moto Blanco Dub,X-Press 2,2002,-8.032,major,2000
spotify:track:0eXpvoN6ReEXq8jAMDOxxD,0eXpvoN6ReEXq8jAMDOxxD,Could I Have This Dance,Anne Murray,2008,-8.738,major,2000
spotify:track:5fOCo26p2IFbQQGhPENAXY,5fOCo26p2IFbQQGhPENAXY,Sal Niña,Juancho Style,2004,-7.77,major,2000
spotify:track:54Q0UMQdTtmXTKgga5CRt0,54Q0UMQdTtmXTKgga5CRt0,Vernis',Tamara Tsereteli,2001,-16.773,minor,2000
spotify:track:5gYzF6YWU561rtl24jyO2R,5gYzF6YWU561rtl24jyO2R,Inna Dem Ting Deh - Live,Morgan Heritage,2006,-5.676,minor,2000
spotify:track:1yH6ZLCrknkZ57FqyxhgZX,1yH6ZLCrknkZ57FqyxhgZX,Phos,MENTA,2000,-9.018,major,2000
spotify:track:3z46T61G4tpHrGUWRjFhO9,3z46T61G4tpHrGUWRjFhO9,Auê - Ao Vivo,Canários do Reino,2002,-3.111,major,2000
spotify:track:2YTHU232MR3QRt5yqeymv5,2YTHU232MR3QRt5yqeymv5,Willie Loman,Ed Gein,2002,-6.514,major,2000
spotify:track:3rk6aqGFLGrpHDHoEOFHsa,3rk6aqGFLGrpHDHoEOFHsa,Been It - Radio Edit,The Cardigans,2008,-3.922,major,2000
spotify:track:6XtkqEJX0DD3VEIcZZAYwX,6XtkqEJX0DD3VEIcZZAYwX,The Darkness,The Cat Empire,2007,-4.596,major,2000
spotify:track:6Cnu4snPXdjzc6gfyDyB5G,6Cnu4snPXdjzc6gfyDyB5G,Piano Tool,Milk & Sugar,2003,-12.533,major,2000
spotify:track:00gD28LaXdXI2a74wgrNYR,00gD28LaXdXI2a74wgrNYR,Darkness Prevails,Devil Sold His Soul,2005,-6.367,minor,2000
spotify:track:3ih0IL7RpySJsajiXjYiwQ,3ih0IL7RpySJsajiXjYiwQ,Baby Won't You Let Me Rock n' Roll You,Ten Years After,2000,-8.427,major,2000
spotify:track:1jHDHz98eENpUifUqqUSOg,1jHDHz98eENpUifUqqUSOg,Luz de Candeeiro,Dominguinhos,2001,-8.73,major,2000
spotify:track:3kAodYzlPSTPYUuuWHavDS,3kAodYzlPSTPYUuuWHavDS,La Caida y la Gloria,Salon Victoria,2003,-6.16,major,2000
spotify:track:5LkSkYxT5K2YYZCEk52edl,5LkSkYxT5K2YYZCEk52edl,Golubye glaza,Nikolay Nikitskiy,2002,-11.098,minor,2000
spotify:track:2nVl1LMq6Cye8NDm8ved0U,2nVl1LMq6Cye8NDm8ved0U,Los tambores,Danza Invisible,2001,-4.23,major,2000
spotify:track:6AZC3FioC9BTbstMqznS1y,6AZC3FioC9BTbstMqznS1y,It's Alright,Echo & the Bunnymen,2001,-6.464,minor,2000
spotify:track:6mkKzDmCroY3YsfWWJzFYw,6mkKzDmCroY3YsfWWJzFYw,Fire - Edit Remastered,The Prodigy,2008,-5.511,major,2000
spotify:track:2YbOZqwVqjbwatMJunlzVV,2YbOZqwVqjbwatMJunlzVV,Cadeira de Bar,Noite Ilustrada,2001,-14.241,minor,2000
spotify:track:0ZWh9X1hok5hD7B1YvFOaK,0ZWh9X1hok5hD7B1YvFOaK,Mindathedi,Sujatha,2005,-9.166,major,2000
spotify:track:4mDd5GLDshMr3HVBroBC6J,4mDd5GLDshMr3HVBroBC6J,It's Your Thing,LaWanda Page,2000,-13.473,major,2000
spotify:track:5euDb8KdOconOarPzW9pZm,5euDb8KdOconOarPzW9pZm,Yes! Yes! Yes!,Foxy Shazam,2008,-3.069,minor,2000
spotify:track:6FUYdRxGA1Dawu0aUc6nKM,6FUYdRxGA1Dawu0aUc6nKM,Similarity,Ben Klock,2008,-14.987,major,2000
spotify:track:0xP5kC9fdXfKrgY2Dyp0sx,0xP5kC9fdXfKrgY2Dyp0sx,Get Down (feat. Kenny Dope & DJ Sneak & Terry Hunter & Tara McDonald) - Kenny Dope Mix,Todd Terry All Stars,2008,-7.121,minor,2000
spotify:track:15LXBuIwPb1ljJhUcztry9,15LXBuIwPb1ljJhUcztry9,オタスケマンの歌 (タイムボカンシリーズ オタスケマン),ANIMETAL,2003,-2.27,minor,2000
spotify:track:0u2HKivgWIuaa7eECsPuYC,0u2HKivgWIuaa7eECsPuYC,Mandocello - Live,Cheap Trick,2004,-5.142,major,2000
spotify:track:07HhvYazaf4LyXNKpmDb5J,07HhvYazaf4LyXNKpmDb5J,Si tú no vuelves,Ana Torroja,2000,-7.814,major,2000
spotify:track:376EMiSxh0wdspWmJm5lwP,376EMiSxh0wdspWmJm5lwP,There Was Another Time in My Life,Relient K,2008,-4.067,major,2000
spotify:track:3Lwtxv8RBviPA4NjXYWzPz,3Lwtxv8RBviPA4NjXYWzPz,"Oh, It's Such A Shame",Deerhunter,2008,-4.199,minor,2000
spotify:track:0xT21bGjsozpsNVD5wF9xh,0xT21bGjsozpsNVD5wF9xh,Ephemeral,After Forever,2000,-8.84,minor,2000
spotify:track:4AqKqC3hNPv2x9kzQC9U7c,4AqKqC3hNPv2x9kzQC9U7c,Someday,Blanche,2004,-7.57,major,2000
spotify:track:4XZI1nQLpw4tGHLiVIGaP1,4XZI1nQLpw4tGHLiVIGaP1,Battle Hymn of the Republic (Arr. P.J. Wilhousky),Traditional,2001,-20.053,major,2000
spotify:track:7j9RqMAONMIgahMGXm5DDx,7j9RqMAONMIgahMGXm5DDx,"São Paulo, Fim do Dia (Vinheta 3)",Jair Oliveira,2002,-9.522,minor,2000
spotify:track:1WGguXX9FkzBHeLb5ISfgg,1WGguXX9FkzBHeLb5ISfgg,Prom Queen,Lil Wayne,2009,-4.828,major,2000
spotify:track:5bhhuRqpm7IS1baiLEJ4jl,5bhhuRqpm7IS1baiLEJ4jl,I Love You More And More Everyday,Pat Boone,2004,-15.773,major,2000
spotify:track:3Gv1wbpT3GxM9eihe5JKOP,3Gv1wbpT3GxM9eihe5JKOP,Resonant Breath,Matt Borghi,2009,-36.419,minor,2000
spotify:track:4zGEsdnvTsOrd34aiFzgUx,4zGEsdnvTsOrd34aiFzgUx,"This Is The Last Time - Live At Mill St Brewery, Toronto / 2004 / Acoustic",Keane,2004,-8.029,major,2000
spotify:track:6l8mMHrrD1xfQeZUIFyLxx,6l8mMHrrD1xfQeZUIFyLxx,"Bird Song - Live at Pine Knob Music Theater, Clarkston, MI, June 20, 1991",Grateful Dead,2006,-14.324,major,2000
spotify:track:5TAowD7lSetLKJPeaJdPbb,5TAowD7lSetLKJPeaJdPbb,Forever Gone,Marginal Man,2000,-8.974,major,2000
spotify:track:0VNDqEgSYvOzxSFb4LcQTs,0VNDqEgSYvOzxSFb4LcQTs,History Repeats Itself,Sonic Syndicate,2005,-3.21,minor,2000
spotify:track:0uy6VjuCkKZeLia0bRuBPG,0uy6VjuCkKZeLia0bRuBPG,Nem Mais um Pio,Guinga,2001,-14.336,major,2000
spotify:track:0ArlSKSXWmh4e9C1RFttfd,0ArlSKSXWmh4e9C1RFttfd,Xica da Silva,Gilberto Gil,2000,-6.452,minor,2000
spotify:track:63QharyMHvx3yteCyRnkii,63QharyMHvx3yteCyRnkii,Redenção,Fresno,2008,-2.904,minor,2000
spotify:track:1wHCHWnWCoQ4WQdqrWfUMf,1wHCHWnWCoQ4WQdqrWfUMf,The Turning Point,Nostalgia 77,2007,-13.556,major,2000
spotify:track:257YSKwteLcej87QJdyNnW,257YSKwteLcej87QJdyNnW,Hang Me,Rich McCulley,2002,-8.489,major,2000
spotify:track:7vkmjMHJZJyk7aRa1hl1rp,7vkmjMHJZJyk7aRa1hl1rp,Je te suivrai,Francis Cabrel,2007,-10.793,minor,2000
spotify:track:49TBsEPwuxvoD1jAsDqUjn,49TBsEPwuxvoD1jAsDqUjn,Bass Phenomenon - DJ Friction Remix,Krafty Kuts,2006,-5.297,major,2000
spotify:track:3zRxGs2PNrdTX4A3zlhRCH,3zRxGs2PNrdTX4A3zlhRCH,Carry Me Ohio (Alternative Version),Sun Kil Moon,2003,-9.832,major,2000
spotify:track:5iAh9acjaoPyXavmj3T0fd,5iAh9acjaoPyXavmj3T0fd,Skinhead,Laurel Aitken,2009,-7.716,major,2000
spotify:track:7HuQfEL8iL3VSSzwXDpA0j,7HuQfEL8iL3VSSzwXDpA0j,Nasci pra sonhar e cantar,Dona Ivone Lara,2007,-14.802,minor,2000
spotify:track:5Iq1BXCLVWVKBz0k5RB4ZT,5Iq1BXCLVWVKBz0k5RB4ZT,展開愛情的翅膀,紫薇,2005,-11.876,major,2000
spotify:track:2R1GjEvwqiOtzrZlpTvhAG,2R1GjEvwqiOtzrZlpTvhAG,So Black & Blue,Waldeck,2007,-6.012,major,2000
spotify:track:3Il5gWENyjZJBK4hZaNAgW,3Il5gWENyjZJBK4hZaNAgW,Hot Daddy - Radio Edit,Malente,2006,-9.345,major,2000
spotify:track:7AB1PEF21A5Md7gl2RVH0T,7AB1PEF21A5Md7gl2RVH0T,Takes You Back (Unexpected Dub) - Electric Sheep Remix,Jazzanova,2003,-5.429,minor,2000
spotify:track:3TBQKl6eqjNPEhmlYlUbLY,3TBQKl6eqjNPEhmlYlUbLY,Tudo é Nada sem Você,Novo Som,2000,-11.227,major,2000
spotify:track:4EKdOMb6jnVm6xlE8vQZrr,4EKdOMb6jnVm6xlE8vQZrr,Recuerdo - Live,Dave Brubeck,2003,-15.62,major,2000
spotify:track:5w02nBF8o9RYWXba6026sd,5w02nBF8o9RYWXba6026sd,Supa Freak Love,Primer 55,2000,-4.66,major,2000
spotify:track:1Wp1ifPzWyW0qgOe18Znbi,1Wp1ifPzWyW0qgOe18Znbi,I Hope You're Okay,Flatsound,2009,-18.675,major,2000
spotify:track:5gCXK9yjlV1nWlAFYMwab0,5gCXK9yjlV1nWlAFYMwab0,California Dreamin',The Ventures,2008,-7.353,minor,2000
spotify:track:3uKHneEFA5qgSjI67uQ38l,3uKHneEFA5qgSjI67uQ38l,She's Got A Square,Dr. John,2001,-13.072,major,2000
spotify:track:02u2oG1u8H7XuchaUSeQvX,02u2oG1u8H7XuchaUSeQvX,In Search Of,Nick Farr,2008,-12.087,minor,2000
spotify:track:6RzxCxQcWJQvEvcZp1DPqZ,6RzxCxQcWJQvEvcZp1DPqZ,The Somberlain - Unreleased Live Recording '95,Dissection,2006,-8.418,major,2000
spotify:track:78JKIn1P4fN6lWAh63aBJB,78JKIn1P4fN6lWAh63aBJB,Hot Love,Cheap Trick,2004,-7.252,major,2000
spotify:track:45LZkeAJNMpiMCCBcb2sep,45LZkeAJNMpiMCCBcb2sep,Where Is the Party,Yuvan Shankar Raja,2008,-4.057,major,2000
spotify:track:7vHSDG9L4T4abihS5TFnxz,7vHSDG9L4T4abihS5TFnxz,Mephisto,Strung Out,2000,-3.501,major,2000
spotify:track:4olDFt99ukUuDBT14Xiabt,4olDFt99ukUuDBT14Xiabt,The Dragon's End,Culoe De Song,2009,-12.772,minor,2000
spotify:track:0JnXbxqF9bdNb8jy3lSuxK,0JnXbxqF9bdNb8jy3lSuxK,Neon Skyline,Cyantific,2003,-7.988,minor,2000
spotify:track:3eA8pawdru998R9USKmdxx,3eA8pawdru998R9USKmdxx,La Favorita (feat. Moncho Rivera),N'Klabe,2005,-4.354,major,2000
spotify:track:6apY0slN5xSpb7u8Azlpyu,6apY0slN5xSpb7u8Azlpyu,"See Me, Feel Me",Scooter,2005,-5.247,major,2000
spotify:track:7FbJaZsdkLkr5CWnx0HPnN,7FbJaZsdkLkr5CWnx0HPnN,Vacation Island,Kid Koala,2003,-13.722,major,2000
spotify:track:4fmEI2qslA4S5FNVp0ZxmB,4fmEI2qslA4S5FNVp0ZxmB,Ru Be,Midnite,2003,-7.052,minor,2000
spotify:track:2hmnhUvyC3B8YFOWOMtZ79,2hmnhUvyC3B8YFOWOMtZ79,First Winter Thaw,Michele McLaughlin,2000,-27.779,major,2000
spotify:track:1MBHBRXzOluLYa3ns0kfEq,1MBHBRXzOluLYa3ns0kfEq,Стаканчики гранёные (Cut Glasses),Konstantin Pluzhnikov,2008,-14.145,minor,2000
spotify:track:3lkhRyPcFQRw6zWy7B9nXS,3lkhRyPcFQRw6zWy7B9nXS,Going Down,MRK1,2009,-6.212,major,2000
spotify:track:4ZCxoXIdwxGgT7msEHSp6E,4ZCxoXIdwxGgT7msEHSp6E,Me Against the World,Simple Plan,2004,-5.055,minor,2000
spotify:track:3cGQV0JaTjzB4nMe9h3oru,3cGQV0JaTjzB4nMe9h3oru,S.K.J.,Milt Jackson,2008,-21.038,major,2000
spotify:track:4Px97IPakBTL4rdst7IBM3,4Px97IPakBTL4rdst7IBM3,"The Nutcracker (Suite), Op. 71a, TH. 35: IIf. Dance of the Reed-Pipes (Mirlitons)",Pyotr Ilyich Tchaikovsky,2009,-31.079,major,2000
spotify:track:22aHk12wxxIRJ9F37bqVU3,22aHk12wxxIRJ9F37bqVU3,Azure - Samuel L Session Remix,Slam,2007,-6.523,minor,2000
spotify:track:58FWFBW7ufZEQx4QaDIMta,58FWFBW7ufZEQx4QaDIMta,Piraten - Hit Mix,Michael Wendler,2003,-2.11,major,2000
spotify:track:0hJUqj8TjtWJkMl3kXWgpf,0hJUqj8TjtWJkMl3kXWgpf,Wonderful and Special,Mike Phillips,2002,-5.325,major,2000
spotify:track:1KgblV1sDCxtX8ReRMXQz9,1KgblV1sDCxtX8ReRMXQz9,Rotor Babe,Click Click,2008,-6.768,major,2000
spotify:track:29KxJsLFdO3LQmlfpasFAH,29KxJsLFdO3LQmlfpasFAH,迷戀,Ekin Cheng,2001,-8.374,major,2000
spotify:track:6RPx6ExAe6qrrDylBPOxQl,6RPx6ExAe6qrrDylBPOxQl,Djini Sez,Cari Lekebusch,2004,-5.951,minor,2000
spotify:track:3BbIvQO52fjZo9h0qE7Rb9,3BbIvQO52fjZo9h0qE7Rb9,A Colombia Entera,Tito Gomez,2006,-7.535,minor,2000
spotify:track:5wJnWHWaSBnvOS7uAN95XX,5wJnWHWaSBnvOS7uAN95XX,Entre Toi Et Moi,Mathieu Edward,2007,-5.612,minor,2000
spotify:track:48oStvBZsmfaB0SdgGqbip,48oStvBZsmfaB0SdgGqbip,Salvame,Dread Mar I,2008,-6.518,major,2000
spotify:track:2OZSvipsCwQjTeDXrQB1M8,2OZSvipsCwQjTeDXrQB1M8,Auntie Lu Lu,Nitty Gritty,2008,-5.382,minor,2000
spotify:track:5g2pSp4otLM18NAbeCygpx,5g2pSp4otLM18NAbeCygpx,The Mirror and the Veil,Runestone,2008,-18.988,minor,2000
spotify:track:6AgTABy4HeLh5hlQIcvWl7,6AgTABy4HeLh5hlQIcvWl7,Then He Killed Her - Demo,Sol Invictus,2002,-7.722,major,2000
spotify:track:75SlxoNAcvzMxVtrnEtVMw,75SlxoNAcvzMxVtrnEtVMw,Strange,Randy Houser,2008,-4.61,major,2000
spotify:track:2oZkoKJnFEW5nbCC932MIg,2oZkoKJnFEW5nbCC932MIg,Un Amor Así,Tony Vega,2001,-3.887,minor,2000
spotify:track:62BByyYoajaTqQzBJDIIAs,62BByyYoajaTqQzBJDIIAs,Akhilandeshvari,N. Ravikiran,2000,-12.49,major,2000
spotify:track:330J1ke0uaUsQB3DA1ArIc,330J1ke0uaUsQB3DA1ArIc,Sei meine Maus,Yvie,2009,-0.951,major,2000
spotify:track:1H6PkYfJaJ8wngaoXGRd87,1H6PkYfJaJ8wngaoXGRd87,Lovely Day (feat. Busta Rhymes),Luther Vandross,2003,-11.089,minor,2000
spotify:track:3raseFefLFgdv5RP6Ciwsz,3raseFefLFgdv5RP6Ciwsz,Balarama Avataram,T. M. Krishna,2005,-11.388,major,2000
spotify:track:6OE1yA5XoXXPIRTQV772Fx,6OE1yA5XoXXPIRTQV772Fx,"Nocturnes, CD 98: II. Fêtes",Claude Debussy,2001,-20.025,major,2000
spotify:track:5UqCvffrT5wgZUOVK8BlsK,5UqCvffrT5wgZUOVK8BlsK,New Day I Hate,The Young Fresh Fellows,2009,-7.431,major,2000
spotify:track:1QSLDYmIlSu7wYwSLLXVq0,1QSLDYmIlSu7wYwSLLXVq0,"Lute Sonata in E-Flat Major, Op. 1, No. 2: II. Allegro un poco",Adam Falckenhagen,2001,-26.698,minor,2000
spotify:track:6N7YkCy1oSMRsaZSoz5VlS,6N7YkCy1oSMRsaZSoz5VlS,Going On,Gnarls Barkley,2008,-4.743,major,2000
spotify:track:5c7ORENm3aA6ybkJxy7Geq,5c7ORENm3aA6ybkJxy7Geq,I Live In NY,Moes Haven,2005,-10.017,major,2000
spotify:track:3OLl5Fyq1I8cl0fdI6XzVp,3OLl5Fyq1I8cl0fdI6XzVp,"The Love Of God/O The Deep, Deep Love Of Jesus - Medley",Blessed Assurance Favorite Hymns Of Inspiration And Hope Performers,2007,-11.486,minor,2000
spotify:track:55bK3B5YeZGAOPpsyze4mo,55bK3B5YeZGAOPpsyze4mo,Celestial Oasis,Ethereal Dreams,2009,-24.724,minor,2000
spotify:track:5qplr7POSTwf0RUElwyWef,5qplr7POSTwf0RUElwyWef,Your Average Kind of Guy,Dr. John,2006,-19.516,minor,2000
spotify:track:1DCfcJM9711oDFGrtHvKfc,1DCfcJM9711oDFGrtHvKfc,Back to Daylight - Justin Robertson Remix,Dub Pistols,2009,-5.461,major,2000
spotify:track:33CZb6Ec0cJ1YINbjO5PHE,33CZb6Ec0cJ1YINbjO5PHE,Transatlanticism (Demo),Death Cab for Cutie,2003,-8.47,major,2000
spotify:track:3ptgMNc7QqJVlX3daDxuYN,3ptgMNc7QqJVlX3daDxuYN,Formless Like Water,Massage Therapy Music,2001,-30.988,major,2000
spotify:track:1SgKThqgrWqOmac6Fx3Yfx,1SgKThqgrWqOmac6Fx3Yfx,8 Bit Era - Original Mix,Eelke Kleijn,2006,-7.183,major,2000
spotify:track:6hpM0QwTdQ7pMOFMFH9aEz,6hpM0QwTdQ7pMOFMFH9aEz,Stressed Out - Original Mix,Miretz,2009,-18.038,minor,2000
spotify:track:4TOKz4wjzJ7JUrXZplT9iu,4TOKz4wjzJ7JUrXZplT9iu,Fingertips,Protassov,2003,-10.851,major,2000
spotify:track:674V5CgnBthidFKsAxpb5w,674V5CgnBthidFKsAxpb5w,Por Te Querer / Tem Gente Botando Terra (Poema Incidental),"Santanna ""O Cantador""",2002,-5.622,minor,2000
spotify:track:2ENKTXYjpAEkgOmoSbMSeW,2ENKTXYjpAEkgOmoSbMSeW,A Night In Tunisia,Kenny Burrell,2007,-11.277,major,2000
spotify:track:2jkkTi0b0Ee1q16mUVgGbL,2jkkTi0b0Ee1q16mUVgGbL,Blood Red Sandman,Lordi,2004,-4.314,major,2000
spotify:track:2LcAf2jBvPVG7iRA5at4Cl,2LcAf2jBvPVG7iRA5at4Cl,Peace & Harmony,Willy Clay Band,2005,-6.417,major,2000
spotify:track:4nUzLcZnf9KTgFBF4OHmjp,4nUzLcZnf9KTgFBF4OHmjp,Circumstances - Snakes & Arrows Live Version,Rush,2008,-4.019,major,2000
spotify:track:7xOs0v8lYTWcl7OqjrE08I,7xOs0v8lYTWcl7OqjrE08I,Evideyaanente Daivam,Madhu Balakrishnan,2007,-5.995,major,2000
spotify:track:4qwUN0QvEXdClRrxy7QpPN,4qwUN0QvEXdClRrxy7QpPN,Sky Full Of Angels,Reba McEntire,2003,-7.497,major,2000
spotify:track:4KgepW44wPWsz5SN5jkQzz,4KgepW44wPWsz5SN5jkQzz,Picture of You - Live,Joe Brown,2001,-12.054,major,2000
spotify:track:17WFd8aNNwTu570VVX0HSx,17WFd8aNNwTu570VVX0HSx,Seven Days,Azure Ray,2002,-18.121,minor,2000
spotify:track:5x25Ag0V8q1VUKRw8CE0QV,5x25Ag0V8q1VUKRw8CE0QV,"Just You And Me, Darling",The Who,2000,-5.708,major,2000
spotify:track:2o8dNs9VFg4MHxIurz1BdL,2o8dNs9VFg4MHxIurz1BdL,Better Than Knowing Where You Are,Spitalfield,2006,-4.035,major,2000
spotify:track:09nQMexTSp41GJAz92Bovs,09nQMexTSp41GJAz92Bovs,I'll Be There,TVXQ!,2006,-5.533,major,2000
spotify:track:2jFfEcmp5LhYvCz31lLhll,2jFfEcmp5LhYvCz31lLhll,Another Travelin' Song,Bright Eyes,2005,-6.892,major,2000
spotify:track:0ydSWKXHAGnuyOmFaRBI2Y,0ydSWKXHAGnuyOmFaRBI2Y,Goin' Down Slow,Sonny Terry,2001,-9.762,major,2000
spotify:track:73sMMfQZbHUsAElNQZfOCp,73sMMfQZbHUsAElNQZfOCp,Dauden,Borknagar,2008,-5.151,minor,2000
spotify:track:5uyEXFBFl8ZYACZCK0N2UE,5uyEXFBFl8ZYACZCK0N2UE,Jellied Eels - Live,Joe Brown,2001,-10.322,major,2000
spotify:track:4csJbRZemPImQy6SBXa1IB,4csJbRZemPImQy6SBXa1IB,Ruthless,Amon Tobin,2005,-6.414,major,2000
spotify:track:5gdaeHL3AFM1J0bvcrLVcn,5gdaeHL3AFM1J0bvcrLVcn,The Whiskey Ain't Workin' - 2006 Remaster,Travis Tritt,2007,-4.6,major,2000
spotify:track:7Juj0pLj47F7RSQWKjNoTw,7Juj0pLj47F7RSQWKjNoTw,Come Boldly,Melinda Watts,2009,-6.906,major,2000
spotify:track:3VY975tnCLKGgi8kM5x2jj,3VY975tnCLKGgi8kM5x2jj,Give Me Liberty or Give Me Love (with The Dorsey Brothers Orchestra),Mildred Bailey,2000,-11.277,major,2000
spotify:track:6ZdqEi3tlzTN4XhaMrYZ6l,6ZdqEi3tlzTN4XhaMrYZ6l,Down In The Park,Marilyn Manson,2009,-8.269,major,2000
spotify:track:5NSrZAU8IYlfaRyY6wibkr,5NSrZAU8IYlfaRyY6wibkr,Mistral - Anton Pieete Remix,Christian Smith,2008,-9.319,minor,2000
spotify:track:6DWVSbvionEzP8Za4Pe8oH,6DWVSbvionEzP8Za4Pe8oH,當心中有戀愛感覺,Eason Chan,2005,-10.637,minor,2000
spotify:track:5GVuQzpB2x0b4stf6Jbtgv,5GVuQzpB2x0b4stf6Jbtgv,Feet Wet,Stephen Speaks,2001,-5.566,major,2000
spotify:track:5vl8B2KQ7fcKe3qzoYDyBK,5vl8B2KQ7fcKe3qzoYDyBK,Retrato Cantado De Um Amor/ O Preço Da Traição,Grupo Pagode,2006,-7.118,minor,2000
spotify:track:0mTUTkFQ2MxmUHFL8EdfeR,0mTUTkFQ2MxmUHFL8EdfeR,The Firebird (L'oiseau De Feu) - Suite (1919): Finale,Igor Stravinsky,2009,-16.798,major,2000
spotify:track:1KmHmmiVdTwPnuLlubZnag,1KmHmmiVdTwPnuLlubZnag,I\'ve Never Been to Memphis (Hacienda\'s Sideburns Remix),Billie Ray Martin,2001,-8.922,major,2000
spotify:track:7EctZbflAOqgpLHcIK3BXQ,7EctZbflAOqgpLHcIK3BXQ,Men in Black,Frank Black,2007,-7.361,minor,2000
spotify:track:4480IIOZiTOb8LauVUfhax,4480IIOZiTOb8LauVUfhax,Orgullosa,Ismael Rivera,2008,-2.328,minor,2000
spotify:track:4LmgsmH05LIwtaUaxQmEZr,4LmgsmH05LIwtaUaxQmEZr,Eki Attar,Ay-Kherel,2004,-14.001,major,2000
spotify:track:3qRUxaCnX5ibO2c56763cl,3qRUxaCnX5ibO2c56763cl,Kabhi Aisa Lagta Hai - Instrumental,Lucky Ali,2004,-6.431,major,2000
spotify:track:2cQd1kDQBP7s4wNZF8uB8e,2cQd1kDQBP7s4wNZF8uB8e,Pozorovatelna,Jazz Q,2001,-13.228,major,2000
spotify:track:2NDP1jJw5dZJHhtNRfCdUN,2NDP1jJw5dZJHhtNRfCdUN,Juegos en Mi Mente (Playground In My Mind),Roberto Jordan,2001,-8.48,major,2000
spotify:track:1itF4j7BOvoj4SdxEHrpU5,1itF4j7BOvoj4SdxEHrpU5,Naina,Shafqat Amanat Ali,2008,-12.89,major,2000
spotify:track:6UTCh1Ug0ruABshzDJ9Je3,6UTCh1Ug0ruABshzDJ9Je3,Das ist der allergrößte Klopfer,Klaus & Klaus,2000,-5.15,major,2000
spotify:track:1tFtJpPlIRFZuVnVdgkZjn,1tFtJpPlIRFZuVnVdgkZjn,Tell Me the Reason Why,Ras Shiloh,2006,-9.607,minor,2000
spotify:track:0jeNOHh2s64O3mWOKG8yGE,0jeNOHh2s64O3mWOKG8yGE,Be'Yom Shabbat (On Sabbath),Idan Raichel,2002,-5.334,minor,2000
spotify:track:7MkvZPkQboxlYazm2spszG,7MkvZPkQboxlYazm2spszG,Ampuli Mama,KK,2004,-4.855,minor,2000
spotify:track:44spIokJg5lnqBxcF2VWP4,44spIokJg5lnqBxcF2VWP4,Your Happiness,Compulsive Gamblers,2000,-3.147,major,2000
spotify:track:5lLkAnJRpYDNQZZjYoDQuZ,5lLkAnJRpYDNQZZjYoDQuZ,Celebrity Shingles and Chuck Woolery,Comedian Bob Marley,2003,-8.51,major,2000
spotify:track:4V6sBosrQDKi92lyuK0Sod,4V6sBosrQDKi92lyuK0Sod,"Horn Concerto No. 2 in E-Flat Major, K. 417: II. Andante",Wolfgang Amadeus Mozart,2007,-22.065,major,2000
spotify:track:6VgaNzVEm5I6r9IahW2rcC,6VgaNzVEm5I6r9IahW2rcC,Ice Pick Blues,Whistlin' Alex Moore,2000,-14.48,major,2000
spotify:track:5eSydDjmoTxS4KRRqPW2xR,5eSydDjmoTxS4KRRqPW2xR,Oh My,The Drones,2008,-5.707,major,2000
spotify:track:2TigQi7P2Q4XUTgQjmE2Nc,2TigQi7P2Q4XUTgQjmE2Nc,The Big Olive,Alan Menken,2000,-22.342,major,2000
spotify:track:3LWvDzQME9z8RQXJREEu6c,3LWvDzQME9z8RQXJREEu6c,Coconut,Manu Dibango,2008,-9.883,minor,2000
spotify:track:6EEIqGzt6ThJAJKZjgo0y5,6EEIqGzt6ThJAJKZjgo0y5,El Blade,Estopa,2002,-5.249,minor,2000
spotify:track:4U9DaccUdAXG6wXI3VgiWk,4U9DaccUdAXG6wXI3VgiWk,Hate,Die Apokalyptischen Reiter,2004,-4.334,major,2000
spotify:track:5jWGrMBLe5ZgpeNev0RjVM,5jWGrMBLe5ZgpeNev0RjVM,OK,Zhang Zhen Yue,2007,-4.479,minor,2000
spotify:track:0tWJq2K0ye4sygsa6QEqSo,0tWJq2K0ye4sygsa6QEqSo,Hush,Automatic Loveletter,2007,-5.865,major,2000
spotify:track:08Bw0ZIoDLFQDI5O2Pl7dC,08Bw0ZIoDLFQDI5O2Pl7dC,We Were Young,Slick Shoes,2003,-2.685,major,2000
spotify:track:5HhIU2dqSk1gAXZWvWc73T,5HhIU2dqSk1gAXZWvWc73T,Des Plumes Dans La Tête,Sylvain Chauveau,2004,-9.751,minor,2000
spotify:track:1OzUrXLqxxMhFd21Qmahp1,1OzUrXLqxxMhFd21Qmahp1,Story of a Boy,Between The Trees,2009,-3.417,major,2000
spotify:track:0TyrE9RAefR9pYCMI0s4Y2,0TyrE9RAefR9pYCMI0s4Y2,Wiccan Song,Lucidian,2003,-12.071,major,2000
spotify:track:4DBwQwxJFJ5ZlJK1YKJHC1,4DBwQwxJFJ5ZlJK1YKJHC1,Somewhere Between Ragged And Right,John Anderson,2004,-6.801,major,2000
spotify:track:0ZYA2sLkCPfpqHoJxNlZEG,0ZYA2sLkCPfpqHoJxNlZEG,Millioner röda rosor,Vikingarna,2006,-11.67,minor,2000
spotify:track:5QlVl4SXxsXy607zouKUeN,5QlVl4SXxsXy607zouKUeN,"Lies, Greed, Delivered",Lambs,2005,-3.866,minor,2000
spotify:track:0wbrhxEKUhb0QBvt4KDBA1,0wbrhxEKUhb0QBvt4KDBA1,Você Virou Saudade - Ao Vivo,Gian & Giovani,2004,-6.279,major,2000
spotify:track:4iXWRzjLFjtYH5GsBaDUh9,4iXWRzjLFjtYH5GsBaDUh9,Rhodes Flash,Steve Bug,2008,-12.469,minor,2000
spotify:track:2rhBgNQMpeKbkQKBfESEfT,2rhBgNQMpeKbkQKBfESEfT,She's Like Thunder - Fight Anthem,Doro,2007,-6.85,minor,2000
spotify:track:3RfQYkaW7N5Emh0sd6dDDi,3RfQYkaW7N5Emh0sd6dDDi,Song and Dance: Tell Me on a Sunday,Andrew Lloyd Webber,2001,-17.229,major,2000
spotify:track:1oJNdzygWfxqgKbQycZFUR,1oJNdzygWfxqgKbQycZFUR,A Nega da Brilhantina - Ao Vivo,Os 4 Mensageiros,2009,-11.129,major,2000
spotify:track:0VckOIsnJqtZQL3Abb5ZxP,0VckOIsnJqtZQL3Abb5ZxP,One Summernight in Moscow,Patty Ryan,2006,-3.718,minor,2000
spotify:track:4PnqREjopkWKljgPjMaUCK,4PnqREjopkWKljgPjMaUCK,Gimme Shelter,Paul Brady,2009,-3.905,major,2000
spotify:track:2MtyGUHt1abcwMNJUlckBq,2MtyGUHt1abcwMNJUlckBq,Hopes Too High,Marcell & The Truth,2006,-11.242,major,2000
spotify:track:4rgcjvi6JrzfgY1qZKMKvT,4rgcjvi6JrzfgY1qZKMKvT,Sweet On You,Chieli Minucci,2000,-8.608,major,2000
spotify:track:5sdqWD0An2XqKjiobBSYZC,5sdqWD0An2XqKjiobBSYZC,여전히,Kim Jong Kook,2005,-8.207,major,2000
spotify:track:5F2le46Cv1FCAA80kmQIxq,5F2le46Cv1FCAA80kmQIxq,Pure Pleasure Seeker - Pizzicato Mix,Moloko,2001,-9.277,major,2000
spotify:track:7l1uB5pfrgfwoAjK2e7O4K,7l1uB5pfrgfwoAjK2e7O4K,"Phantom Of The Opera - Live: Reading Festival, 28 August 1982",Iron Maiden,2002,-5.645,major,2000
spotify:track:4EtAqm8AgZTR44PetnNXZP,4EtAqm8AgZTR44PetnNXZP,Scratched,Dj Dana,2003,-6.151,major,2000
spotify:track:45zISfC5PaegEJMB1VwZRR,45zISfC5PaegEJMB1VwZRR,Evening Sky (Piano Reprise),Tim Janis,2005,-19.409,major,2000
spotify:track:4PsEzciz4dr761DjN3ok74,4PsEzciz4dr761DjN3ok74,Vorfreude - Original Version,Sylence,2014,-4.109,major,2010
spotify:track:478CcQt9iyivd9o1EDxTWc,478CcQt9iyivd9o1EDxTWc,Stones Under Rushing Water (feat. Drew Holcomb & Ellie Holcomb) - Acoustic Live,NEEDTOBREATHE,2018,-8.744,major,2010
spotify:track:0kk1U1cKNV7bgvN83VpMXD,0kk1U1cKNV7bgvN83VpMXD,The Imminent,Front Line Assembly,2018,-12.884,major,2010
spotify:track:6ZEmjcKnZvbWV2qBvDR3rm,6ZEmjcKnZvbWV2qBvDR3rm,Dreams Of A Dying City,Rabih Abou-Khalil,2012,-16.89,major,2010
spotify:track:1bFfMJTstlHbbePrxAu2Lq,1bFfMJTstlHbbePrxAu2Lq,Waltz#2,Lloyd Green,2014,-10.268,major,2010
spotify:track:41H7ayURsGvzBWj77ZddWt,41H7ayURsGvzBWj77ZddWt,It's Nice Outside,Anti Lilly,2017,-11.024,minor,2010
spotify:track:69mvOZSJAzatfPqmyK36Na,69mvOZSJAzatfPqmyK36Na,Seu Astral - Ao Vivo,Jorge & Mateus,2013,-4.793,major,2010
spotify:track:2QCFie06LWtG3yCF0S6LBF,2QCFie06LWtG3yCF0S6LBF,Chariots of Fire: Main title theme (Chariots of Fire),Vangelis,2012,-17.146,major,2010
spotify:track:5oJGBRl8Pu4rUwq8U0MJJT,5oJGBRl8Pu4rUwq8U0MJJT,Dance in My Heart,Scott D. Davis,2013,-14.689,minor,2010
spotify:track:1Ccx2tzGF7qbRAYe82KyOk,1Ccx2tzGF7qbRAYe82KyOk,In the Garden,Michael Dulin,2018,-22.358,major,2010
spotify:track:7ulzxe4SLABXwyirODybCH,7ulzxe4SLABXwyirODybCH,Lucid Dreams,October Ends,2018,-4.973,minor,2010
spotify:track:5cy15H6gLpEBr438lQ9ETp,5cy15H6gLpEBr438lQ9ETp,River City Lights,Griffin House,2010,-7.949,major,2010
spotify:track:2JiNQ0o6KbPjb3nILksYtf,2JiNQ0o6KbPjb3nILksYtf,Когда по целым дням,Izabella Yurieva,2014,-15.313,major,2010
spotify:track:4syBHMqSeqJRIa4mzod0Bs,4syBHMqSeqJRIa4mzod0Bs,Que Sera,Baby Rasta & Gringo,2015,-4.532,minor,2010
spotify:track:4ZqLwBIWDcXYvii2JBPpdB,4ZqLwBIWDcXYvii2JBPpdB,"Il Convegno, Op. 76",Amilcare Ponchielli,2016,-22.605,major,2010
spotify:track:1sINcsgzd31gQkhImnr17l,1sINcsgzd31gQkhImnr17l,Evolution,Excision,2019,-1.894,minor,2010
spotify:track:285XePm33oZWQUx4XzuBbP,285XePm33oZWQUx4XzuBbP,Crazy,Violent New Breed,2019,-2.835,minor,2010
spotify:track:6ESESNhZqlyzKJJW6zYvMy,6ESESNhZqlyzKJJW6zYvMy,Jack It Up,Dyro,2015,-3.853,major,2010
spotify:track:1fDusIbKlRk6DJDTQ1oCq4,1fDusIbKlRk6DJDTQ1oCq4,Impeach God,Metalocalypse: Dethklok,2012,-4.618,major,2010
spotify:track:7AqVl5YkDcOvtLl8TiWVpq,7AqVl5YkDcOvtLl8TiWVpq,Lynchmob,KMFDM,2011,-7.772,minor,2010
spotify:track:6FNzyCRrzxKuH64X6PYWGy,6FNzyCRrzxKuH64X6PYWGy,Count To 100,GoNoodle,2017,-6.695,major,2010
spotify:track:5iDz8YQok0VO7Gxp8Pmq41,5iDz8YQok0VO7Gxp8Pmq41,Bringin Me Home,Warm Brew,2015,-7.142,minor,2010
spotify:track:02eJDq99Mj6wF79tu4fr72,02eJDq99Mj6wF79tu4fr72,Menergy (Barry Harris Club Mix),Ralphi Rosario,2014,-8.923,major,2010
spotify:track:4k3y1GszEj9tilZUVV0mMN,4k3y1GszEj9tilZUVV0mMN,Andrew Lloyd Webber's Medley,Ernesto Cortazar,2010,-7.789,major,2010
spotify:track:1Cuyi2L2wVS76Ymo5e6ukT,1Cuyi2L2wVS76Ymo5e6ukT,A Whole New World,Alan Menken,2012,-11.854,major,2010
spotify:track:3Q5IOGGYAleGBV5TVPEpUc,3Q5IOGGYAleGBV5TVPEpUc,Groovejet - Original Mix,Lissat & Voltaxx,2013,-5.209,major,2010
spotify:track:0MuaRi77N4gPEfVkuooxqS,0MuaRi77N4gPEfVkuooxqS,Later,emawk,2019,-10.842,major,2010
spotify:track:3HvReeh3enfNjcrlHSG7xT,3HvReeh3enfNjcrlHSG7xT,Making Time,Greg Graffin,2017,-7.684,major,2010
spotify:track:6AH08nn4yuBiTyOIW2FCFY,6AH08nn4yuBiTyOIW2FCFY,Sandra Mora,The Latin Brothers,2015,-5.516,minor,2010
spotify:track:397LYuxD2ENxd9fHy82nJJ,397LYuxD2ENxd9fHy82nJJ,This Track Is Not Called 8 Ball,Kyle Kinane,2015,-6.254,major,2010
spotify:track:2nciSgboMvs9gYFDNIhJry,2nciSgboMvs9gYFDNIhJry,Blood and Panic,Corrosive Sweden,2019,-3.434,minor,2010
spotify:track:32kQLk4Y6EkGInN7hxu1p9,32kQLk4Y6EkGInN7hxu1p9,Warm Hand Splash,Tiny Moving Parts,2018,-4.618,major,2010
spotify:track:4Th2qRZIDAECSLOMnWQvD4,4Th2qRZIDAECSLOMnWQvD4,Dois Malandros,Jair Oliveira,2011,-8.598,minor,2010
spotify:track:7CaLvOlOmqJbiRVL5KbaL9,7CaLvOlOmqJbiRVL5KbaL9,Tu kaun hai?,Sunidhi Chauhan,2019,-7.316,major,2010
spotify:track:1YXy4AW0fRHMkJRFq1QTYP,1YXy4AW0fRHMkJRFq1QTYP,Be Kind to Your Web-Footed Friends (Instrumental Version),The O'Neill Brothers,2017,-18.715,major,2010
spotify:track:1jJ0QlevDXzgyrCPofZhvu,1jJ0QlevDXzgyrCPofZhvu,Set Me Free,Bleeding Through,2018,-4.289,major,2010
spotify:track:4yjlM9f8HSeUc9qWVTrKd2,4yjlM9f8HSeUc9qWVTrKd2,That Clown's Got A Gun,Uranium Club,2017,-6.051,minor,2010
spotify:track:0V56SF5FmstnJgko3AYiws,0V56SF5FmstnJgko3AYiws,Oxygen,Sebadoh,2013,-4.118,major,2010
spotify:track:7DcrHtPim9R9d6rz7NXEjQ,7DcrHtPim9R9d6rz7NXEjQ,The Coming Storm,Freestylers,2013,-4.937,minor,2010
spotify:track:5QAhmroRA03WZ3KIu345lq,5QAhmroRA03WZ3KIu345lq,All By Myself - Mall Grab Remix,Whilk & Misky,2016,-7.123,minor,2010
spotify:track:6U2MCdp1OfyyysbmiR6tJ1,6U2MCdp1OfyyysbmiR6tJ1,Life on Mars?,Scott Bradlee's Postmodern Jukebox,2018,-9.827,minor,2010
spotify:track:2d0JOFCWjq14dgyHlPuwP8,2d0JOFCWjq14dgyHlPuwP8,Badlands,The Growlers,2010,-6.408,minor,2010
spotify:track:2qptHhMPaxixgU18FA6WrQ,2qptHhMPaxixgU18FA6WrQ,Ae Bhato,Madhab,2010,-11.08,minor,2010
spotify:track:3BxXBqM57nXyIMroOeqFfW,3BxXBqM57nXyIMroOeqFfW,Thursday,Milky Wimpshake,2010,-7.433,major,2010
spotify:track:2qwgng5CrAp3mTUONNsO2I,2qwgng5CrAp3mTUONNsO2I,Underlie,Latitudes,2019,-9.758,minor,2010
spotify:track:2kmZZJw6nHRglIwwj56L9e,2kmZZJw6nHRglIwwj56L9e,"Pari Re Tu - From ""Udhar Ka Sindur""",Mukesh,2012,-6.924,major,2010
spotify:track:68xP4c3piOThqSP9YvoOk9,68xP4c3piOThqSP9YvoOk9,London Bus,Charsay,2013,-5.694,major,2010
spotify:track:5g5Atj8sVv9zMtWl0g3fI9,5g5Atj8sVv9zMtWl0g3fI9,Quando Balliam' (When We Dance),Paul Potts,2014,-5.398,major,2010
spotify:track:2DIeEF4ZzbwCJDkH9LXkLC,2DIeEF4ZzbwCJDkH9LXkLC,Valzer No. 1 in C Major - for Guitar,Ferdinando Carulli,2014,-26.375,major,2010
spotify:track:3MZ8dbCD6nBfrvSBAPiFT4,3MZ8dbCD6nBfrvSBAPiFT4,Into the Shelter,False Flag Attack,2012,-4.236,major,2010
spotify:track:287NMNikZezvQLEQgvqFZz,287NMNikZezvQLEQgvqFZz,Get Busy,Sean Paul,2017,-3.168,minor,2010
spotify:track:1dcL8J2iDe7PCxwbLgI8Qo,1dcL8J2iDe7PCxwbLgI8Qo,Carved In Stone,Skullwinx,2016,-2.405,major,2010
spotify:track:3Si1KOsqxePiBoYX5ozmmn,3Si1KOsqxePiBoYX5ozmmn,FRUITY (Prod. GroovyRoom),HYOLYN,2017,-5.242,minor,2010
spotify:track:3PFKtzAR7RFtaUTsOeGt2e,3PFKtzAR7RFtaUTsOeGt2e,Riddim Say,RDX,2014,-9.328,major,2010
spotify:track:7rkQK2BgH7MJaLN8IqQycI,7rkQK2BgH7MJaLN8IqQycI,Fragments,Mind.in.a.box,2012,-11.088,minor,2010
spotify:track:35ZIuDjEBbhQlDCO6tnYzz,35ZIuDjEBbhQlDCO6tnYzz,Are You Ready - Original,Kosinus,2013,-7.421,minor,2010
spotify:track:4dfh6L1u0NriNBaOrv0oZ4,4dfh6L1u0NriNBaOrv0oZ4,Gonna Get Funky,GRiZ,2019,-5.544,major,2010
spotify:track:7dOmPxK322fSvBJ8NiO9dU,7dOmPxK322fSvBJ8NiO9dU,Sacred,Nina Nesbitt,2019,-10.322,major,2010
spotify:track:5Owe1EZ5VDiVri3HtIGgYn,5Owe1EZ5VDiVri3HtIGgYn,Dissolver,Squarepusher,2014,-8.608,major,2010
spotify:track:4Y96sBPDQARk39recOzBo9,4Y96sBPDQARk39recOzBo9,Love U,Marshmello,2017,0.0,minor,2010
spotify:track:2t8CVuJb6W5E0FutItjhpd,2t8CVuJb6W5E0FutItjhpd,Down,Brymo,2013,-7.639,minor,2010
spotify:track:6Vjb8PpUS4I1Oqpl2DQgyv,6Vjb8PpUS4I1Oqpl2DQgyv,Moon in the Night,Genevieve Somers,2019,-5.514,minor,2010
spotify:track:2Mwn2awmHPtcVFPIcnh1LO,2Mwn2awmHPtcVFPIcnh1LO,Disconnecting Entirely,Oneohtrix Point Never,2012,-6.245,major,2010
spotify:track:3QByZ41BqzISstHQu2DMGA,3QByZ41BqzISstHQu2DMGA,The Rollercoaster,Dylan Ryche,2011,-10.054,major,2010
spotify:track:7DbxEPAs6GkOdleHvoxIEC,7DbxEPAs6GkOdleHvoxIEC,The Mixed Tape - 2015 Remastered,Jack's Mannequin,2015,-4.219,major,2010
spotify:track:6Bd8wKokB3KwlWfG8s3GSG,6Bd8wKokB3KwlWfG8s3GSG,Free Falling,Monica Lopez,2014,-7.615,major,2010
spotify:track:6bOZ9xDKD5KzkDdRe3UiXy,6bOZ9xDKD5KzkDdRe3UiXy,Shitfire,Weedeater,2013,-6.385,major,2010
spotify:track:37iRYJhmxyfaz9qXDB2Env,37iRYJhmxyfaz9qXDB2Env,Air for Life - Radio Edit,EDX,2014,-3.401,major,2010
spotify:track:6GUWBKnTnSYTg1IRbpDorE,6GUWBKnTnSYTg1IRbpDorE,Chasing Unicorns (feat. Lenny),Peer Kusiv,2015,-9.719,major,2010
spotify:track:1FxhpxQzghrFjwJiF2GhXh,1FxhpxQzghrFjwJiF2GhXh,アイ,Motohiro Hata,2010,-7.879,major,2010
spotify:track:0rjrgxD95DmAOEn6eHcuXY,0rjrgxD95DmAOEn6eHcuXY,Anti Dubwize Selectah,Sensistar,2012,-13.21,minor,2010
spotify:track:5vyt44455ipNNVSYq8fYY7,5vyt44455ipNNVSYq8fYY7,Fever Pitch,Rainbow Kitten Surprise,2018,-7.877,minor,2010
spotify:track:6NiEl0ILRm6GMgBsNEl2Ni,6NiEl0ILRm6GMgBsNEl2Ni,Journey 4,Max Richter,2014,-16.193,minor,2010
spotify:track:6mpaImMtgnZ35rkfHveJZI,6mpaImMtgnZ35rkfHveJZI,Devil Inside,INXS,2014,-5.57,major,2010
spotify:track:2Q3UAwxmHWzydCuQEuAoMN,2Q3UAwxmHWzydCuQEuAoMN,Oi Morena Bonita,Cristiano Neves,2017,-5.282,major,2010
spotify:track:4fWYnWyKVA88mhq6askXb6,4fWYnWyKVA88mhq6askXb6,Damn Right I Am,Montgomery Gentry,2011,-3.688,major,2010
spotify:track:68LzpTgquyK90QzV7ADwcb,68LzpTgquyK90QzV7ADwcb,N01ZE,Rebourne,2017,-3.965,minor,2010
spotify:track:50xdOONP9lb55EPiflcGCG,50xdOONP9lb55EPiflcGCG,"Jone, o L'ultimo giorno di Pompei, Act III: D'amor piena ed ineffabile (Live)",Errico Petrella,2017,-15.364,major,2010
spotify:track:0QxTQ15i4SnIhiraYIIF06,0QxTQ15i4SnIhiraYIIF06,Body Wars,June Divided,2018,-1.964,minor,2010
spotify:track:7Fa21RlUBRHbnGPfDF7qll,7Fa21RlUBRHbnGPfDF7qll,醉 (feat. 杭蓋樂隊),Khalil Fong,2016,-9.012,major,2010
spotify:track:1tX4pUJhQwzZ2j5maNbAH4,1tX4pUJhQwzZ2j5maNbAH4,Iota,Kardashev,2014,-5.701,major,2010
spotify:track:0EO1sVNi1Ct3wO7iQBEHgM,0EO1sVNi1Ct3wO7iQBEHgM,Four Leaf Clover,Christian Hudson,2016,-8.606,major,2010
spotify:track:3sbVkXUftCePwLz1UDRU1m,3sbVkXUftCePwLz1UDRU1m,"I Like It, I Love It",Tim McGraw,2016,-4.284,major,2010
spotify:track:6KQxGfOdjHMh5wT15t0gJj,6KQxGfOdjHMh5wT15t0gJj,All Into Nothing,R3HAB,2018,-6.66,major,2010
spotify:track:0Ewb8jfr8oCgWvUm3Ao5ZZ,0Ewb8jfr8oCgWvUm3Ao5ZZ,Anjo Ou Fera - Ao Vivo,Victor & Leo,2015,-7.459,major,2010
spotify:track:4XkeDeEoSxS7V1B4cjDshU,4XkeDeEoSxS7V1B4cjDshU,Her Summer,Vũ.,2019,-10.049,major,2010
spotify:track:60M98E0CkJgJUApaHdgEaO,60M98E0CkJgJUApaHdgEaO,Keep It Clean,Willie Watson,2014,-13.431,major,2010
spotify:track:3eVKK1jUWzPGiBcggiae7i,3eVKK1jUWzPGiBcggiae7i,"We Thank Thee, O God, for a Prophet",Paul Cardall,2015,-16.623,major,2010
spotify:track:7zxBYi7R9xQ9deMMhJt1iX,7zxBYi7R9xQ9deMMhJt1iX,Wilderness,Euphorizer,2017,-4.634,major,2010
spotify:track:3YZDaqhNXdch5exuYkF90n,3YZDaqhNXdch5exuYkF90n,Erase the Rat,Backtrack,2011,-4.503,minor,2010
spotify:track:3L2kaKpmmsw3XMp031Xmc6,3L2kaKpmmsw3XMp031Xmc6,Miami Rain,Rain Sound Studio,2017,-15.762,major,2010
spotify:track:4wIgyawaOERa2IIXikhkMv,4wIgyawaOERa2IIXikhkMv,光榮之家 (Live),Denise Ho,2016,-9.682,major,2010
spotify:track:6wnlTQJgJkyPtjTlHiZDzx,6wnlTQJgJkyPtjTlHiZDzx,Louco Coração - Acústico Ao Vivo,Eduardo Costa,2013,-4.479,major,2010
spotify:track:6N0hNaBX40pPQO7mw2dunD,6N0hNaBX40pPQO7mw2dunD,Metaphor,Mt. Eddy,2017,-4.409,major,2010
spotify:track:636ijut5VFne4ELryQgotE,636ijut5VFne4ELryQgotE,Don Naides,Florindo Sassone,2019,-9.26,minor,2010
spotify:track:5uNoefhamhqPfNwHBkWhE0,5uNoefhamhqPfNwHBkWhE0,"Vivaldi: Cello Concerto in B-Flat Major, RV 423: I. Allegro",Antonio Vivaldi,2011,-15.135,major,2010
spotify:track:1ap9h4KIT6mOzZ4ekC4Ooa,1ap9h4KIT6mOzZ4ekC4Ooa,Клен ты мой опавший (С. есенин - в. липатов),Irina Karatcheva,2014,-22.901,minor,2010
spotify:track:4C4UTw7P6ZuVgjnUwQCwZJ,4C4UTw7P6ZuVgjnUwQCwZJ,Catch Your Luck and Play,Scorpions,2015,-4.723,major,2010
spotify:track:7LjiqiOFAZPc4SquVHq7mO,7LjiqiOFAZPc4SquVHq7mO,The Maker,Chris August,2015,-4.795,major,2010
spotify:track:3HAYBOTaXBIKXU4YYnTB5X,3HAYBOTaXBIKXU4YYnTB5X,Projektil,Vega,2016,-6.394,minor,2010
spotify:track:65Z5WzX7WdQwfdWXKMOxSA,65Z5WzX7WdQwfdWXKMOxSA,Do You Still Love Me Like You Used To? (feat. The Wind and The Wave),MISSIO,2019,-6.531,major,2010
spotify:track:2bH7uQDBu2aiBA5cJkf6UU,2bH7uQDBu2aiBA5cJkf6UU,Underwater - Original Edit,Zany,2012,-5.251,major,2010
spotify:track:1vbVaEjXAksblLOYOd0y1q,1vbVaEjXAksblLOYOd0y1q,Mr. Magic (feat. Najee),Pieces Of A Dream,2014,-4.385,minor,2010
spotify:track:2212JVZd0O1erqbYrv8PBf,2212JVZd0O1erqbYrv8PBf,I Don't Wanna Miss You,Twin Peaks,2016,-5.22,major,2010
spotify:track:7tnIgzkcdQ8Wm4SEes4O0p,7tnIgzkcdQ8Wm4SEes4O0p,Christina,Chronixx,2017,-6.053,major,2010
spotify:track:7A2bhLJZqV4wTyJMQZa3Ne,7A2bhLJZqV4wTyJMQZa3Ne,Distrust the Mantra - Go!Diva Remix,Niereich,2013,-11.316,major,2010
spotify:track:5YOam1un9Ewze7c4ZiwbD8,5YOam1un9Ewze7c4ZiwbD8,Do Not Resuscitate,Japanther,2013,-15.286,major,2010
spotify:track:0mt4GSZVS3ANsNLb6VXqBi,0mt4GSZVS3ANsNLb6VXqBi,Mike Tyson,HE$H,2018,-1.154,major,2010
spotify:track:0PbzRYGQENWvckwuaRMZJs,0PbzRYGQENWvckwuaRMZJs,Seasons of Love,Jonathan Larson,2013,-8.47,major,2010
spotify:track:0ESgReJvB4stS1OJQfrUkE,0ESgReJvB4stS1OJQfrUkE,Healing Rain Tones - Light Rain Mingles with Flutes,Native American Flute,2012,-18.721,minor,2010
spotify:track:0r61QhigETeOXpl03u1nSV,0r61QhigETeOXpl03u1nSV,Self-Inflicted Wounds,Joe Bonamassa,2018,-6.517,minor,2010
spotify:track:551qW2fhhD87T4cs8Qbb9n,551qW2fhhD87T4cs8Qbb9n,Vitamin,Kraftwerk,2017,-11.35,major,2010
spotify:track:1RnyBovIY5AbIyrmWLeLYr,1RnyBovIY5AbIyrmWLeLYr,Beginning,Terry Oldfield,2018,-17.385,major,2010
spotify:track:53HIIqV64NIKyyGllfKvzu,53HIIqV64NIKyyGllfKvzu,Both (feat. Drake & Lil Wayne) - Remix,Gucci Mane,2017,-6.567,minor,2010
spotify:track:1iOiwVWx7WggyyJA00Clj9,1iOiwVWx7WggyyJA00Clj9,Purge,Badklaat,2019,-2.715,minor,2010
spotify:track:5y4dDCPJlGpJY4HCQmbTu1,5y4dDCPJlGpJY4HCQmbTu1,Airport Music,Brian Regan,2015,-10.249,major,2010
spotify:track:2zPRVC0XXtzzT3yrDKfI7c,2zPRVC0XXtzzT3yrDKfI7c,Life That We Dream Of (City2City) - Original Mix,Brennan Heart,2014,-6.111,minor,2010
spotify:track:676asAVWh7NWlPeHlJueuH,676asAVWh7NWlPeHlJueuH,El Regreso,Ignacio Corsini,2011,-16.971,minor,2010
spotify:track:3s8PX5I01nkssrTz6rRamD,3s8PX5I01nkssrTz6rRamD,Unheard Words,Red Dons,2010,-5.694,major,2010
spotify:track:5mpOFaOFYqHQRQp2JbWEkC,5mpOFaOFYqHQRQp2JbWEkC,Yaz Dir Diri,Charlie E Os Marretas,2016,-7.946,minor,2010
spotify:track:563aEy65IigXfh0J5zvC3W,563aEy65IigXfh0J5zvC3W,My Faith In God,Yinka Ayefele,2012,-5.005,major,2010
spotify:track:4QunEuIrDNY59Wu610wKQt,4QunEuIrDNY59Wu610wKQt,Anvindr,Little Symphony,2018,-24.131,major,2010
spotify:track:7MmaUyUT4BZ34h0efprslf,7MmaUyUT4BZ34h0efprslf,Faith You Might,Kevin Garrett,2019,-12.208,major,2010
spotify:track:219c16bgpbQclXy7v6QWRy,219c16bgpbQclXy7v6QWRy,Honey And The Bee,Owl City,2011,-5.254,major,2010
spotify:track:1GgHVOGBTaR6JRPan4ciNd,1GgHVOGBTaR6JRPan4ciNd,Sahaayane,D. Imman,2012,-5.269,minor,2010
spotify:track:4UWqBkpW1HQFzaLv8DChhe,4UWqBkpW1HQFzaLv8DChhe,Refém / Só Pro Meu Prazer / Fica Combinado (Ao Vivo),Ícaro e Gilmar,2019,-7.598,major,2010
spotify:track:0LoVIdovHEU9bloct4iOJJ,0LoVIdovHEU9bloct4iOJJ,Maa Taro Garbo Zakamjol,Aishwarya Majmudar,2018,-4.816,major,2010
spotify:track:5cNL1dur9wm3f029ihq5jQ,5cNL1dur9wm3f029ihq5jQ,I'll Always (feat. Alina Renae),Nicholas Gunn,2019,-10.075,minor,2010
spotify:track:5m2tbM2w8mG76uwFgla2iF,5m2tbM2w8mG76uwFgla2iF,Every End of the Day,IU,2012,-4.482,major,2010
spotify:track:7dcx6Q9g2yBFHZa0rOLAiS,7dcx6Q9g2yBFHZa0rOLAiS,Baby Music (Breastfeeding Music),Baby Lullaby,2017,-19.545,major,2010
spotify:track:6GIuqzWlzpIDvyKs0FWD0t,6GIuqzWlzpIDvyKs0FWD0t,Tributo a Damiron,Porfi Baloa,2012,-3.703,major,2010
spotify:track:37nEQkkKgLG9ClfOZEUFvG,37nEQkkKgLG9ClfOZEUFvG,Erst aussteigen lassen - Live,Eure Mütter,2014,-7.581,major,2010
spotify:track:4mEPquRcjE0gTFoylj2b5v,4mEPquRcjE0gTFoylj2b5v,Stitches - Seeb Remix,Shawn Mendes,2015,-4.032,major,2010
spotify:track:0HYLC0Hs5vBOwdHcdChKyi,0HYLC0Hs5vBOwdHcdChKyi,Harrison Ford Escort,Mac DeMarco,2013,-12.335,major,2010
spotify:track:4DyfwshJXvmRSEy4h6Qssv,4DyfwshJXvmRSEy4h6Qssv,Stay Vicious,The Gaslight Anthem,2014,-6.412,major,2010
spotify:track:7gsRJycbeGFhvS4bR7R5k2,7gsRJycbeGFhvS4bR7R5k2,Black Roses,Barrington Levy,2012,-8.641,major,2010
spotify:track:1QcMkTKUoUqt6Srf4QviUK,1QcMkTKUoUqt6Srf4QviUK,"If Not For You - Alternate Version, New Morning",Bob Dylan,2013,-11.974,major,2010
spotify:track:5alICzyKX5qdzb0nMObRQV,5alICzyKX5qdzb0nMObRQV,Deepnights,Rick Wade,2010,-10.354,major,2010
spotify:track:76FdnuB2fPhMDYcSUuL1Xl,76FdnuB2fPhMDYcSUuL1Xl,Flesh Tour,Wand,2015,-7.698,major,2010
spotify:track:2uXGthiOzAnNgVyoGAIKTr,2uXGthiOzAnNgVyoGAIKTr,Lovejoy,Forward Strategy Group,2019,-8.851,major,2010
spotify:track:2R0eqSxBNxlKmfLjAwaj0C,2R0eqSxBNxlKmfLjAwaj0C,When The Stars Go Blue,Tim McGraw,2014,-6.686,major,2010
spotify:track:5nBG5JlmXBHJMnB9JHPqwA,5nBG5JlmXBHJMnB9JHPqwA,I Am The Way,Mississippi Mass Choir,2014,-5.979,major,2010
spotify:track:1HZvxgeGIODEjo9OLPhb1D,1HZvxgeGIODEjo9OLPhb1D,"French Suite No. 1 in D Minor, BWV 812: IV. Menuet I - V. Menuet II",Johann Sebastian Bach,2016,-25.447,major,2010
spotify:track:7djHLw3DRrDIkemd2ktKGH,7djHLw3DRrDIkemd2ktKGH,A Soft Place To Land,Kathleen Edwards,2012,-10.112,major,2010
spotify:track:3YxK7NqMCWDpmrQ82Wvx25,3YxK7NqMCWDpmrQ82Wvx25,STEP,KARA,2011,-0.883,minor,2010
spotify:track:03YZnK3XQWKpvo9TyNZzXf,03YZnK3XQWKpvo9TyNZzXf,The Emotion,BØRNS,2015,-5.515,major,2010
spotify:track:15M3aq642Q3FJQIiumsFuU,15M3aq642Q3FJQIiumsFuU,Identity,Fit For A King,2013,-4.024,major,2010
spotify:track:3uVLwtZ6QATdQ7uBIYh5GE,3uVLwtZ6QATdQ7uBIYh5GE,Götterdämmerung Muss Fliegen,Laibach,2012,-10.198,minor,2010
spotify:track:35kFg7GL288P9IK0r5oSh5,35kFg7GL288P9IK0r5oSh5,Solita (feat. Rich The Kid),PRETTYMUCH,2018,-2.728,major,2010
spotify:track:2bOVjuveLrsYgaVjzCafTJ,2bOVjuveLrsYgaVjzCafTJ,Soothing Sea Sound,Nature Sounds Nature Music,2011,-29.004,major,2010
spotify:track:7HnxBX2CZft3ZAOZwvhEWP,7HnxBX2CZft3ZAOZwvhEWP,On and Off - Original Mix,The Brainkiller,2012,-5.54,major,2010
spotify:track:5XxVNCUCqE3F0jdD5x19mv,5XxVNCUCqE3F0jdD5x19mv,I Love It When You Cry (Moxoki) - Boehm Remix,Steve Aoki,2015,-5.956,major,2010
spotify:track:0pVE0otGuUr9ya4T3p8A19,0pVE0otGuUr9ya4T3p8A19,Halfway There,ROZES,2019,-4.245,minor,2010
spotify:track:3w1XhIV4c92gQD3rRa9Gp1,3w1XhIV4c92gQD3rRa9Gp1,Toca Aquela Moda - Ao Vivo,Juliano Cezar,2017,-3.624,minor,2010
spotify:track:5VWKK5JsEMlG33lg9cHIZZ,5VWKK5JsEMlG33lg9cHIZZ,The Words,Psyko Punkz,2011,-4.135,minor,2010
spotify:track:3urIOtQzlKyqTQTVV0d7tT,3urIOtQzlKyqTQTVV0d7tT,We're Pretty Nice Guys,Spraynard,2011,-5.516,major,2010
spotify:track:5bH79DlrqPshiR1CnwhBp0,5bH79DlrqPshiR1CnwhBp0,Necrology,The Cinematic Orchestra,2012,-13.752,major,2010
spotify:track:75vfyOOFG0oKO2I82SNLOu,75vfyOOFG0oKO2I82SNLOu,Buenas Noches - Partymix,Peter Wackel,2016,-3.055,minor,2010
spotify:track:39RWgrQOBCLQH88wy0TBm9,39RWgrQOBCLQH88wy0TBm9,Sanctified,Rick Ross,2014,-6.301,major,2010
spotify:track:7FrvFPtsAFErD9sV3gq4YC,7FrvFPtsAFErD9sV3gq4YC,Reamputated,Haemorrhage,2018,-5.061,major,2010
spotify:track:6k8nfCMpU24J1oj6RrZHwP,6k8nfCMpU24J1oj6RrZHwP,Sobre el Pucho,Adriana Varela,2017,-9.912,major,2010
spotify:track:1A0FWUsihHaPmAHxZZpKbY,1A0FWUsihHaPmAHxZZpKbY,Boundless,Aero Chord,2014,-3.751,major,2010
spotify:track:6BunoFOFJ537xcmzFVvBsz,6BunoFOFJ537xcmzFVvBsz,One Leg Get Back (feat. DJ Taj),DJ LILMAN,2013,-4.612,major,2010
spotify:track:0kQLP6V9I0705rJ0yn44pN,0kQLP6V9I0705rJ0yn44pN,Hablas - Directo 2015,Vanesa Martín,2015,-4.569,major,2010
spotify:track:5c9SsAW6bvLNr4f1VILm9U,5c9SsAW6bvLNr4f1VILm9U,Sexplosion! - Sinister Mix,My Life With The Thrill Kill Kult,2016,-10.274,major,2010
spotify:track:3u8fMnyV8go0LtjHh8lU2C,3u8fMnyV8go0LtjHh8lU2C,Um dia você quebra a cara,Emílio & Eduardo,2012,-2.811,minor,2010
spotify:track:6C1lNQOCpNIbtttmEdvhAP,6C1lNQOCpNIbtttmEdvhAP,Silver Ghost,LeKtriQue,2019,-5.467,major,2010
spotify:track:4v8gaa5734AGaSJRmfOITQ,4v8gaa5734AGaSJRmfOITQ,"Tera Yaar Hoon Main - Remix(Remix By Dj Chetas,Dj Nyk)",Arijit Singh,2018,-5.044,major,2010
spotify:track:3XjVI75JjcRxFoGw3D7uzs,3XjVI75JjcRxFoGw3D7uzs,Excretion,Phobia,2019,-3.774,major,2010
spotify:track:0jJaHZ6HavHnOl4WySL29v,0jJaHZ6HavHnOl4WySL29v,Paris,Mario Crespo Martinez,2011,-5.168,minor,2010
spotify:track:3E9XZwjHOgbT8aeQngVejV,3E9XZwjHOgbT8aeQngVejV,Wear Black,Death Valley Girls,2018,-4.226,major,2010
spotify:track:5FRJ2fVYr0aIatmKvITl7D,5FRJ2fVYr0aIatmKvITl7D,Mount Fuji,Hans Zimmer,2013,-17.073,minor,2010
spotify:track:35Z5CNt0GVIAACouXzDwpO,35Z5CNt0GVIAACouXzDwpO,Lonely,TooManyLeftHands,2019,-5.698,minor,2010
spotify:track:0VBID0qr1EHN7DRYLUnCMm,0VBID0qr1EHN7DRYLUnCMm,Ledges,Noah Gundersen,2014,-5.294,major,2010
spotify:track:2jFzey7g0OhAqGjMLZZIgJ,2jFzey7g0OhAqGjMLZZIgJ,Spring 0 - 2012,Max Richter,2014,-26.583,major,2010
spotify:track:7sZsf6bK0oE4UmzsTmBfsy,7sZsf6bK0oE4UmzsTmBfsy,Back to the Stone,Woods,2012,-5.57,major,2010
spotify:track:6GT0hsZ50fyAHHdknAd314,6GT0hsZ50fyAHHdknAd314,Lucky (feat. Rudeboy),Sarkodie,2019,-5.8,major,2010
spotify:track:03NG093stJDeGXQ7zMr1wD,03NG093stJDeGXQ7zMr1wD,Spaceman On Dope - Continuous Mix,Cryogenic,2018,-3.031,minor,2010
spotify:track:3X6Y1bxgjHOLOc4JwQoOir,3X6Y1bxgjHOLOc4JwQoOir,Come Back and Stay - Reloaded,Bad Boys Blue,2015,-8.675,minor,2010
spotify:track:6xpxh32vZI09GIVUc9j801,6xpxh32vZI09GIVUc9j801,"Mazurka in A Minor, Op. 17 No. 4",Frédéric Chopin,2012,-42.117,minor,2010
spotify:track:2b8fOow8UzyDFAE27YhOZM,2b8fOow8UzyDFAE27YhOZM,Memories,Maroon 5,2019,-7.209,major,2010
spotify:track:7gYELh19qayLcg01t39Du6,7gYELh19qayLcg01t39Du6,No Turning Back - Edit,Tosel & Hale,2017,-7.73,minor,2010
spotify:track:1CAm53ni8TxbgsPBp9VJTJ,1CAm53ni8TxbgsPBp9VJTJ,No Love Inna Dem,I-Octane,2011,-3.674,minor,2010
spotify:track:0rEd2llaAyEGyHJvQgTqnl,0rEd2llaAyEGyHJvQgTqnl,For Whom We Have Lost,Hate Eternal,2018,-7.528,major,2010
spotify:track:1Ttu1mnmOLXeE5WE4BVmwv,1Ttu1mnmOLXeE5WE4BVmwv,Sandy Beach,Ocean Waves For Sleep,2019,-13.68,minor,2010
spotify:track:4P1MWVYH9isILB1MUSD0Nf,4P1MWVYH9isILB1MUSD0Nf,Gorehound - Live,Harley Poe,2018,-10.05,minor,2010
spotify:track:3H8DZnQ3oSz3WacjNPMGx2,3H8DZnQ3oSz3WacjNPMGx2,Witchdoctor,Camo & Krooked,2017,-2.557,major,2010
spotify:track:5s6w6LGupX78gmYBnD6PyX,5s6w6LGupX78gmYBnD6PyX,Angel,Zack Knight,2019,-4.843,minor,2010
spotify:track:0hLchV2Q7K5CjgtDhpx6Wh,0hLchV2Q7K5CjgtDhpx6Wh,"A Spoonful of Sugar - From ""Mary Poppins""",Julie Andrews,2013,-12.022,major,2010
spotify:track:3kMeE1blR28hmamxMvBQTQ,3kMeE1blR28hmamxMvBQTQ,Go with the Flow,Lika Morgan,2018,-4.383,major,2010
spotify:track:0ELc0jkgkqGOWPJXhNzakf,0ELc0jkgkqGOWPJXhNzakf,% of Assholes,Shane Mauss,2015,-13.285,minor,2010
spotify:track:24kWau8UWGW1pIv1KOjnMQ,24kWau8UWGW1pIv1KOjnMQ,Go Away - Live,Delain,2014,-4.701,major,2010
spotify:track:3KnDUoMDkYgjsgnT9eWNtq,3KnDUoMDkYgjsgnT9eWNtq,Lights & Thunder - Club Mix,Gareth Emery,2014,-4.654,minor,2010
spotify:track:52aDyFSnsNPIWHVkEisYAm,52aDyFSnsNPIWHVkEisYAm,Maximum,Claptone,2011,-10.898,minor,2010
spotify:track:1W25Xpe8xjZdEvs3EQKWHt,1W25Xpe8xjZdEvs3EQKWHt,Leg Leg Legre Lega,Dillip,2014,-11.141,minor,2010
spotify:track:2NDfsPOBVcwkUHSkrcIC4W,2NDfsPOBVcwkUHSkrcIC4W,Appendage,Axel Karakasis,2010,-6.759,minor,2010
spotify:track:1AURqIgJsZcFRNfp1GQOdN,1AURqIgJsZcFRNfp1GQOdN,Murder,Danger Incorporated,2017,-7.11,major,2010
spotify:track:2gkLzX0In0QHAarRLYRycy,2gkLzX0In0QHAarRLYRycy,Blue Soul,Mop Mop,2010,-8.586,minor,2010
spotify:track:2Xy70dR13cwhYonUizicYX,2Xy70dR13cwhYonUizicYX,Hijo del Viento - Vivo,Renacer,2011,-4.929,major,2010
spotify:track:1m6Wi44kjgTXl52CR8zjQz,1m6Wi44kjgTXl52CR8zjQz,DJ Cotty Deep Sensations Episode 1,DJ Cotty,2015,-5.978,major,2010
spotify:track:4GrahEzlXKx3n2COPs1rJi,4GrahEzlXKx3n2COPs1rJi,Are You Ready,Hankook,2019,-6.262,minor,2010
spotify:track:6IdNuj6pWLN76MiL45T85C,6IdNuj6pWLN76MiL45T85C,Endless Rain,John Adorney,2012,-10.997,major,2010
spotify:track:74fifnaC8hSSGZlqsGVyIY,74fifnaC8hSSGZlqsGVyIY,A Hanging,Gama Bomb,2018,-4.278,minor,2010
spotify:track:38ovHPD0Ock7QpiaiO2AhE,38ovHPD0Ock7QpiaiO2AhE,Fly To New York,Above & Beyond,2015,-8.93,major,2010
spotify:track:1bvERTuePaoVjQ3NpJq9aH,1bvERTuePaoVjQ3NpJq9aH,June Hymn,The Decemberists,2011,-6.407,major,2010
spotify:track:53sUmKl4csL6hiaAux29MG,53sUmKl4csL6hiaAux29MG,Jesus Is Just Alright (with Casey James),The Doobie Brothers,2014,-5.008,minor,2010
spotify:track:6EYXGlB53iHKwYFcjU7hBd,6EYXGlB53iHKwYFcjU7hBd,Viva Intensamente - Ao Vivo,Gusttavo Lima,2011,-4.842,major,2010
spotify:track:2YVUybKmCcLOMcONVBf1yF,2YVUybKmCcLOMcONVBf1yF,We're Fighting Again,Flatsound,2011,-12.211,major,2010
spotify:track:020ljSU54GRVxKX0A9yKc0,020ljSU54GRVxKX0A9yKc0,Eden's House (feat. Ladysmith Black Mambazo),Milky Chance,2019,-10.794,major,2010
spotify:track:73kjGhSHWkbqgMIlCXCCGi,73kjGhSHWkbqgMIlCXCCGi,Shot Down,Night Beats,2019,-9.242,major,2010
spotify:track:2HGeIYpOrU9u5UR9Z98mx9,2HGeIYpOrU9u5UR9Z98mx9,EveryWhen - Bonus Track,Hammock,2011,-17.806,minor,2010
spotify:track:4P2f9ghJlsrWv4CdJId4jh,4P2f9ghJlsrWv4CdJId4jh,Asylum Cave,Benighted,2012,-4.568,major,2010
spotify:track:4dDkTU9X0tfJr1IOlO3pJk,4dDkTU9X0tfJr1IOlO3pJk,Sweet Beulah Land,Liberty Quartet,2014,-10.538,major,2010
spotify:track:7wcezlPS0mPgBW7XiXu2WO,7wcezlPS0mPgBW7XiXu2WO,Fake,Wehbba,2017,-7.757,major,2010
spotify:track:1x1NTUH1QUJEiBnkAMy0Mq,1x1NTUH1QUJEiBnkAMy0Mq,A Greater Foundation,As I Lay Dying,2012,-3.234,minor,2010
spotify:track:2rc4EmeU8VUsZFbmD3ITQy,2rc4EmeU8VUsZFbmD3ITQy,Sexo Drogas Crianças,Terror Revolucionário,2019,-5.08,major,2010
spotify:track:2CuQTL7T1yyfW5wzRQhERQ,2CuQTL7T1yyfW5wzRQhERQ,Guardian Angel,Bryn Terfel,2012,-11.711,major,2010
spotify:track:5bYo3qdlmcdZ5TDfzgJRTh,5bYo3qdlmcdZ5TDfzgJRTh,Goroxxx,Gabber Modus Operandi,2018,-4.857,minor,2010
spotify:track:2x319gl9ALUwk1EsIXUXJu,2x319gl9ALUwk1EsIXUXJu,"Brahms: Violin Concerto in D Major, Op. 77: I. Allegro non troppo",Johannes Brahms,2015,-16.522,major,2010
spotify:track:0YHjjt58GxQnuRhlVRp2mz,0YHjjt58GxQnuRhlVRp2mz,14 Bottles of Water,Brique a Braq,2015,-21.106,minor,2010
spotify:track:5EwO5EJxuxJeGbD3sahokc,5EwO5EJxuxJeGbD3sahokc,Breathless,Steelwing,2012,-3.61,minor,2010
spotify:track:41MgjeAXYgKlE4fzysMzwK,41MgjeAXYgKlE4fzysMzwK,Emancipate - Noel Sanger's Dissident Remix,AK1200,2010,-4.965,minor,2010
spotify:track:78Btx0bTuZJrINMbjj3s8p,78Btx0bTuZJrINMbjj3s8p,Slim Thing,SiM,2014,-3.209,major,2010
spotify:track:4peLx24VB85kGLXD2WfaC3,4peLx24VB85kGLXD2WfaC3,Shook Down,Yuck,2011,-6.364,major,2010
spotify:track:5PII2KVAVyfhyiDsZuyVAH,5PII2KVAVyfhyiDsZuyVAH,Nature's Lullaby for Spa and Relaxation,Sleep Baby Sleep,2010,-16.652,major,2010
spotify:track:34QUDV3U36yrEJyPBFNZmR,34QUDV3U36yrEJyPBFNZmR,Ana Lē Seanoa 'oe,Punialava’a,2018,-5.396,major,2010
spotify:track:4bk1Dy7KfUJcWGogj9C9Bb,4bk1Dy7KfUJcWGogj9C9Bb,Queen of the Underground - Kohib Remix,Flunk,2013,-10.935,minor,2010
spotify:track:3dX9GiNm7AJHb0CopqS4HT,3dX9GiNm7AJHb0CopqS4HT,"Der blutige und sterbende Jesus, Pt. 2: No. 10, Drum so lass ihn ruhig sein",Reinhard Keiser,2019,-26.379,major,2010
spotify:track:5pi3hc4CJiQYaylkX8pXNu,5pi3hc4CJiQYaylkX8pXNu,Too Close VIP,Wilkinson,2014,-3.089,major,2010
spotify:track:1kr556vF1NiLfkq5xOswbu,1kr556vF1NiLfkq5xOswbu,Totla Mad,Periphery,2010,-4.443,major,2010
spotify:track:4bv3f4z27By49AbtqYO3mq,4bv3f4z27By49AbtqYO3mq,Mobbin,Grandtheft,2013,-4.058,major,2010
spotify:track:0v0MJOpQf6OwdPQzG8lECW,0v0MJOpQf6OwdPQzG8lECW,Nothing is Lacking,Parijat,2010,-20.814,minor,2010
spotify:track:1R5KbQxN4CBxNJk6FPn1a8,1R5KbQxN4CBxNJk6FPn1a8,Amar Aponar Cheye,Kaushiki Chakraborty,2013,-4.161,minor,2010
spotify:track:5iE1kLZ5WkcNYsVvaarrOT,5iE1kLZ5WkcNYsVvaarrOT,2 LOVIN U,DJ Premier,2017,-5.456,major,2010
spotify:track:0DdbiN1gW1t4MU7tQ91eTW,0DdbiN1gW1t4MU7tQ91eTW,Baram X 3,TAEYEON,2018,-3.998,major,2010
spotify:track:6Pg2d0AVVP63OPF6COHll6,6Pg2d0AVVP63OPF6COHll6,I Am Yours,Andy Grammer,2019,-9.747,major,2010
spotify:track:7153oZRhIkzSl4RS41TSbv,7153oZRhIkzSl4RS41TSbv,Que Nem a Gente,Caê,2012,-10.315,minor,2010
spotify:track:37UkrEhBfG1MnHSglP1NxX,37UkrEhBfG1MnHSglP1NxX,A La Guardia Nueva,Aníbal Troilo,2018,-17.816,major,2010
spotify:track:5wrUhNa2l70u61piIlMfis,5wrUhNa2l70u61piIlMfis,The First Time That I Did Acid Was the Last Time That I Did Acid,Teenage Bottlerocket,2019,-3.534,minor,2010
spotify:track:09fXNqFOI4WhygekbqKH6i,09fXNqFOI4WhygekbqKH6i,Swag Se Swagat - Arabic Version,Vishal-Shekhar,2017,-9.293,major,2010
spotify:track:1mBx8G3GBajrV0eTeYQshc,1mBx8G3GBajrV0eTeYQshc,Quem Ensinou Fui Eu,Maiara & Maraisa,2018,-4.183,major,2010
spotify:track:7q0OGG60Em2wwPNDpBFPGy,7q0OGG60Em2wwPNDpBFPGy,Broken Clouds,Gaussian Curve,2015,-18.581,minor,2010
spotify:track:2hgRjyepPLas49xKKQau2E,2hgRjyepPLas49xKKQau2E,Who Do You Love,Lee Fields & The Expressions,2012,-9.2,major,2010
spotify:track:7a39ig26GCF7qtBsMCQDZ3,7a39ig26GCF7qtBsMCQDZ3,Hol Mich Heim,Spotlight Musicals,2012,-7.726,major,2010
spotify:track:3AjmnzdVpa6kvcqkA6KGP9,3AjmnzdVpa6kvcqkA6KGP9,Durch die Nacht,Edo Saiya,2019,-14.228,minor,2010
spotify:track:4MfCOEOBpf2vkdYYXm3wSW,4MfCOEOBpf2vkdYYXm3wSW,Decime Dios Donde Estás - Remastered,Tita Merello,2019,-9.148,major,2010
spotify:track:2OVsKlm8jA7iE08Hn78pSR,2OVsKlm8jA7iE08Hn78pSR,Into the Black,Like Moths To Flames,2019,-2.3,major,2010
spotify:track:2T1OgnCnRWulJPXYhXqwNt,2T1OgnCnRWulJPXYhXqwNt,XO Tour Llif3,Driveways,2017,-4.695,minor,2010
spotify:track:03yv66Fmwd6d7pJsHe7mQN,03yv66Fmwd6d7pJsHe7mQN,Brown Line,Roger Rivas,2014,-7.834,major,2010
spotify:track:4YKVX9lKjM7WNjfNJ1RBwc,4YKVX9lKjM7WNjfNJ1RBwc,Swing We a Swing,Ernest Ranglin,2013,-15.685,major,2010
spotify:track:4QonXqjNiT2KXPkTkZy3tD,4QonXqjNiT2KXPkTkZy3tD,Breathin' (feat. Cara Hughes),Bortharm,2016,-2.658,major,2010
spotify:track:6TToFNHZFkepcSN144eQi8,6TToFNHZFkepcSN144eQi8,Fluid Mechanics,Reso,2017,-8.295,minor,2010
spotify:track:3VGJSs5CU8sNlqmW3EGmKs,3VGJSs5CU8sNlqmW3EGmKs,Golden Earrings,Jan Lundgren Trio,2016,-19.21,minor,2010
spotify:track:1sebwCkY0FfdpO4vPZitek,1sebwCkY0FfdpO4vPZitek,Comandante,Rantanplan,2010,-5.094,minor,2010
spotify:track:6hLZEavmYC3UKD1AUK0wAA,6hLZEavmYC3UKD1AUK0wAA,Saga of Norse-Gaelicsea (For Classical Guitar),Andrei Krylov,2015,-14.925,minor,2010
spotify:track:32qoFSMb3REg07V2Q7ZR5M,32qoFSMb3REg07V2Q7ZR5M,Brustschwimmen - Live,Eure Mütter,2014,-5.884,minor,2010
spotify:track:14s0rY1vjv2RJC5RaGz0ng,14s0rY1vjv2RJC5RaGz0ng,Swanheart - Live,Nightwish,2019,-15.69,major,2010
spotify:track:5Jdwzkjcn8Jkb6lfHXgnl3,5Jdwzkjcn8Jkb6lfHXgnl3,This Look,Jim Gaffigan,2017,-11.129,major,2010
spotify:track:18YCZgBpjvd7OiDzlqffj9,18YCZgBpjvd7OiDzlqffj9,Ríe Cuando Puedas,El Chojin,2015,-12.814,major,2010
spotify:track:4v9x6a7kTu2F86NwwDmxqU,4v9x6a7kTu2F86NwwDmxqU,Deus Me Proteja - Ao Vivo,Mariene De Castro,2019,-7.313,major,2010
spotify:track:4ABVNlD1FYhiIlytcGlcNs,4ABVNlD1FYhiIlytcGlcNs,ROCKBOUND,ANTHEM,2011,-3.748,minor,2010
spotify:track:5nAH0aObw7PcmQP0VUKKc1,5nAH0aObw7PcmQP0VUKKc1,Your Young Voice,King Creosote,2012,-21.201,minor,2010
spotify:track:7q5vts1RGPx2nfhZLHz9mI,7q5vts1RGPx2nfhZLHz9mI,See the Country,The Babies,2012,-7.342,major,2010
spotify:track:3iby14G3x8Hyfdm0gHvoQz,3iby14G3x8Hyfdm0gHvoQz,Ajuda-Me Senhor,Riverson Vianna,2010,-8.414,minor,2010
spotify:track:7eOE69tHFun9xJXgtji5sD,7eOE69tHFun9xJXgtji5sD,Send In The Clowns,André Rieu,2013,-13.097,major,2010
spotify:track:6JFwZOTevkE4YKlg4jYLx0,6JFwZOTevkE4YKlg4jYLx0,Espelho,João Nogueira,2013,-8.722,major,2010
spotify:track:5zdlOtDnZXxfDswaiGgPHU,5zdlOtDnZXxfDswaiGgPHU,Metallo - Original Mix,Frankyeffe,2013,-11.113,major,2010
spotify:track:5unCDNq3pSSaW30RkPZV2U,5unCDNq3pSSaW30RkPZV2U,Yes You Can - Radio Edit,Marvin Sapp,2016,-4.619,major,2010
spotify:track:5EPte9fPlPXQo6dd3hwFZW,5EPte9fPlPXQo6dd3hwFZW,Circle of Power,Soundgarden,2017,-4.073,minor,2010
spotify:track:5EH5nFFYjvyYQnY6Mj4Ytd,5EH5nFFYjvyYQnY6Mj4Ytd,Voyeur Amateur,Nudozurdo,2017,-6.59,major,2010
spotify:track:0PQPTqHk2igZ5YtWXGolqh,0PQPTqHk2igZ5YtWXGolqh,Huvudet I Sanden-Principen,Livet som insats,2011,-6.17,major,2010
spotify:track:3SOl3JoXuk23TC6TdRUNsk,3SOl3JoXuk23TC6TdRUNsk,Stripy Pyjamas,The Jamborees,2011,-14.687,major,2010
spotify:track:0Y2jrnNHAUEAOpsXT2x5d3,0Y2jrnNHAUEAOpsXT2x5d3,Caravan,Bill Haley & His Comets,2011,-13.785,major,2010
spotify:track:2268brILMTKcWwuPvaTCpm,2268brILMTKcWwuPvaTCpm,AM Country Heaven,Jason Eady,2013,-14.114,major,2010
spotify:track:3BGKken3cSEdd9Fn2jMtaZ,3BGKken3cSEdd9Fn2jMtaZ,Keep On Fighting,Blizard,2013,-2.953,major,2010
spotify:track:63z5UkLoeZBfoHKKV47fq0,63z5UkLoeZBfoHKKV47fq0,Bug Buzz - Spoonhead Remix,Amb,2012,-7.207,major,2010
spotify:track:6AOhLUvIj1LO4U7RZYRiEZ,6AOhLUvIj1LO4U7RZYRiEZ,Children of the Night - Hashtag Club,Krafty Kuts,2013,-5.087,minor,2010
spotify:track:3XCjHy2ZpnMuOasj9LF3oD,3XCjHy2ZpnMuOasj9LF3oD,Journey on the Nile Part 1,Claude-Michel Schönberg,2011,-12.069,major,2010
spotify:track:3NXVe8Y7RtL03Ku6NYGoUe,3NXVe8Y7RtL03Ku6NYGoUe,I Love You (Yes I Do),Lovelites,2012,-8.738,minor,2010
spotify:track:1on6Elq4KfQy26J6ORKTZR,1on6Elq4KfQy26J6ORKTZR,Disappointed,Stewart Huff,2011,-6.03,major,2010
spotify:track:3hwzhBQeR7T7jt16NL83YU,3hwzhBQeR7T7jt16NL83YU,Chicago Girl,The New Mastersounds,2018,-8.146,major,2010
spotify:track:09TcIuH1ZO7i4vicWKoaN2,09TcIuH1ZO7i4vicWKoaN2,Papaoutai,Stromae,2013,-7.222,minor,2010
spotify:track:2KPArN1RoKMiulqWzFjBer,2KPArN1RoKMiulqWzFjBer,Cracks - Flux Pavilion Remix,Freestylers,2012,-6.664,minor,2010
spotify:track:3iCM7R8qk87NfcVdEForCi,3iCM7R8qk87NfcVdEForCi,War Nerve - Live '98,Pantera,2016,-5.174,major,2010
spotify:track:43ui4KeuMtuv3Tj6wxv9SW,43ui4KeuMtuv3Tj6wxv9SW,Dame Reggeaton,Lucenzo,2011,-3.658,major,2010
spotify:track:4wfJt0r7lGcC8Fd28Wkr4f,4wfJt0r7lGcC8Fd28Wkr4f,Sun Comes Out,Hallman,2019,-6.189,major,2010
spotify:track:1zZppRWwOYyM3uAkkEDiEC,1zZppRWwOYyM3uAkkEDiEC,Quiero,Hijos De Barron,2016,-4.463,major,2010
spotify:track:52aY4RyohRoXoWfk7kQS0p,52aY4RyohRoXoWfk7kQS0p,Walls Mmxv,White Ward,2016,-5.68,minor,2010
spotify:track:4udlZkMAIyKsx4PZefD4Yb,4udlZkMAIyKsx4PZefD4Yb,Doctor Whomst,Origami Angel,2019,-2.465,major,2010
spotify:track:6JVAF5uplh69P3b1hH92bI,6JVAF5uplh69P3b1hH92bI,Beautiful Thoughts,Robert Haig Coxon,2011,-21.653,minor,2010
spotify:track:76eTF1UDrcgxtvW8nE7xOx,76eTF1UDrcgxtvW8nE7xOx,Gakugeikai,RADWIMPS,2011,-2.994,minor,2010
spotify:track:4j6XP3V95njpFk6dJ7xLBP,4j6XP3V95njpFk6dJ7xLBP,Zenci,LOKO BEN,2018,-4.504,major,2010
spotify:track:0rWxBVyw8OYhzG062YzeOn,0rWxBVyw8OYhzG062YzeOn,A Different Time,Phaeleh,2013,-11.624,minor,2010
spotify:track:5Whmxb8uv9XCLz0daWbOVr,5Whmxb8uv9XCLz0daWbOVr,Forbidden Fruit,Kandace Springs,2014,-12.073,minor,2010
spotify:track:7Cd5GZuY4MRSkYovVtEa7Y,7Cd5GZuY4MRSkYovVtEa7Y,Don't Touch Me,Ceremony,2010,-4.061,major,2010
spotify:track:7zIHLrcuKNV2ZyMD3NiRxc,7zIHLrcuKNV2ZyMD3NiRxc,Symptoms + Cures,Comeback Kid,2011,-4.351,minor,2010
spotify:track:1jUhGlGqCa3fQAAlAA9c8x,1jUhGlGqCa3fQAAlAA9c8x,External,Insult,2012,-5.707,minor,2010
spotify:track:5IedWgRNbouHeBIIbkmMQL,5IedWgRNbouHeBIIbkmMQL,Come Through,Spaz,2018,-10.878,minor,2010
spotify:track:6aqN7Q1HMT5X06htqOl0wQ,6aqN7Q1HMT5X06htqOl0wQ,Keep On Dancing,Doctor P,2012,-2.48,minor,2010
spotify:track:54HH6itV0RExScGobZWpn4,54HH6itV0RExScGobZWpn4,Yo Soy Nueva York,Michael Stuart,2018,-4.765,minor,2010
spotify:track:0ZnimFEb14Ciz5dvQJAQ3k,0ZnimFEb14Ciz5dvQJAQ3k,Take Me Back - 2010 Remix,Taio Cruz,2010,-3.375,major,2010
spotify:track:2rUOIoUsISYzIDLCN83do8,2rUOIoUsISYzIDLCN83do8,Down the Mississippi,The Dad Horse Experience,2017,-11.68,minor,2010
spotify:track:3NN6xge8KhjxSqnW4FOI3f,3NN6xge8KhjxSqnW4FOI3f,Next to Me,Assuming We Survive,2016,-9.278,major,2010
spotify:track:4aC3swB07E2UgNvQ2ZNAnp,4aC3swB07E2UgNvQ2ZNAnp,Lobo Domesticado,Tommy Olivencia,2013,-7.627,major,2010
spotify:track:6goj2dKQJ3Ur0UdU2kPwHK,6goj2dKQJ3Ur0UdU2kPwHK,Hari Om Tat Sai Namha Shivaya,Anuradha Paudwal,2012,-8.394,major,2010
spotify:track:0yMzAnObm6Pyvh1S8CXeOT,0yMzAnObm6Pyvh1S8CXeOT,Ta de Sacanagem - Ao Vivo,Cacio & Marcos,2013,-2.086,minor,2010
spotify:track:0672Q9T42tdcnFbUpsrPgV,0672Q9T42tdcnFbUpsrPgV,Gimme Love - Radio Edit,Noisecontrollers,2012,-5.413,minor,2010
spotify:track:6T7xC3rDjOCkMkvcFVdu6Z,6T7xC3rDjOCkMkvcFVdu6Z,Fangs,Matt Champion,2017,-9.116,minor,2010
spotify:track:28aUFtkMnJaqNQkLHR0weV,28aUFtkMnJaqNQkLHR0weV,Show das Poderosas,Anitta,2013,-7.857,minor,2010
spotify:track:1GawWWLDVzbhomiVmwMB0A,1GawWWLDVzbhomiVmwMB0A,Querkraft,Rome,2011,-8.646,minor,2010
spotify:track:0s2HlRZzjWlhmfLdp4rDEy,0s2HlRZzjWlhmfLdp4rDEy,Gettin' It Done,Ross from Friends,2017,-11.501,minor,2010
spotify:track:0FgjttxheMlDwZ0iqPKUYr,0FgjttxheMlDwZ0iqPKUYr,Silver Bells (feat. Naturally 7),Michael Bublé,2012,-10.437,major,2010
spotify:track:6hWqbXyJwA27WsSMQrvVH8,6hWqbXyJwA27WsSMQrvVH8,Reasons,"Earth, Wind & Fire",2014,-10.227,major,2010
spotify:track:1OJNIetvlMxKun4FTwRQoV,1OJNIetvlMxKun4FTwRQoV,Haifisch - RMX By Hurts,Rammstein,2011,-7.721,major,2010
spotify:track:3YbujGuTS3HUdnRxfjHi3N,3YbujGuTS3HUdnRxfjHi3N,Happy Song - Radio Edit,Cut La Roc,2012,-5.321,major,2010
spotify:track:3X7JoAs3hOBfsvX6GytyaF,3X7JoAs3hOBfsvX6GytyaF,Hustler's Lament,Rick Wade,2013,-9.341,major,2010
spotify:track:5woBBzAunFjbWEAnmkspeG,5woBBzAunFjbWEAnmkspeG,Corazón Loco (Cuore Mato),Cesar Costa,2012,-8.819,minor,2010
spotify:track:78xKhz3fExi9VgOJHRwKiK,78xKhz3fExi9VgOJHRwKiK,Devil's Bride,Matt Andersen,2013,-9.333,major,2010
spotify:track:2yTtB554djGbfa7YpwSI4P,2yTtB554djGbfa7YpwSI4P,"Spune Tu, Vant",Bucovina,2013,-5.74,minor,2010
spotify:track:4IQWSF4Ig0eW2lwE5nfcfU,4IQWSF4Ig0eW2lwE5nfcfU,Blue Jay House,Guided By Voices,2019,-5.441,major,2010
spotify:track:0k0LB9clVp17J75O4gWPAl,0k0LB9clVp17J75O4gWPAl,Diamond Sky - Vip (feat. Laura Brehm),Elliot Berger,2016,-6.799,minor,2010
spotify:track:5ZQjRmlCaM6VN3i115AGO2,5ZQjRmlCaM6VN3i115AGO2,The Sky & The Dawn & The Sun,Celtic Woman,2016,-8.675,major,2010
spotify:track:4J6tV8auDoaCS1iAnD0IRK,4J6tV8auDoaCS1iAnD0IRK,Lifetime,GusGus,2018,-8.919,minor,2010
spotify:track:6Lr5kGA0JsAwGjmN4oaJYc,6Lr5kGA0JsAwGjmN4oaJYc,Slutmouth,Girlpool,2014,-7.115,major,2010
spotify:track:0Y9ZdYgDxGP0g27EwPLjuc,0Y9ZdYgDxGP0g27EwPLjuc,Fetiche - Ao Vivo,Felipe Araújo,2019,-5.437,major,2010
spotify:track:2rxnYE4maGIVSFiLKrSbmh,2rxnYE4maGIVSFiLKrSbmh,He Could Never Do Better Than Me,Papithbk,2018,-10.513,minor,2010
spotify:track:2253QdbsI5VsLdiBuA9rWW,2253QdbsI5VsLdiBuA9rWW,Dark Angel,Beach Bums,2019,-10.146,major,2010
spotify:track:5mdqUViEosaEjJEZYirD46,5mdqUViEosaEjJEZYirD46,Getting Through - 2016 Remaster,The Cars,2017,-5.329,major,2010
spotify:track:4ywZ7mVmlme6sq5O8vU00V,4ywZ7mVmlme6sq5O8vU00V,"Present, Future, And Past",We Came As Romans,2013,-3.758,minor,2010
spotify:track:6NsNOf1RBVErTqrHEFYjQ4,6NsNOf1RBVErTqrHEFYjQ4,Hallelujah (feat. Choir! Choir! Choir!),Rufus Wainwright,2016,-10.77,minor,2010
spotify:track:0CatsnUI5SqCroxE2S4KMd,0CatsnUI5SqCroxE2S4KMd,Far from the Fame,Sabaton,2014,-4.771,major,2010
spotify:track:4fl1yYrGNoGE1cGsnPROhT,4fl1yYrGNoGE1cGsnPROhT,BonusBattle vs. FEAR,Aytee,2015,-4.3,major,2010
spotify:track:6z9xjbuH7cN4D6abmD0G7C,6z9xjbuH7cN4D6abmD0G7C,"Set Phasers To Stun - Live From Orensanz, New York, NY / 2010",Taking Back Sunday,2010,-7.392,minor,2010
spotify:track:3cr2xQbXPIqopvcFtVayiB,3cr2xQbXPIqopvcFtVayiB,Biggie Bounce,Diplo,2013,-3.591,major,2010
spotify:track:30Fe5CwSLxMb8LieXoBqMD,30Fe5CwSLxMb8LieXoBqMD,Something In My Heart - Prologue,Röyksopp,2014,-10.437,minor,2010
spotify:track:4wNNfQVWzDcfrM5mxBBGRy,4wNNfQVWzDcfrM5mxBBGRy,Caipira de Fato,João Carreiro,2017,-6.516,major,2010
spotify:track:32jAhr7Bwg5VpEgXawZR0n,32jAhr7Bwg5VpEgXawZR0n,Danza del Molinero (Farruca),Narciso Yepes,2014,-25.818,minor,2010
spotify:track:4Cm51VOGs75ik79YMpJykG,4Cm51VOGs75ik79YMpJykG,Fake News - Ao Vivo,Gustavo Mioto,2019,-3.187,major,2010
spotify:track:2JzjJXF1FbbSWaphUxTUFS,2JzjJXF1FbbSWaphUxTUFS,John Cage,Ross from Friends,2018,-9.753,minor,2010
spotify:track:7JPzVeE1AobA2hlqJzOHbg,7JPzVeE1AobA2hlqJzOHbg,Tomorrow,Lisa Loeb,2017,-9.421,major,2010
spotify:track:5QGn38wP7Tvgpx3pqIIitC,5QGn38wP7Tvgpx3pqIIitC,Sou Mara,Mara Pavanelly,2018,-3.46,minor,2010
spotify:track:2ctqM0ojcgGKGxszNSWEKh,2ctqM0ojcgGKGxszNSWEKh,You & Me - _rhl Remix,Dualist Inquiry,2018,-8.945,major,2010
spotify:track:0GY7NcJFmgR2lVujtbic4r,0GY7NcJFmgR2lVujtbic4r,I like Chopin (original mix),Joonas Hahmo,2011,-9.648,major,2010
spotify:track:1OQ1vh5a4CbyZsFHKbF5tc,1OQ1vh5a4CbyZsFHKbF5tc,Love That I Need,SUPER JUNIOR-D&E,2015,-5.055,major,2010
spotify:track:7pc8hEIEaBvMouHhI8mlqC,7pc8hEIEaBvMouHhI8mlqC,Trust,Gold Panda,2013,-8.336,major,2010
spotify:track:1mttt4wQRkPNzYfqJppuVb,1mttt4wQRkPNzYfqJppuVb,Wistful Summer,Dot Allison,2012,-12.709,major,2010
spotify:track:24Pfdpc8eA4YUfJThSLWMz,24Pfdpc8eA4YUfJThSLWMz,Passa Esse Modão - Ao Vivo,Jorge & Mateus,2012,-3.892,major,2010
spotify:track:048mri6WyEH7cPHHJ9wFH2,048mri6WyEH7cPHHJ9wFH2,Once Upon A Time,7 Skies,2017,-3.718,major,2010
spotify:track:7JcKcgaw1hKGv6fhh2Xc5J,7JcKcgaw1hKGv6fhh2Xc5J,Sigrlinn,Leaves' Eyes,2011,-4.492,major,2010
spotify:track:0K0WsAaCm3wQeAJcPkbm7q,0K0WsAaCm3wQeAJcPkbm7q,Right Here Right Now (Neon) - Extended Mix,Sander van Doorn,2014,-5.035,major,2010
spotify:track:2kFXsd3hTuvY6mGKwUvNVS,2kFXsd3hTuvY6mGKwUvNVS,Expect The Unexpected,Kingdom Heirs,2013,-4.703,major,2010
spotify:track:2NiSrKscpHnAj0z4pQZV5t,2NiSrKscpHnAj0z4pQZV5t,Jack - Radio Edit,Breach,2013,-7.056,major,2010
spotify:track:4ajmJhzoZ8JcWtkmU3aSyy,4ajmJhzoZ8JcWtkmU3aSyy,Sad Story (Out Of Luck),Merk & Kremont,2017,-4.193,minor,2010
spotify:track:56LMbEuml4VIWuYg7y1ffv,56LMbEuml4VIWuYg7y1ffv,Stories,Hyve,2016,-9.857,major,2010
spotify:track:44AKL3jMuKFhtpMaBlhsKQ,44AKL3jMuKFhtpMaBlhsKQ,Coming Through the Pines,Blackfoot Gypsies,2010,-5.833,major,2010
spotify:track:1BsCq2fxpa1llb73lDdgw5,1BsCq2fxpa1llb73lDdgw5,With You,ILLENIUM,2016,-5.934,major,2010
spotify:track:4QKwaKiNCGPluu9FEIS49b,4QKwaKiNCGPluu9FEIS49b,Napping With Feathered Ones - Light Bird Sounds & Native American Flute,Native American Flute,2012,-14.838,minor,2010
spotify:track:0jiDI3NJJ9feL4bcSzVZIP,0jiDI3NJJ9feL4bcSzVZIP,Through Missing You,Will Hoge,2016,-12.517,major,2010
spotify:track:2C8CuunuFWabE91bs9R3Qe,2C8CuunuFWabE91bs9R3Qe,Sensation of Love - Vocal Version,Ryan Paris,2017,-8.263,major,2010
spotify:track:6Znnu1dL3RW5fNKBoICfQM,6Znnu1dL3RW5fNKBoICfQM,Журавли,Vladimir Troshin,2014,-15.511,minor,2010
spotify:track:2tSatQEsMRF3K8rk4Lh4At,2tSatQEsMRF3K8rk4Lh4At,Love Is Always the Answer,George Skaroulis,2013,-22.321,major,2010
spotify:track:07g7ScEYRHczR8sO9MNu2r,07g7ScEYRHczR8sO9MNu2r,"Seigneur, mon secours",Emmanuel Music,2011,-9.876,major,2010
spotify:track:66i2ZAu3gzijnljJc68lYc,66i2ZAu3gzijnljJc68lYc,Medley,Sandra Mbuyi,2018,-4.016,major,2010
spotify:track:5KSyHmwRdLrIxLWsQA1SeU,5KSyHmwRdLrIxLWsQA1SeU,Shallow Water,Wild Nothing,2018,-7.615,major,2010
spotify:track:10uMc8qQFUKmtZt3lnqlyX,10uMc8qQFUKmtZt3lnqlyX,Avion an pral dekole,Les Freres Parents,2016,-7.913,major,2010
spotify:track:4ShMTKXex9FTogbRxbDxNF,4ShMTKXex9FTogbRxbDxNF,Stay Down,Freddie Gibbs,2012,-2.827,minor,2010
spotify:track:4S3gJRP2NP2mNTiDfrdg6c,4S3gJRP2NP2mNTiDfrdg6c,Hypernova - Stephan Bodzin Remix,Marc Romboy,2015,-10.185,minor,2010
spotify:track:7mlVgYQPZUe123IVOkIUkU,7mlVgYQPZUe123IVOkIUkU,Bhajare Yadunatham - Peelu - Adi,T. H. Subramaniam,2012,-7.1,major,2010
spotify:track:5BNo5Gh9L7dqa4xthE4Hfv,5BNo5Gh9L7dqa4xthE4Hfv,La Calle Linda,Pirulo y la Tribu,2015,-3.874,minor,2010
spotify:track:46p3sUKmfFUW7b9yZ9vgmV,46p3sUKmfFUW7b9yZ9vgmV,Kanava Nijama,Tippu,2012,-11.289,major,2010
spotify:track:1mNcX6T6ut6JPR7nSso1tr,1mNcX6T6ut6JPR7nSso1tr,Love Again,Lim Changjung,2015,-4.603,major,2010
spotify:track:34ioyusRjWdB6pnFYu9SEA,34ioyusRjWdB6pnFYu9SEA,Blast!,Marcus Miller,2010,-6.622,major,2010
spotify:track:0oA3BdBDbsCH8abDnoQ814,0oA3BdBDbsCH8abDnoQ814,Lost in the Stars - Live,Annaleigh Ashford,2015,-11.79,major,2010
spotify:track:2nxiUyKkEbTSdmD0xjxts9,2nxiUyKkEbTSdmD0xjxts9,A Tampa E A Panela,Trio Parada Dura,2012,-5.873,major,2010
spotify:track:0rP7AZWS4EEQQ36rQsUe4O,0rP7AZWS4EEQQ36rQsUe4O,Escapatoria,Tachenko,2010,-5.5,major,2010
spotify:track:0RA0gPchKrZholS8oeCZAo,0RA0gPchKrZholS8oeCZAo,Muskox,Mefjus,2018,-0.396,minor,2010
spotify:track:2IlvjamuWoSxbae9grETtV,2IlvjamuWoSxbae9grETtV,Sunday In New York - Remastered,Joe Pass,2013,-14.275,major,2010
spotify:track:4H3u2jXUcvyMjmMvuPnPZJ,4H3u2jXUcvyMjmMvuPnPZJ,Evening Calm and Cricket Calls for Relaxation and Meditation (Nature Sound),Nature Sounds,2010,-31.885,minor,2010
spotify:track:7pcdLfd8mLsu9uQg039YAE,7pcdLfd8mLsu9uQg039YAE,Turn,The Night Café,2019,-4.474,major,2010
spotify:track:2A518q5AsUgazFtguAAx9E,2A518q5AsUgazFtguAAx9E,Moonflower,Michael Hoppé,2013,-14.357,minor,2010
spotify:track:6ClLyuQfyPRSXshNad7yYk,6ClLyuQfyPRSXshNad7yYk,熱力節拍Wou Bom Ba,Grasshopper,2013,-6.021,minor,2010
spotify:track:0hOyHULNFZAUaSC0XMYnOK,0hOyHULNFZAUaSC0XMYnOK,Helden der Nacht - Blossom Remix,DualXess,2019,-0.699,major,2010
spotify:track:63a19kJCM3mpo2qtquZQGn,63a19kJCM3mpo2qtquZQGn,A Beseechment Twofold,Darkened Nocturn Slaughtercult,2019,-8.756,minor,2010
spotify:track:6lV9eu7xzEaN4S6yO1AkHM,6lV9eu7xzEaN4S6yO1AkHM,Viel zu geben,Original Hamburg Cast,2017,-12.546,major,2010
spotify:track:0pWLj8lPTDRMo020SkLIYq,0pWLj8lPTDRMo020SkLIYq,Zikr,Armaan Malik,2019,-6.023,minor,2010
spotify:track:0XFbP70SZvPcE0HMbCgDRx,0XFbP70SZvPcE0HMbCgDRx,"天地不容 - (劇集 “殭"" 片尾曲)",Hubert Wu,2016,-5.322,minor,2010
spotify:track:28wxGfeOV47PFoWytSRgXx,28wxGfeOV47PFoWytSRgXx,Noreen,Celtic Thunder,2016,-10.148,major,2010
spotify:track:0M3JH3caMVMop4oFwKBOP1,0M3JH3caMVMop4oFwKBOP1,Psycho Signal Jammer,Machine Girl,2018,-4.398,minor,2010
spotify:track:3IZmnwOMO0pzUaZLbF1KI8,3IZmnwOMO0pzUaZLbF1KI8,Unfollow,Kevin Faye,2018,-4.912,minor,2010
spotify:track:3qrLUMB0NChTau4sDZ1Yht,3qrLUMB0NChTau4sDZ1Yht,Whut - DJ Scotty Boy & DJ Red Remix,DJ Red,2011,-6.03,minor,2010
spotify:track:6mp9DV7vsQtdqR35RYSpdz,6mp9DV7vsQtdqR35RYSpdz,Leave My Home,FKJ,2019,-10.435,minor,2010
spotify:track:6MnN6naR66is2ZAKd5xmMt,6MnN6naR66is2ZAKd5xmMt,Star Of Sirrah,Ayreon,2017,-7.819,major,2010
spotify:track:4TJRrhByyzYoEGfhaHH8nJ,4TJRrhByyzYoEGfhaHH8nJ,Belfast to Boston,Judy Collins,2015,-14.331,minor,2010
spotify:track:7oX1dvH545HfvpLdnk1Xbr,7oX1dvH545HfvpLdnk1Xbr,Sunshine Ward,Amebix,2011,-9.882,minor,2010
spotify:track:5zlRGNteCoDQ9OtOOUnfRG,5zlRGNteCoDQ9OtOOUnfRG,Suburbia,Kavinsky,2013,-3.516,minor,2010
spotify:track:1RX1ZI20V2aQxe6k0tvbgG,1RX1ZI20V2aQxe6k0tvbgG,Taking Me Over,The Prototypes,2011,-3.243,minor,2010
spotify:track:2V5pEFX6MOJXsnw273CibJ,2V5pEFX6MOJXsnw273CibJ,Think Twice,Poison Idea,2012,-6.36,major,2010
spotify:track:58Afhfv3D9axqxNQJPdAO7,58Afhfv3D9axqxNQJPdAO7,American Idle,Less Than Jake,2013,-3.214,major,2010
spotify:track:6lXEUQaJGi9mdeY7fHY7gd,6lXEUQaJGi9mdeY7fHY7gd,夕陽之歌 - 夏日耀光華演唱會90,Anita Mui,2014,-9.169,major,2010
spotify:track:6P3CO9KWiRNMwzgY42pxwN,6P3CO9KWiRNMwzgY42pxwN,Rain Sound : Gentle Rain Fall,Rain Sounds Factory STHLM,2017,-12.42,minor,2010
spotify:track:648YEpjOeI4ATVevhmh6YC,648YEpjOeI4ATVevhmh6YC,Fica Combinado Assim,Sorriso Maroto,2012,-9.515,minor,2010
spotify:track:5EpR6BqAnwR9PPl6sIrzGy,5EpR6BqAnwR9PPl6sIrzGy,Who's Got Your Love,Cheat Codes,2019,-2.872,major,2010
spotify:track:0mdaq2XYJsFTXm3rLMdUc0,0mdaq2XYJsFTXm3rLMdUc0,Better,Hot Shade,2017,-2.904,major,2010
spotify:track:4ZSpEvh2oskFXHHojo9DgP,4ZSpEvh2oskFXHHojo9DgP,Baby Lullabies and Soothing Piano Music,White Noise Baby Sleep Music,2019,-30.931,minor,2010
spotify:track:04sidENjJeRBLzDuH2YktC,04sidENjJeRBLzDuH2YktC,Para Festejar,Charlie Aponte,2015,-4.828,minor,2010
spotify:track:58Uva1djVmaZfOPPmTfUNh,58Uva1djVmaZfOPPmTfUNh,"Lomi Lomi Nui, Pt. 2",Gomer Edwin Evans,2012,-13.974,major,2010
spotify:track:2hV0VsSlW2JKASKLiFqc4e,2hV0VsSlW2JKASKLiFqc4e,Royals,Jim Well Tempered,2019,-21.917,major,2010
spotify:track:1fTl4pJYuv4f182GJOOQsf,1fTl4pJYuv4f182GJOOQsf,E.S.R.T. (2001),"Whatever, Dad",2015,-16.36,major,2010
spotify:track:32lmL4vQAAotg6MrJnhlQZ,32lmL4vQAAotg6MrJnhlQZ,Work,Rihanna,2016,-6.238,major,2010
spotify:track:4yvnCOa6vcHVqJuShPztqG,4yvnCOa6vcHVqJuShPztqG,Teu Silêncio - Ao Vivo,Katinguelê,2018,-11.681,major,2010
spotify:track:5V3z4lyBXJUBXcbv0ri0uI,5V3z4lyBXJUBXcbv0ri0uI,Goetia,Lustmord,2013,-29.213,major,2010
spotify:track:1zOR7ClePA8wiLH2TPU075,1zOR7ClePA8wiLH2TPU075,Main Offender,Lynch Mob,2017,-3.152,major,2010
spotify:track:6KOngYBRCnRlkFTvhjc8Wu,6KOngYBRCnRlkFTvhjc8Wu,The Weight of the World,Joe Satriani,2013,-4.482,major,2010
spotify:track:3qR6kIDRRo4FcNmBeYfuBH,3qR6kIDRRo4FcNmBeYfuBH,Everybody's Movin',Glen Glenn,2014,-10.037,major,2010
spotify:track:3n0OolSoC4vTI1zbMTWyNE,3n0OolSoC4vTI1zbMTWyNE,Sad Blue Eyes,Corey Stevens,2018,-9.239,major,2010
spotify:track:4BxWAeeJtrH9KDY3RtNcHl,4BxWAeeJtrH9KDY3RtNcHl,South American Way - Remastered,Carmen Miranda,2018,-13.764,major,2010
spotify:track:5xt5oOXtiazzkAbPORCOap,5xt5oOXtiazzkAbPORCOap,一個為你甘去蹈火海的人 - Beautiful Day 2011演唱會,Ekin Cheng,2011,-10.404,minor,2010
spotify:track:53QjWzNUqtE8zWrWFJnXzy,53QjWzNUqtE8zWrWFJnXzy,Euoi,Vessel,2014,-5.541,minor,2010
spotify:track:34wpuC9UmNEZ4lOcJ3jLLS,34wpuC9UmNEZ4lOcJ3jLLS,We Say Goodbye (West),Stephen Kellogg,2016,-6.994,major,2010
spotify:track:6gk7HTowyVkApkiNWHs55D,6gk7HTowyVkApkiNWHs55D,Lighthouse,Diane Birch,2013,-5.149,major,2010
spotify:track:4zwjWto9N3CXKnXhIzfdLE,4zwjWto9N3CXKnXhIzfdLE,Bond of Blood,Grand Magus,2010,-6.78,major,2010
spotify:track:7CCgO9Rp4UAM6zlKay0N0R,7CCgO9Rp4UAM6zlKay0N0R,"Spi, Moje Bednoje Serdtse",Pyotr Leshchenko,2011,-15.772,major,2010
spotify:track:1z2iz13gYpqnH4IwUQsSLx,1z2iz13gYpqnH4IwUQsSLx,Closed,Com Truise,2012,-7.926,major,2010
spotify:track:0iXYLrcgvd9u6ATFMIHMpD,0iXYLrcgvd9u6ATFMIHMpD,great escape,cinema staff,2013,-2.661,major,2010
spotify:track:38VPznkEUCECoMbTjT9Mw0,38VPznkEUCECoMbTjT9Mw0,Louca Seducao,Banda Calypso,2018,-4.621,minor,2010
spotify:track:5yh3oqvAhP5ki9bdS5j3mJ,5yh3oqvAhP5ki9bdS5j3mJ,Es Wird Schlimmer,Die Apokalyptischen Reiter,2012,-2.214,major,2010
spotify:track:0G9i5j0NGpkDrnEZdeLle4,0G9i5j0NGpkDrnEZdeLle4,Klockor av fred,Stefan Andersson,2018,-7.245,minor,2010
spotify:track:7rq1nhNZRCpMX9dsQuq1dM,7rq1nhNZRCpMX9dsQuq1dM,All That You Give - Justin Michael & Kemal Remix,Kaskade,2011,-4.919,major,2010
spotify:track:7E6SpZZco2P1HM3hntbsRb,7E6SpZZco2P1HM3hntbsRb,Colores (Colors),Patty Shukla,2012,-7.122,major,2010
spotify:track:0Tm1ATGqtuMerl0q14R8u4,0Tm1ATGqtuMerl0q14R8u4,Variations (Complete),Andrew Lloyd Webber,2014,-16.183,minor,2010
spotify:track:7INGR7Gmzo0RRVNRh6k88q,7INGR7Gmzo0RRVNRh6k88q,Tell Mama,The Civil Wars,2013,-10.134,minor,2010
spotify:track:2IeWR51RVp4VdvLcBZS78U,2IeWR51RVp4VdvLcBZS78U,Concert XXVII: Bourrasque - Balet,Monsieur de Sainte-Colombe,2011,-22.853,major,2010
spotify:track:07BnMSbUANs8DDRZ1HDoy8,07BnMSbUANs8DDRZ1HDoy8,Times We Had,Taylor Ray Holbrook,2017,-8.765,major,2010
spotify:track:6Dg7QKfDbS9X5OTkcWyGuN,6Dg7QKfDbS9X5OTkcWyGuN,At Night We Live,Far,2010,-5.245,major,2010
spotify:track:5agEIIOMBVA7FxknSwCkbe,5agEIIOMBVA7FxknSwCkbe,Fascinated,The Fresh & Onlys,2010,-1.459,minor,2010
spotify:track:7psgymzLypHZ8BQx6ROuFu,7psgymzLypHZ8BQx6ROuFu,Hold Me Tight,High Sunn,2017,-9.513,minor,2010
spotify:track:5GVm0Jyse3MfehoC1T6NiR,5GVm0Jyse3MfehoC1T6NiR,Salvation,Ann Clue,2019,-11.17,minor,2010
spotify:track:3ip3DJJQlU7fXwJtwPdQia,3ip3DJJQlU7fXwJtwPdQia,Por que canto el tango,Osvaldo Pugliese,2011,-17.633,minor,2010
spotify:track:29KvhPFItZpXglLMtJ5BcX,29KvhPFItZpXglLMtJ5BcX,Holiday Song,Amos Lee,2019,-9.389,major,2010
spotify:track:3GuDmKOyg1HluMcYe09TOc,3GuDmKOyg1HluMcYe09TOc,Tokyo,Ark Patrol,2014,-7.935,minor,2010
spotify:track:08lOkRQHSldxKtsyoRWtbK,08lOkRQHSldxKtsyoRWtbK,Love Anthem For World Peace - STR,Silambarasan TR,2011,-4.361,major,2010
spotify:track:7unZ7zDyrTs2L7167dqm2Y,7unZ7zDyrTs2L7167dqm2Y,Freak Hoe,Future,2015,-6.951,minor,2010
spotify:track:110pEfj2ij3wmN7Cs9RG7D,110pEfj2ij3wmN7Cs9RG7D,Drinking Again,Avail Hollywood,2011,-5.62,minor,2010
spotify:track:7dmmx4kTZIQxzjW8ulZTJy,7dmmx4kTZIQxzjW8ulZTJy,Revolutions - Original Mix,Donkey Rollers,2010,-12.886,major,2010
spotify:track:1M36hJtquqBZvgLAfmVNlI,1M36hJtquqBZvgLAfmVNlI,Looking Back,Real Friends,2016,-6.654,minor,2010
spotify:track:5FljCWR0cys07PQ9277GTz,5FljCWR0cys07PQ9277GTz,The Other Side,Jason Derulo,2013,-3.939,major,2010
spotify:track:7CRl8Gu5kCG0juiZa6i4jO,7CRl8Gu5kCG0juiZa6i4jO,Fast Lane,Buju Banton,2019,-7.916,major,2010
spotify:track:0EP1IL5NAKZZRaGcq42L5D,0EP1IL5NAKZZRaGcq42L5D,"Artificial Heart - 12"" Remix Version",Cherrelle,2011,-9.392,minor,2010
spotify:track:4xPHtWDlAlgRmEzrz0LwM5,4xPHtWDlAlgRmEzrz0LwM5,Nothing,N.O.R.E.,2017,-6.514,major,2010
spotify:track:0TWCegu3tNyq8ujUA5G0Nv,0TWCegu3tNyq8ujUA5G0Nv,Esclavo y Amo,Los Pasteles Verdes,2015,-6.375,minor,2010
spotify:track:6bhjLkwYaJYd5qLn0pT7BX,6bhjLkwYaJYd5qLn0pT7BX,Electrotanz,Miss Construction,2013,-4.596,major,2010
spotify:track:4YesV4ZfPHTx09C1l48QxL,4YesV4ZfPHTx09C1l48QxL,Lake Erie Rainfall,Jim Brickman,2015,-16.082,major,2010
spotify:track:5Px2pke0LAx1RExRTcnrY6,5Px2pke0LAx1RExRTcnrY6,Try to Remember / The Way We Were,Geoff Sewell,2016,-13.017,major,2010
spotify:track:0h35MPfJL8SZDDkWAx5SaT,0h35MPfJL8SZDDkWAx5SaT,Doctor Trompeta,Meridian Brothers,2014,-6.555,major,2010
spotify:track:6K1rW6ZjLNW0MxhDUjkWxb,6K1rW6ZjLNW0MxhDUjkWxb,2 Twisted 2 Luv U,Mean Jeans,2012,-4.524,major,2010
spotify:track:4MSONUQHxFkzCxpPZsoPTC,4MSONUQHxFkzCxpPZsoPTC,Reliquias porteñas,Hyperion Ensemble,2014,-8.221,major,2010
spotify:track:5YQL9rxMZzOfXlly11ttcK,5YQL9rxMZzOfXlly11ttcK,"Are Yov Happy Now, Fidelio?",Rave The Reqviem,2018,-4.661,major,2010
spotify:track:7jgBTiVeF54ccOHGTBkibB,7jgBTiVeF54ccOHGTBkibB,Stutter,Gucci Mane,2016,-7.649,major,2010
spotify:track:5TTJq1w8bLnUHweg924HfI,5TTJq1w8bLnUHweg924HfI,STARS,DJ Fixx,2019,0.0,minor,2010
spotify:track:3yrHhxy2qbV9k7gxZ8xfeu,3yrHhxy2qbV9k7gxZ8xfeu,Strut Your Stuff,Young and Company,2012,-7.98,major,2010
spotify:track:3NYXGn7Lwpc59AMeWlu6Bh,3NYXGn7Lwpc59AMeWlu6Bh,Reflects,Monomotion,2017,-11.074,minor,2010
spotify:track:07q8776QDyGHzFodKqd6k2,07q8776QDyGHzFodKqd6k2,Be Thankful,Jamie Lewis,2013,-7.409,minor,2010
spotify:track:7u14eJuKRH0jFgGvIaOyra,7u14eJuKRH0jFgGvIaOyra,A Place Called Acid - Rennie's Indigestion Mix,Rennie Pilgrem,2012,-5.26,minor,2010
spotify:track:1IkFWiUqcNegCqC3mzrgLM,1IkFWiUqcNegCqC3mzrgLM,CHOICES,Sam Gendel,2017,-15.094,minor,2010
spotify:track:1vg58UEidCfb79JMdNbRMz,1vg58UEidCfb79JMdNbRMz,Zig Zag,Juanafé,2011,-6.127,major,2010
spotify:track:30Wz08nZ69M219MmG2FIaj,30Wz08nZ69M219MmG2FIaj,O Motivo,Terror Revolucionário,2019,-5.267,minor,2010
spotify:track:5oF1JCbguUVo8bc3pcVjxv,5oF1JCbguUVo8bc3pcVjxv,Sour Sounds,Body Thief,2019,-5.661,major,2010
spotify:track:6Uks8ZMSlASX7aygehQesZ,6Uks8ZMSlASX7aygehQesZ,Jacked Up,Weezer,2016,-5.504,minor,2010
spotify:track:47EVNLJQwKNvQ4n5GK7njw,47EVNLJQwKNvQ4n5GK7njw,Gelo na Balada - Ao Vivo,Cavaleiros do Forró,2017,-5.637,minor,2010
spotify:track:6KHFGnQHrov16PvQhdWG37,6KHFGnQHrov16PvQhdWG37,Cavern's Dark,Mappe Of,2017,-13.147,major,2010
spotify:track:3KiUxj9qDxqv4y0XNhclqm,3KiUxj9qDxqv4y0XNhclqm,Stella By Starlight - Live At Capitol Studios / 2014,Robert Glasper,2015,-18.416,major,2010
spotify:track:7eDZRwoLnq7pRGQ79gvqLe,7eDZRwoLnq7pRGQ79gvqLe,Love The Way You Lie,A Skylit Drive,2011,-2.856,major,2010
spotify:track:1y8mrP0moXLmjQWDctcj3l,1y8mrP0moXLmjQWDctcj3l,Sinéad - VNV Nation Radio Edit,Within Temptation,2011,-7.46,major,2010
spotify:track:0JsRZWdSquAQtgyJO8mhLA,0JsRZWdSquAQtgyJO8mhLA,Peaches,In The Valley Below,2014,-8.054,minor,2010
spotify:track:5Q9k2ajmjDD72bTHbAiwFC,5Q9k2ajmjDD72bTHbAiwFC,All Out,Johnny Yukon,2018,-5.029,minor,2010
spotify:track:4Ani4txCWW8y3jZrAerMhm,4Ani4txCWW8y3jZrAerMhm,Mala Vida,Nouvelle Vague,2010,-9.881,minor,2010
spotify:track:5WtA1dj1O4qHBtGvypYfV4,5WtA1dj1O4qHBtGvypYfV4,Doeu Doeu,Edy Britto & Samuel,2014,-3.912,major,2010
spotify:track:27BvZyJZA0vhbHjQUS6kN0,27BvZyJZA0vhbHjQUS6kN0,Andalusia - Filatov & Karas Remix,Antoine Chambe,2016,-5.653,minor,2010
spotify:track:4bEcoz1OcfMgUbp2ft8ieQ,4bEcoz1OcfMgUbp2ft8ieQ,911 / Mr. Lonely (feat. Frank Ocean & Steve Lacy),"Tyler, The Creator",2017,-7.042,major,2010
spotify:track:0GeBYjRFr3zXiO7d6u1Rr9,0GeBYjRFr3zXiO7d6u1Rr9,Pulse,V.I.V.E.K,2011,-10.826,minor,2010
spotify:track:0ZFwhcWziYoDmbD7X1HprG,0ZFwhcWziYoDmbD7X1HprG,Free Spirit,Jack & James,2019,-4.277,minor,2010
spotify:track:5bu7JMQbldvUou0Ho4LFUJ,5bu7JMQbldvUou0Ho4LFUJ,Send Me the Pillow You Dream On (feat. Lukas Nelson & Micah Nelson),Willie Nelson,2017,-8.32,major,2010
spotify:track:3EFbnBUr70peMlk8g5XzT3,3EFbnBUr70peMlk8g5XzT3,Somebody To Love,Kacey Musgraves,2015,-8.938,major,2010
spotify:track:1ZSBOKNyFGTJZWp3KdEai0,1ZSBOKNyFGTJZWp3KdEai0,Purple Yellow Red and Blue - Passion Pit Remix,Portugal. The Man,2013,-5.094,minor,2010
spotify:track:4VVnprM3eR1hlac2ulGzjv,4VVnprM3eR1hlac2ulGzjv,Keep It Moving,Turnstile,2013,-3.803,major,2010
spotify:track:48agB6DOAcEaZpmJvCJk47,48agB6DOAcEaZpmJvCJk47,Batom Na Camisa - Ao Vivo,Matheus & Kauan,2017,-4.846,major,2010
spotify:track:0kdeeOs4cL5GZAK0dhzv3N,0kdeeOs4cL5GZAK0dhzv3N,Icabod,TR/ST,2014,-5.825,major,2010
spotify:track:0ymwVI8W4x4JAfTNVj5pJX,0ymwVI8W4x4JAfTNVj5pJX,Scum,Datsik,2013,-5.102,major,2010
spotify:track:45rWVr8e7fdrVsQWJYCh9X,45rWVr8e7fdrVsQWJYCh9X,Sleeping Baby,Sleep Baby Sleep,2010,-16.167,major,2010
spotify:track:2yrVkVQ8b13Ewuw6RoOpOw,2yrVkVQ8b13Ewuw6RoOpOw,"Someday, Someway",Marshall Crenshaw,2018,-5.216,major,2010
spotify:track:5Ubbl1gFuPYTqi30LdXIET,5Ubbl1gFuPYTqi30LdXIET,No One Will,Seapony,2012,-8.86,minor,2010
spotify:track:3aH6mMKrrhZpHZZK3snVBM,3aH6mMKrrhZpHZZK3snVBM,Me and Big Dave,Colter Wall,2017,-15.332,major,2010
spotify:track:1wgFlEvnAP6aBEcAc6iLFM,1wgFlEvnAP6aBEcAc6iLFM,才女,At17,2017,-5.225,major,2010
spotify:track:33jB3iJ51hMiozRW6kRR8f,33jB3iJ51hMiozRW6kRR8f,Magical Ride (Wave of Love) - Souldynamic Dub Mix,Louie Vega,2017,-7.372,minor,2010
spotify:track:2KpCpk6HjXXLb7nnXoXA5O,2KpCpk6HjXXLb7nnXoXA5O,Ni**as In Paris,JAY-Z,2014,-6.125,major,2010
spotify:track:17owWZW16bVyV3Ewmex4aQ,17owWZW16bVyV3Ewmex4aQ,Como É Que Larga Desse Trem? - Ao Vivo,Maiara & Maraisa,2017,-4.253,major,2010
spotify:track:5qmLrC2DloQn9nWGnWVgLA,5qmLrC2DloQn9nWGnWVgLA,Beautiful Star,Sizzle Bird,2015,-9.366,major,2010
spotify:track:7KHE61xQjnkxEjO4IK7Jt4,7KHE61xQjnkxEjO4IK7Jt4,Someday After a While,Carl Verheyen,2017,-6.112,major,2010
spotify:track:5F1aEAQJPjmSQwBWagIKOP,5F1aEAQJPjmSQwBWagIKOP,W Tę Noc feat. Dance 2 Disco,Skalars,2017,-3.416,major,2010
spotify:track:3foWcErMfF4WDTkAqOt3WD,3foWcErMfF4WDTkAqOt3WD,Dead of the Night,Toneshifterz,2011,-5.409,major,2010
spotify:track:3PWhQ9wNJX4OvJvbpzX1Fq,3PWhQ9wNJX4OvJvbpzX1Fq,Gastroenterologist,Jim Gaffigan,2018,-10.683,minor,2010
spotify:track:5daEiFBu7X683P6KD3W3em,5daEiFBu7X683P6KD3W3em,Inside The Kraken - Original Mix,Arkasia,2014,-6.063,minor,2010
spotify:track:4IOmpWHND1FVjT7EFeZhLp,4IOmpWHND1FVjT7EFeZhLp,Beautiful Nightmare,Lil Tracy,2019,-8.052,major,2010
spotify:track:0vr9cJIa969Fb3YOXsTZCF,0vr9cJIa969Fb3YOXsTZCF,Mauinuiakama,Kuana Torres Kahele,2015,-8.203,major,2010
spotify:track:6Du7MMmKJcPou0JLLJeeHU,6Du7MMmKJcPou0JLLJeeHU,The One That Got Away,Sunnery James & Ryan Marciano,2017,-6.505,minor,2010
spotify:track:5XW4BwCrfYpci5zMbJxs4N,5XW4BwCrfYpci5zMbJxs4N,Do Ya Wanna Taste It,Wig Wam,2010,-3.536,minor,2010
spotify:track:74oiX4pZTZ7NmCwiEV7lAE,74oiX4pZTZ7NmCwiEV7lAE,aNYway,Duck Sauce,2014,-5.323,minor,2010
spotify:track:1ocYa8PoVd5e2vPn0xHJcA,1ocYa8PoVd5e2vPn0xHJcA,Saiyaara,Sohail Sen,2012,-8.181,minor,2010
spotify:track:6LYpojDDBovIsbMDuCkV2k,6LYpojDDBovIsbMDuCkV2k,Khilauney (Live),Divine Raaga,2015,-7.665,major,2010
spotify:track:494P8wHxnZHuUxs65SOoOg,494P8wHxnZHuUxs65SOoOg,Yo No Se,Cornelio Vega y su Dinastia,2016,-2.042,major,2010
spotify:track:5I4uyebX4FlhZyyhTcOu2X,5I4uyebX4FlhZyyhTcOu2X,Coração Na Geladeira,MC Hariel,2017,-9.83,minor,2010
spotify:track:176eS3CfnhrIgLDmMfZrrN,176eS3CfnhrIgLDmMfZrrN,Haunted,Together Pangea,2011,-7.795,major,2010
spotify:track:4bxjAnrOE7i6xs7IIb1QEq,4bxjAnrOE7i6xs7IIb1QEq,Jezebel,The Drones,2015,-7.455,minor,2010
spotify:track:6Y1NTPfNwVYU90ZbNdMGh0,6Y1NTPfNwVYU90ZbNdMGh0,Corrupt,SWARM,2018,-5.974,major,2010
spotify:track:74sTPlZYK76FQPdlaJTZp1,74sTPlZYK76FQPdlaJTZp1,Hypnosis,For The Fallen Dreams,2018,-4.618,major,2010
spotify:track:59MwzybGJ5s7Lk3KOACkDm,59MwzybGJ5s7Lk3KOACkDm,Woman Love,Gene Vincent & His Blue Caps,2015,-8.383,major,2010
spotify:track:0x8VeSHmhbRl9EUAdsEx6A,0x8VeSHmhbRl9EUAdsEx6A,Stuck,The Aces,2017,-4.247,minor,2010
spotify:track:5XwE5rLB0WoWocPB749cOT,5XwE5rLB0WoWocPB749cOT,Meu Pai,Guinga,2017,-11.282,minor,2010
spotify:track:0s3RMQJCObJ60jDI9iOzjZ,0s3RMQJCObJ60jDI9iOzjZ,The Wave 2.0,Cosmic Gate,2019,-6.158,minor,2010
spotify:track:3TVeh0oYUWiueHs1NfczH7,3TVeh0oYUWiueHs1NfczH7,Equale,Sigh,2012,-7.297,minor,2010
spotify:track:3Ivfmex71BM9J8wl3GaXH2,3Ivfmex71BM9J8wl3GaXH2,"Winter's Gate, Pt. 2",Insomnium,2016,-6.139,major,2010
spotify:track:7cfJRlKQQozvisNuYXwdsJ,7cfJRlKQQozvisNuYXwdsJ,África Agónica,Ska-P,2013,-5.782,major,2010
spotify:track:1VMXP8FIgQVlbaL9MnFqDP,1VMXP8FIgQVlbaL9MnFqDP,At The Begining It Was Only Noise - Original mix,Hadone,2019,-10.175,minor,2010
spotify:track:3NJoKbfkcFGemaQuNAIp0t,3NJoKbfkcFGemaQuNAIp0t,Evilous Number,The Expanders,2011,-7.934,minor,2010
spotify:track:09AdSqs7GBRerrHBMp7NUv,09AdSqs7GBRerrHBMp7NUv,愛不完 - Live,Janice Vidal,2015,-9.428,minor,2010
spotify:track:0zbh74mJ3tzNu7wEEYigEg,0zbh74mJ3tzNu7wEEYigEg,Guerra Fría,Gilberto Santa Rosa,2012,-5.115,minor,2010
spotify:track:3umEJoDv6XsoBKlmi7eGRg,3umEJoDv6XsoBKlmi7eGRg,Pedaço Meu - Ao Vivo,Cleber & Cauan,2019,-2.681,major,2010
spotify:track:4QLBU9YC60QU4wHwPuyzfk,4QLBU9YC60QU4wHwPuyzfk,"Sunn Raha Hai-Rozana (From ""T-Series Mixtape"")",Shreya Ghoshal,2018,-7.653,minor,2010
spotify:track:0IsbLZh2eGofq3MsNRzhYE,0IsbLZh2eGofq3MsNRzhYE,Sir Rock Alot,Caspa,2011,-5.834,minor,2010
spotify:track:6L6TuOAEZHf93tJULIjQrj,6L6TuOAEZHf93tJULIjQrj,Waltz in C Minor (Only for Piano),Yiruma,2013,-22.218,minor,2010
spotify:track:2B1kUurtkouW2diExbR0FU,2B1kUurtkouW2diExbR0FU,Magic Love - Ashley Beedle's Black Magic Remix Edit,Bent,2011,-7.661,minor,2010
spotify:track:4yQ4lqt9oZADYUQMZYTZoP,4yQ4lqt9oZADYUQMZYTZoP,Hark! The Herald Angels Sing,CeCe Winans,2018,-7.042,major,2010
spotify:track:4neSCLIe5IaNF06V74wqBs,4neSCLIe5IaNF06V74wqBs,Hot Mess,Shoes,2012,-4.132,minor,2010
spotify:track:2oEInOIbcj4f9pFpxsS1Td,2oEInOIbcj4f9pFpxsS1Td,How Do You Know It’s Not Armadillo Shells?,Hot Mulligan,2018,-6.947,major,2010
spotify:track:0w6D2m5NBKhrjwfzFGk7Ec,0w6D2m5NBKhrjwfzFGk7Ec,Yep Yep,Muck Sticky,2016,-4.425,major,2010
spotify:track:3aE0O99WPzRZ0UeSX9Boan,3aE0O99WPzRZ0UeSX9Boan,Tonight,Burna Boy,2012,-8.744,minor,2010
spotify:track:0bYRvvZqX2KEiOZYbByXJ5,0bYRvvZqX2KEiOZYbByXJ5,"Buildings Burn, People Die",Ice Nine Kills,2010,-4.089,major,2010
spotify:track:3Y5TSfy5grhSwILXALjCA7,3Y5TSfy5grhSwILXALjCA7,Woke Up This Morning,Jimmy Page,2017,-3.579,major,2010
spotify:track:7tNOeZYL6DS7cFM2xQPWCO,7tNOeZYL6DS7cFM2xQPWCO,Como Nunca Nadie,Pete Perignon,2017,-8.786,major,2010
spotify:track:1QgKZ00JVvM2M36bUR1K5w,1QgKZ00JVvM2M36bUR1K5w,Danger,Brennan Story,2019,-13.106,major,2010
spotify:track:6AJ9XsV4oc1Qdspi4JkVbq,6AJ9XsV4oc1Qdspi4JkVbq,Tonelada de Forro,Trio Nordestino,2011,-4.062,minor,2010
spotify:track:60Zfo4CIIyjyDYJoGpGc6c,60Zfo4CIIyjyDYJoGpGc6c,Song of the Brown Buffalo,George Salazar,2018,-9.093,major,2010
spotify:track:7F7ELjrthF8H7w1FY2Svu7,7F7ELjrthF8H7w1FY2Svu7,Sound Man Style,Prince Jammy,2011,-9.853,major,2010
spotify:track:2KBEn3RgrBJoK11iyOkKzi,2KBEn3RgrBJoK11iyOkKzi,Rokkenroll,Kilpi,2017,-3.56,major,2010
spotify:track:1LmmSkbpjuJWFBjoJ06CU5,1LmmSkbpjuJWFBjoJ06CU5,Comme il faut,Tango Bardo,2018,-8.386,major,2010
spotify:track:2Sw1gPLDR7rQk8Z04TQWV6,2Sw1gPLDR7rQk8Z04TQWV6,I Am Rooftop,Cloud Nothings,2010,-3.244,minor,2010
spotify:track:2F2I9bJLY59blNUkvTTdWv,2F2I9bJLY59blNUkvTTdWv,Honesty,Sean Patton,2019,-18.832,major,2010
spotify:track:3B8OycGImKvUoXFuDFAkBI,3B8OycGImKvUoXFuDFAkBI,Sulu Sekou,Call Super,2014,-12.686,major,2010
spotify:track:5109kVD8F9NWS4cg8iDLpi,5109kVD8F9NWS4cg8iDLpi,Bonafied Christian Medley,Junior Tucker,2011,-13.272,major,2010
spotify:track:3RxNoBUmsatoQ86dAhV92v,3RxNoBUmsatoQ86dAhV92v,LED Spirals - Extended Version,Le Castle Vania,2014,-6.013,major,2010
spotify:track:6xjIrx0kE96n5OQvj9oZmO,6xjIrx0kE96n5OQvj9oZmO,Khobs,Issam Hajali,2019,-14.257,major,2010
spotify:track:2brv3Qn7dSBtkWF3n1mLxq,2brv3Qn7dSBtkWF3n1mLxq,Prepare,Pulshar,2014,-10.696,major,2010
spotify:track:1ZOMpDM133LXf5bki9WKmx,1ZOMpDM133LXf5bki9WKmx,"Concerto for Harpsichord, Flute, and Violin, BWV 1044: III. Alla Breve",Johann Sebastian Bach,2013,-16.311,minor,2010
spotify:track:6yOhU3jq4WrW5grIlRYOId,6yOhU3jq4WrW5grIlRYOId,The Yellow Cake Revue: Farewell to Stromness,Peter Maxwell Davies,2014,-31.186,major,2010
spotify:track:32iWKEiyreUKeMaPAbk8NQ,32iWKEiyreUKeMaPAbk8NQ,The Cosmic Game - Loquai Remix,Dellife,2012,-7.163,major,2010
spotify:track:3ojPMcdojZArrYcdnN57O6,3ojPMcdojZArrYcdnN57O6,Dynasty - Kaskade Arena Remix,Kaskade,2010,-2.965,major,2010
spotify:track:0NdTUS4UiNYCNn5FgVqKQY,0NdTUS4UiNYCNn5FgVqKQY,Snap Out Of It,Arctic Monkeys,2013,-6.455,minor,2010
spotify:track:1KPEG0tQ8TyUNIa9SbGivz,1KPEG0tQ8TyUNIa9SbGivz,Unrequited (Ben Moody Remix),Godhead,2014,-4.359,major,2010
spotify:track:4hbhvZH9cKiSn1U4L8hNWc,4hbhvZH9cKiSn1U4L8hNWc,Die Dunkelheit darf niemals siegen,Frittenbude,2019,-5.425,major,2010
spotify:track:5S7OgDkPpqVApvYR3pz75X,5S7OgDkPpqVApvYR3pz75X,The Shire (Part 1),Threshold,2017,-13.25,major,2010
spotify:track:6YkHjm5ZILOGhN6OmZjfFX,6YkHjm5ZILOGhN6OmZjfFX,Me Diz Amor,Accioly Neto,2014,-6.567,minor,2010
spotify:track:062jMqTp5aYTOB45CEh6MH,062jMqTp5aYTOB45CEh6MH,El Twomp,Los Sinners,2015,-6.801,major,2010
spotify:track:3zhrRqKyvJbth137GdEIlU,3zhrRqKyvJbth137GdEIlU,Meri Tauba Meri Tauba,Nusrat Fateh Ali Khan,2011,-5.143,major,2010
spotify:track:5dxdJHdp79tWoSNcOdf7U6,5dxdJHdp79tWoSNcOdf7U6,A-11,Jamey Johnson,2012,-6.961,major,2010
spotify:track:6zCSdx7QNFmKfnXOReHci3,6zCSdx7QNFmKfnXOReHci3,"Chains, Drag Me Down - Acoustic Mashup",Megan Davies,2015,-8.643,minor,2010
spotify:track:1YoV6k4ERmCJaopzdtPRiW,1YoV6k4ERmCJaopzdtPRiW,La chose,Vaudou Game,2018,-6.47,minor,2010
spotify:track:52SGaBoWBpvQK8ZxJdL2oP,52SGaBoWBpvQK8ZxJdL2oP,"Affirmations to Support Sobriety and Recovery, Pt. 3",Steven Halpern,2014,-30.89,major,2010
spotify:track:2Z7sr2BME4j5UGqOmQcu4d,2Z7sr2BME4j5UGqOmQcu4d,禁色,Eason Chan,2010,-7.07,minor,2010
spotify:track:58VQBfmUoDyE6gVck4zdjj,58VQBfmUoDyE6gVck4zdjj,Time's All Gone Pt. 2,Nick Waterhouse,2012,-5.101,minor,2010
spotify:track:6VNYpuuFC8ra6OWfvW0OHf,6VNYpuuFC8ra6OWfvW0OHf,Bone Tower,WVRM,2014,-5.474,major,2010
spotify:track:1qCDEbZGzBLOoBE7Z7x5U9,1qCDEbZGzBLOoBE7Z7x5U9,Dub Moods - The Greatest Trick,Aphrodite,2016,-3.002,minor,2010
spotify:track:175zd3RYOa11Wft2WqFyqu,175zd3RYOa11Wft2WqFyqu,Before Sunset - Original Mix,Mladen Tomic,2010,-8.614,major,2010
spotify:track:6tyo91mnez5ABku2B5oeai,6tyo91mnez5ABku2B5oeai,Top Notch Stab Job,The Kill,2013,-4.106,major,2010
spotify:track:1rJsDLzE1DjkyFBFj9uT8H,1rJsDLzE1DjkyFBFj9uT8H,Slumped,Pity Party (Girls Club),2014,-6.836,major,2010
spotify:track:3LjZJVUEJ06TQ8AOO2Mg8m,3LjZJVUEJ06TQ8AOO2Mg8m,i like the way,lovelytheband,2018,-6.324,major,2010
spotify:track:11rG5hOFuQ5HsmhRuUCkyz,11rG5hOFuQ5HsmhRuUCkyz,I'm Blessed with Life,Popcaan,2019,-6.685,major,2010
spotify:track:2RVIHcO1o6hNV0qXbeycfK,2RVIHcO1o6hNV0qXbeycfK,Che Gelida Manina,José Carreras,2016,-9.212,major,2010
spotify:track:4yT7553aTovRxD5JoCoLQ0,4yT7553aTovRxD5JoCoLQ0,Nella Fantasia,Celtic Woman,2016,-12.423,major,2010
spotify:track:6CFG95PhHBONd4sE5Fefd1,6CFG95PhHBONd4sE5Fefd1,Última Forma,Roberta Sá,2015,-14.137,major,2010
spotify:track:7HdZY9UJTylIiNcSDFyUDc,7HdZY9UJTylIiNcSDFyUDc,Miss You (with Major Lazer & Tory Lanez),Cashmere Cat,2018,-4.502,major,2010
spotify:track:7yufWaTr1THEnNfEbEcAQW,7yufWaTr1THEnNfEbEcAQW,Limbo,Occams Laser,2016,-7.557,minor,2010
spotify:track:2CKn2EvGRwTizpZcKZHGnf,2CKn2EvGRwTizpZcKZHGnf,Soturno,Nicolas Krassik,2017,-10.606,major,2010
spotify:track:6iW0cAw6ZR6Xp5ZgwfXA7A,6iW0cAw6ZR6Xp5ZgwfXA7A,Victory,Astral Doors,2011,-1.137,minor,2010
spotify:track:0dVPuJVUXlWpbSEubpO9VE,0dVPuJVUXlWpbSEubpO9VE,Song About My Dog - Subwave Remix,BOP,2010,-3.235,major,2010
spotify:track:7AmpH6KQtqfjUIQ9evoPbf,7AmpH6KQtqfjUIQ9evoPbf,We De Vibe,R2Bees,2018,-7.21,major,2010
spotify:track:6FJyBYMQwSlipDHaPbYjwJ,6FJyBYMQwSlipDHaPbYjwJ,Na Base do Cacete,Trio Chapahall's,2017,-8.683,major,2010
spotify:track:1gnz3Zx3cIrGEWvrS1GIaP,1gnz3Zx3cIrGEWvrS1GIaP,El Centurión de la Noche,Joe Arroyo,2015,-10.479,major,2010
spotify:track:5MzQg5mZXQlQG8XxTUsIyo,5MzQg5mZXQlQG8XxTUsIyo,Farover The Mountain Side Focus Your Eye - Remix,Sensistar,2010,-6.037,minor,2010
spotify:track:2GNL99ZBy1Aby7EF3imxmx,2GNL99ZBy1Aby7EF3imxmx,No Somos Tan Distintos,Endecah,2013,-4.493,minor,2010
spotify:track:3rHKQceCHKNPfkyDLQUtLB,3rHKQceCHKNPfkyDLQUtLB,Back to the Middle,Deerhunter,2013,-4.972,major,2010
spotify:track:18WjOu0eOrpKRlqZ09OCIT,18WjOu0eOrpKRlqZ09OCIT,Open Up,Knock,2017,-3.096,major,2010
spotify:track:6pFsQ19Z0sWeRSQn1VixmQ,6pFsQ19Z0sWeRSQn1VixmQ,Nowhere to Go - The Acoustic Live Session,Hurricane Love,2015,-6.912,minor,2010
spotify:track:42uIrpKzbWndvkI21mfs11,42uIrpKzbWndvkI21mfs11,Satelllliiiiiiiteee,Flying Lotus,2010,-7.726,major,2010
spotify:track:3dLLyXwujZIyn50MLETDi7,3dLLyXwujZIyn50MLETDi7,Ora Doutor,Zé Eduardo,2017,-9.304,major,2010
spotify:track:5KOJDiVOfNB3OIQ2WVZdTm,5KOJDiVOfNB3OIQ2WVZdTm,"Ântonio Pitanga, Um Negro Em Movimento",G.R.E.S Unidos do Porto da Pedra,2018,-4.124,minor,2010
spotify:track:4zZg7xKA3lhctY8QfwZUWS,4zZg7xKA3lhctY8QfwZUWS,Perpetual Night,Ov Hell,2012,-4.4,minor,2010
spotify:track:2J4Koqe0KERlbfGA9Ykfwj,2J4Koqe0KERlbfGA9Ykfwj,Didn't Have Time to Think,Math The Band,2015,-3.985,major,2010
spotify:track:1piHK5q5WMcNLHflt5URS1,1piHK5q5WMcNLHflt5URS1,Aufwärtsspirale,Herzog,2016,-6.943,minor,2010
spotify:track:3O3IuTIliEBQfF0FS2D2GU,3O3IuTIliEBQfF0FS2D2GU,Aduun Hawli Kama Dhamaato,Dur-Dur Band,2018,-10.696,major,2010
spotify:track:0maTGQAHPP3tETrNmBLrkl,0maTGQAHPP3tETrNmBLrkl,Sinner Saved By Grace - Live,Gaither Vocal Band,2019,-8.642,major,2010
spotify:track:2Miap882SbE8Ms89ONapNH,2Miap882SbE8Ms89ONapNH,Opus,Uranium Club,2017,-6.401,minor,2010
spotify:track:5uLi8f8sdEWyYVbx0m2vvh,5uLi8f8sdEWyYVbx0m2vvh,Burn with Me,All Rise,2017,-3.877,minor,2010
spotify:track:3ijF7SbOWHpJigS0gmKbsM,3ijF7SbOWHpJigS0gmKbsM,"""Btw, That Untitled Song On Your Mixtape Was For You. I Wrote It When I Missed You.""",Suis La Lune,2011,-7.859,major,2010
spotify:track:7tQvrNFoMxEfouWrkgmUn6,7tQvrNFoMxEfouWrkgmUn6,Rodney - En Vivo,Royal Club,2014,-0.001,major,2010
spotify:track:6dItMVSIs4ov92P9qYCv9Q,6dItMVSIs4ov92P9qYCv9Q,Mono de Oro,Yonderboi,2013,-5.823,minor,2010
spotify:track:0mpIb9E11Se9Huo2eGzcu8,0mpIb9E11Se9Huo2eGzcu8,Forró do Apagão,Maciel Melo,2015,-4.361,minor,2010
spotify:track:7te4fkBR0weU3T0G3C2q4r,7te4fkBR0weU3T0G3C2q4r,Nighttaker (Bonus Track),The Unguided,2017,-3.775,major,2010
spotify:track:6ccps4WlASrRe1qPHZ9tDt,6ccps4WlASrRe1qPHZ9tDt,Play for Keeps (feat. La Capone),Rondonumbanine,2013,-12.695,minor,2010
spotify:track:1ytnA1FbeY4C4WsxtbVt1a,1ytnA1FbeY4C4WsxtbVt1a,Cape Of Our Hero,Volbeat,2013,-4.76,major,2010
spotify:track:31fCnfsdABm5Yx6a0BUXZ3,31fCnfsdABm5Yx6a0BUXZ3,Golden Slumbers / The End - 2010 Remaster,k.d. lang,2010,-11.54,major,2010
spotify:track:1dFVQpbKjOlhUR4y3qhP3N,1dFVQpbKjOlhUR4y3qhP3N,Up All Night,Eli Escobar,2015,-5.215,major,2010
spotify:track:4SKhyBejYXaAXh04mERRIg,4SKhyBejYXaAXh04mERRIg,Copenhagen Gringo,Hola Ghost,2014,-6.678,minor,2010
spotify:track:3TRde3Xg6y9DHxRyp6Jr65,3TRde3Xg6y9DHxRyp6Jr65,Caldera,Recondite,2014,-12.607,minor,2010
spotify:track:6oNsryMaUsGahxkFDwKbCh,6oNsryMaUsGahxkFDwKbCh,Raindancer,Erutan,2013,-12.118,minor,2010
spotify:track:5YqiIaYpztlOTl2e9mPaBE,5YqiIaYpztlOTl2e9mPaBE,Protein Valve - Edit 1,Robert Hood,2014,-8.743,major,2010
spotify:track:5W9z5Dayw6ZexyixAaAmUL,5W9z5Dayw6ZexyixAaAmUL,Paranoia,ZABO,2018,-5.256,major,2010
spotify:track:4vFTWIIjuO7hbtkO4MkxQX,4vFTWIIjuO7hbtkO4MkxQX,I Will Always Love You (Live),Pia Douwes,2018,-10.429,major,2010
spotify:track:6n8ab5UzeKMb2UV8Bt8mWc,6n8ab5UzeKMb2UV8Bt8mWc,Ball Of Fire - Mad Professor I Need Balls Version,The Orb,2014,-7.85,minor,2010
spotify:track:6sap4WQQktQaEoMT8xvUsV,6sap4WQQktQaEoMT8xvUsV,Ta Nervosa,Forró do Muido,2013,-6.536,minor,2010
spotify:track:38ekh7ER21LsbR3pdhabu8,38ekh7ER21LsbR3pdhabu8,All We Love We Leave Behind,Converge,2012,-3.942,major,2010
spotify:track:5Y6gse6fdyxs0lFFqyHYgz,5Y6gse6fdyxs0lFFqyHYgz,Pretty On The Outside,Bullet For My Valentine,2010,-3.524,minor,2010
spotify:track:3gIdcWWdwAd4g9oeesKBxr,3gIdcWWdwAd4g9oeesKBxr,By the Light of a Black Sun,Pillorian,2017,-6.229,major,2010
spotify:track:5FhzcpmR1oVNBrRwmua664,5FhzcpmR1oVNBrRwmua664,Bloody Romance,Senses Fail,2012,-4.089,minor,2010
spotify:track:2IUeV7r1UIOuhu2STIpGds,2IUeV7r1UIOuhu2STIpGds,Quiero Probar,Baby Rasta & Gringo,2015,-4.904,major,2010
spotify:track:1yao90VazD6SJTGIkaBfn2,1yao90VazD6SJTGIkaBfn2,Troglodyte,Shyler,2019,-5.032,minor,2010
spotify:track:4lGcp4dNfoYKLpBpEj2aOj,4lGcp4dNfoYKLpBpEj2aOj,Fantasilandia,Dinamarca,2019,-8.609,minor,2010
spotify:track:0p1ZvKFcy7tRv9n6G9MQv1,0p1ZvKFcy7tRv9n6G9MQv1,Bustin Loose (feat. Saara Maria & Austin Antione),Joomanji,2013,-8.674,minor,2010
spotify:track:21rDoHkvsf34lkdzmT0MWf,21rDoHkvsf34lkdzmT0MWf,Si Pudiera (En Directo),Los Suaves,2010,-3.354,major,2010
spotify:track:5rvL0NEoHmXFOT7Y0rRGN6,5rvL0NEoHmXFOT7Y0rRGN6,Break Neck,Villem,2019,-2.368,major,2010
spotify:track:39BcPlks19OIha3b2YOd6y,39BcPlks19OIha3b2YOd6y,La Tourterelle,Silver Sliver,2017,-23.164,minor,2010
spotify:track:1rZD4FRN4hDLDodOZMrwSt,1rZD4FRN4hDLDodOZMrwSt,Whisky Saga,The Fratellis,2013,-4.386,major,2010
spotify:track:0Qv5qTV99tE5tRo5Kqde4D,0Qv5qTV99tE5tRo5Kqde4D,Ready For Action,Dimitri Vegas & Like Mike,2017,-4.644,minor,2010
spotify:track:4mHJhT7DRwaiknbV09D8KU,4mHJhT7DRwaiknbV09D8KU,Dirt We Were Raised On,Jason Aldean,2019,-5.739,minor,2010
spotify:track:7sPuDdc8lANsB6Qejc8feF,7sPuDdc8lANsB6Qejc8feF,Sleep Aid,Baby Sleep Music,2018,-26.718,major,2010
spotify:track:14XFnESGA5JFfqUwJohIcQ,14XFnESGA5JFfqUwJohIcQ,Anatomía del sentimiento,Brock Ansiolitiko,2018,-11.993,major,2010
spotify:track:6BbKggtnyX77eqXb8LJffB,6BbKggtnyX77eqXb8LJffB,Song for the Crickets,Parov Stelar,2012,-13.798,minor,2010
spotify:track:5tAOQ8Ay6L7tF6Q1VsNkLp,5tAOQ8Ay6L7tF6Q1VsNkLp,Blockerad,Obligatorisk Tortyr,2014,-5.132,major,2010
spotify:track:4IClLO6yicHO6JzuD91O89,4IClLO6yicHO6JzuD91O89,Machines,Gideon,2017,-3.816,major,2010
spotify:track:5p2Q4PVztPgeeimmEwbCSX,5p2Q4PVztPgeeimmEwbCSX,Businessmen,Ibridoma,2012,-8.311,major,2010
spotify:track:7G7ElWW3RRlpC4EGNFsUh2,7G7ElWW3RRlpC4EGNFsUh2,Evenings on Pohara Beach,Rudy Adrian,2016,-27.7,minor,2010
spotify:track:1nfU8TLjr5eX23BGjdPgRw,1nfU8TLjr5eX23BGjdPgRw,The Gaels,Artesia,2013,-10.466,major,2010
spotify:track:0eIxhee0AiQHxK4aW0rZVP,0eIxhee0AiQHxK4aW0rZVP,Iris,Altars of Grief,2018,-3.945,minor,2010
spotify:track:53PFn870Yt8eMzesDjyxeY,53PFn870Yt8eMzesDjyxeY,Imperium Romanum - Original Mix,Niereich,2011,-11.636,major,2010
spotify:track:0abMD2VOnpUUjqfYcLNO8V,0abMD2VOnpUUjqfYcLNO8V,Dirty Flirty,Sly & Robbie,2012,-11.89,major,2010
spotify:track:3A1lpsmOqvAhEK9AUQKkb1,3A1lpsmOqvAhEK9AUQKkb1,Hamrer Hippyer,Heilung,2018,-8.517,major,2010
spotify:track:7yh6DnuKZBNog2UdWUkMUG,7yh6DnuKZBNog2UdWUkMUG,Journey Home,Atrium Carceri,2015,-22.29,major,2010
spotify:track:1nH1QkEAeuKvzWt2e0pZ7R,1nH1QkEAeuKvzWt2e0pZ7R,Bico Doce,Soró Silva,2013,-4.599,major,2010
spotify:track:3r2EoI2MJFhUnrKtFJZV3R,3r2EoI2MJFhUnrKtFJZV3R,Wannabe,Leyya,2018,-10.166,minor,2010
spotify:track:2fDS9RVbESui1ufoov4nGJ,2fDS9RVbESui1ufoov4nGJ,Mucha Experiencia - Su Reggaeton Mix,Los Pericos,2018,-7.927,major,2010
spotify:track:5xEck2KrlzQacIvqhoytDb,5xEck2KrlzQacIvqhoytDb,Catch Me if I Fall,The Bloody Irish Boys,2011,-4.318,major,2010
spotify:track:64jwu83EfQYuCkpsSB2hLK,64jwu83EfQYuCkpsSB2hLK,Adolescence,Circle Of Pain,2013,-4.213,minor,2010
spotify:track:1lrn6JAMF3JAX3yWvJHOp2,1lrn6JAMF3JAX3yWvJHOp2,Shin Hisako's Theme,Celldweller,2017,-3.928,major,2010
spotify:track:2UGm68GUq4dcoUBrKb4f7D,2UGm68GUq4dcoUBrKb4f7D,Final Abhorrent Dream,Rings of Saturn,2010,-2.122,major,2010
spotify:track:3CvCAiRuATGVjhctLtDsK3,3CvCAiRuATGVjhctLtDsK3,Punch in the Face,Frenzal Rhomb,2016,-4.984,major,2010
spotify:track:6cqHT94hHzdw0IaKwMGKQJ,6cqHT94hHzdw0IaKwMGKQJ,Run On,Blues Saraceno,2015,-7.245,minor,2010
spotify:track:217LuteR9uZbrD0Z1FYkt0,217LuteR9uZbrD0Z1FYkt0,After Midnight,Dorothy,2016,-5.287,minor,2010
spotify:track:3z9uM8XPr6sXAArNWnt03R,3z9uM8XPr6sXAArNWnt03R,Winter,Ernesto Cortazar,2011,-10.293,minor,2010
spotify:track:6cvLO8QBdmD3IIdppyuZnO,6cvLO8QBdmD3IIdppyuZnO,Im Yr Dog,Richie Woods,2015,-10.042,major,2010
spotify:track:4RTVmuSUQid848whgXicd6,4RTVmuSUQid848whgXicd6,Yes Way,Weekend Nachos,2013,-4.294,major,2010
spotify:track:4AXLkVtuMjv5q2XdBlMjQ3,4AXLkVtuMjv5q2XdBlMjQ3,Obvious,Deorro,2019,-5.079,minor,2010
spotify:track:6kJ26M3GcY1M4AiChYGt2L,6kJ26M3GcY1M4AiChYGt2L,"You're Alright. You Know That, Kid",Not Half Bad,2015,-5.564,major,2010
spotify:track:7pxwA1zp87Md2flPamX3IM,7pxwA1zp87Md2flPamX3IM,Make Some Noise,Martin Lawrence,2016,-2.802,minor,2010
spotify:track:1AyyFKBTIcZ3UPxKufvvSQ,1AyyFKBTIcZ3UPxKufvvSQ,Christmas Past,Paul Cardall,2018,-19.451,minor,2010
spotify:track:0lCjtYFkOk2txkiHttXk0O,0lCjtYFkOk2txkiHttXk0O,"10,000 Reasons (Bless the Lord)",Worship Music Piano,2015,-24.359,major,2010
spotify:track:6sqnXfS724yPZtLxrLXZuA,6sqnXfS724yPZtLxrLXZuA,Kids,Childish Gambino,2011,-11.142,major,2010
spotify:track:0DKTtLVhVTvdFhzqCqKEz9,0DKTtLVhVTvdFhzqCqKEz9,Burning Sun Dub,Scientist,2010,-17.274,major,2010
spotify:track:1RBS3i721T4cFtsMvNX0DW,1RBS3i721T4cFtsMvNX0DW,Absenta,Bruno Sanfilippo,2014,-23.804,major,2010
spotify:track:2xy1vphGnqDD6v48WTIL3h,2xy1vphGnqDD6v48WTIL3h,Damage,EXO,2018,-4.068,major,2010
spotify:track:3d3yqawxcXe9zpxleJ9ebU,3d3yqawxcXe9zpxleJ9ebU,"Let It Grow - Live Radio City Music Hall New York City Oct., 1980",Grateful Dead,2013,-8.248,minor,2010
spotify:track:1hvtQqJSaRAWP0PCW3P80Q,1hvtQqJSaRAWP0PCW3P80Q,Mis Ojos Lloran por Tí,You Salsa,2018,-5.466,major,2010
spotify:track:0UHa7vZKYkljWhXrvjypQr,0UHa7vZKYkljWhXrvjypQr,Ceifador,OBITTO,2016,-14.379,minor,2010
spotify:track:16Aall3BJEip0XHg1RnS1R,16Aall3BJEip0XHg1RnS1R,No Meio Do Povão / Citação: Depois Que O Ilê Passar,Ivete Sangalo,2012,-5.01,major,2010
spotify:track:4J6xqufsqjDA5WoBhxpC0w,4J6xqufsqjDA5WoBhxpC0w,Meditation,Liquid Mind,2012,-21.551,major,2010
spotify:track:4tyBvmuO1iRQRN5ePDNajW,4tyBvmuO1iRQRN5ePDNajW,Cloud of Hell,Destined To Die,2018,-7.356,minor,2010
spotify:track:0P6J2UFhel9CLlXKk6nBAJ,0P6J2UFhel9CLlXKk6nBAJ,The Sound Of E - Jorn van Deynhoven Remix,Ultra Shock,2018,-6.676,major,2010
spotify:track:0n9Le5SnqdeJ2senJ4SwJa,0n9Le5SnqdeJ2senJ4SwJa,Can't Hold Me Down - Boogie T Remix,GRiZ,2017,-5.12,minor,2010
spotify:track:3hRcbMr9m4DuG3IIbW3x6n,3hRcbMr9m4DuG3IIbW3x6n,San Francisco Blue,Joe Satriani,2015,-9.811,major,2010
spotify:track:16yiUTjNc11W8r0DS5yU4p,16yiUTjNc11W8r0DS5yU4p,Living in L.A.,Dan St. Germain,2015,-12.394,major,2010
spotify:track:0v9WwqC1hW1cZhH63gDMWf,0v9WwqC1hW1cZhH63gDMWf,Farmer's Field,Nicole Dollanganger,2012,-14.952,minor,2010
spotify:track:6krmXJ92ov0UpUWKUWDz6D,6krmXJ92ov0UpUWKUWDz6D,Hesperia Soul - Drum Mix,Jovonn,2018,-8.284,major,2010
spotify:track:1ETNKvZ4HSDygBbHnT81jJ,1ETNKvZ4HSDygBbHnT81jJ,Seth Court - Original Mix,Moa Pillar,2012,-5.881,major,2010
spotify:track:4yPF4OrjiuzJRTTaRIMhLd,4yPF4OrjiuzJRTTaRIMhLd,24 Hours Awake,Plastique Noir,2015,-4.091,major,2010
spotify:track:4jdVy9KRA0CJouESmyBOJ2,4jdVy9KRA0CJouESmyBOJ2,O,Vexare,2013,-6.037,minor,2010
spotify:track:15cl0puLLOLAyf3SLcdkL0,15cl0puLLOLAyf3SLcdkL0,El Correo del Zar,Los lagos de Hinault,2011,-5.542,major,2010
spotify:track:3v2eK8bowuvPF6v5ZzCSOi,3v2eK8bowuvPF6v5ZzCSOi,Moonlight Drive - 2017 Remaster,The Doors,2017,-11.443,major,2010
spotify:track:4ubhMy4AlsjWVjkB9dKHUK,4ubhMy4AlsjWVjkB9dKHUK,Illusions,Thelem,2011,-5.159,major,2010
spotify:track:6X87xfG4mrFjc7zUnezfA8,6X87xfG4mrFjc7zUnezfA8,Sonata in A for Violin and Piano: 1st Movement - Allegretto ben motto,César Franck,2011,-22.896,major,2010
spotify:track:5bDrITTvtMiAml4O1HGi8r,5bDrITTvtMiAml4O1HGi8r,"Can't Get Enough of Your Love - 7"" Version",Pink Rhythm,2017,-6.133,minor,2010
spotify:track:4vXZNlgq2B0XXRwkQTfdQP,4vXZNlgq2B0XXRwkQTfdQP,Ouvert,DAVID AUGUST,2016,-9.014,minor,2010
spotify:track:02qoqHv29LQCBw1mymxlY5,02qoqHv29LQCBw1mymxlY5,Fakkin fin,Labyrint,2014,-5.309,minor,2010
spotify:track:7M1myT3hDsDHR9iK5Ah5Xl,7M1myT3hDsDHR9iK5Ah5Xl,Bon Voyage,Seba,2017,-8.811,minor,2010
spotify:track:1IiUfh7JvTH5nTWIcZnstv,1IiUfh7JvTH5nTWIcZnstv,Inner World,Vermin Womb,2016,-4.225,minor,2010
spotify:track:0t9lVuPC8DWxtFywHffDs6,0t9lVuPC8DWxtFywHffDs6,Wildwood Flower,The Carter Family,2013,-13.317,major,2010
spotify:track:3mUT7tJBp5nDGSzvYEogku,3mUT7tJBp5nDGSzvYEogku,The Story Of 'The Die Is Cast',Enigma,2016,-17.303,minor,2010
spotify:track:09dYBNQmhwdHjwZt9GdSju,09dYBNQmhwdHjwZt9GdSju,Misconception,Nobuo Uematsu,2016,-22.98,minor,2010
spotify:track:2CerP7MnUnMVX35RKK5RRz,2CerP7MnUnMVX35RKK5RRz,Day & Night - DJ Kone & Marc Palacios Remix,Lissat & Voltaxx,2014,-6.203,major,2010
spotify:track:4bZOwcdzIVrbCxyuTXPhvE,4bZOwcdzIVrbCxyuTXPhvE,さよならの向こう側,Ningen Isu,2016,-6.092,minor,2010
spotify:track:4S4w9cBe2mH9dODjhGQmZF,4S4w9cBe2mH9dODjhGQmZF,I Got the Juice,Meek Mill,2015,-7.328,major,2010
spotify:track:7tJvSD0hehyE4MBvg0FO6V,7tJvSD0hehyE4MBvg0FO6V,If Not Now,Carrie Newcomer,2010,-12.948,major,2010
spotify:track:1u2KOggss8FKXAezL2mRs3,1u2KOggss8FKXAezL2mRs3,Get Mad - Fuuuuuuu-- Mix,Da Tweekaz,2012,-10.595,major,2010
spotify:track:7fq1bAroEHgd27rk0FS6pH,7fq1bAroEHgd27rk0FS6pH,Live Before I Die,Crazy Lixx,2017,-5.957,major,2010
spotify:track:0AMdVoWC09kghQxEqxRMcm,0AMdVoWC09kghQxEqxRMcm,Laxmi Mata Amritwani,Pamela Jain,2019,-2.565,major,2010
spotify:track:26GdD6YPKkRJQgMKqjZKrX,26GdD6YPKkRJQgMKqjZKrX,Rest Stop Bathroom,Human Kitten,2016,-15.435,minor,2010
spotify:track:0X6tMyAwgUop5bMfwJfCNs,0X6tMyAwgUop5bMfwJfCNs,Ain't Nobody (Airwolf Remix),Torren Foot,2014,-6.946,minor,2010
spotify:track:3vptHSzplYk3KKjrf9SE2m,3vptHSzplYk3KKjrf9SE2m,Bliss,Jim Brickman,2016,-24.478,major,2010
spotify:track:6cTKxumAES1Kqul49VpM3u,6cTKxumAES1Kqul49VpM3u,Beasts of Babylon,Eprom,2013,-7.884,major,2010
spotify:track:5dIkhsFa4FqweCUJkO8Wce,5dIkhsFa4FqweCUJkO8Wce,Sacred,In Hearts Wake,2014,-1.885,minor,2010
spotify:track:61VzqUUgrLACQ4TOlBFG48,61VzqUUgrLACQ4TOlBFG48,Jesus Messiah,Wade McNutt,2011,-13.322,major,2010
spotify:track:0RtHLph8SuBwWvH9T9hIRa,0RtHLph8SuBwWvH9T9hIRa,Electric Daisy Violin,Lindsey Stirling,2012,-6.109,minor,2010
spotify:track:4DOKu8qrEuq5jY5zdn4PLY,4DOKu8qrEuq5jY5zdn4PLY,Freedom,Burning Spear,2012,-7.744,major,2010
spotify:track:6ptHmuZsP4eBgHEWqNejKi,6ptHmuZsP4eBgHEWqNejKi,What's Next?,OFF!,2013,-3.396,minor,2010
spotify:track:4ii8x0vbQ0eFoYbOQHAOKf,4ii8x0vbQ0eFoYbOQHAOKf,Memories,Rygel,2012,-4.863,minor,2010
spotify:track:5Zj7nQgikLMlf2Gc8ss0BE,5Zj7nQgikLMlf2Gc8ss0BE,Back To Paradise,Ferry Corsten,2016,-5.428,minor,2010
spotify:track:76qbzR0I7t7Fn2aAh5mLcA,76qbzR0I7t7Fn2aAh5mLcA,Jeff - MAMF Remix,K Motionz,2015,-1.321,major,2010
spotify:track:1SJcHrjiYGZ4htD0I1V1ew,1SJcHrjiYGZ4htD0I1V1ew,Sit Down,Penguin Prison,2015,-5.951,major,2010
spotify:track:6UjF565vvHN2vPbAajmqys,6UjF565vvHN2vPbAajmqys,宇宙からの色 (Live),Ningen Isu,2017,-4.6,major,2010
spotify:track:0cDLPi09YwQx2aGv6Y9sOt,0cDLPi09YwQx2aGv6Y9sOt,Wha Gwarn? - London Bars Vol. III,Chase & Status,2015,-4.434,major,2010
spotify:track:5fLopat1kQeAMU7DQ6eKHL,5fLopat1kQeAMU7DQ6eKHL,One LFO - Ralph Lawson Remix,Ataxia,2019,-11.433,minor,2010
spotify:track:5cJfRpdcXzoVEqYEaAseUZ,5cJfRpdcXzoVEqYEaAseUZ,Before I Get There,Bronze Radio Return,2015,-3.909,major,2010
spotify:track:6XSrJwpOYAcoltEBe3R2WG,6XSrJwpOYAcoltEBe3R2WG,Caruru (feat. Iara Rennó),Quantic,2014,-5.48,major,2010
spotify:track:4cmgIrUbyD8ufOIiXr0HCV,4cmgIrUbyD8ufOIiXr0HCV,You Won't Let Me,Rachael Yamagata,2011,-7.718,major,2010
spotify:track:566ngrRxHZb7VQ18VXrWPU,566ngrRxHZb7VQ18VXrWPU,"Hello, San Francisco",Nick Youssef,2016,-9.383,minor,2010
spotify:track:5I7z8fh3WTwQopa791uXjx,5I7z8fh3WTwQopa791uXjx,Cali Dreamin' (feat. Jitta On The Track),Chris Webby,2017,-9.955,minor,2010
spotify:track:7tVpT0Pztznke15azOenA8,7tVpT0Pztznke15azOenA8,Nem Se Despediu de Mim,Dominguinhos,2014,-7.169,major,2010
spotify:track:0SZu3XKODtM5mShXP6hGek,0SZu3XKODtM5mShXP6hGek,Rock Me Baby,Pappo,2017,-3.968,major,2010
spotify:track:3bXBJWKECds5o6jguCacVs,3bXBJWKECds5o6jguCacVs,Yours Is an Empty Hope - Instrumental,Nightwish,2015,-9.508,major,2010
spotify:track:2G46bwsMi2sZHlX3tXm2dh,2G46bwsMi2sZHlX3tXm2dh,Sweet Home Chicago - SA.2582-1,Robert Johnson,2011,-13.976,major,2010
spotify:track:4JEytbYRdZeTDJrAMwDnm1,4JEytbYRdZeTDJrAMwDnm1,Bury Me,Plain White T's,2018,-5.64,minor,2010
spotify:track:4RqWRur4WfOwdAunnrZBqQ,4RqWRur4WfOwdAunnrZBqQ,Prender el Alma,Nicola Cruz,2015,-9.813,minor,2010
spotify:track:0tYLZha2qhDgehPhpMqkFL,0tYLZha2qhDgehPhpMqkFL,Open Theme,Chris Cohen,2012,-7.2,major,2010
spotify:track:5nASGGi1QarKyMmGg2fhaB,5nASGGi1QarKyMmGg2fhaB,Pynk (feat. Grimes),Janelle Monáe,2018,-7.843,major,2010
spotify:track:2FtMMe5O1oDFA7Br0QjSST,2FtMMe5O1oDFA7Br0QjSST,Hobo Bill's Last Ride,Jimmie Rodgers,2013,-13.658,major,2010
spotify:track:6sqsjOvZbczUF3pxhVgepw,6sqsjOvZbczUF3pxhVgepw,Can I Make It Last (Or Will It Just Be Over),Ken Navarro,2014,-11.835,major,2010
spotify:track:3LQVmsecK49xDf3Q77IxFh,3LQVmsecK49xDf3Q77IxFh,The Meader,Beak>,2018,-6.498,minor,2010
spotify:track:1zdBFL2UtwbCEubEdcdSmU,1zdBFL2UtwbCEubEdcdSmU,When I'm Sixty Four,The Beatles,2014,-10.832,major,2010
spotify:track:1uWuCEHkiP63Og1pwvwmIh,1uWuCEHkiP63Og1pwvwmIh,До конца!,Трибунал,2018,-3.071,minor,2010
spotify:track:2WEmQOddyVHUUnlR5jNG6n,2WEmQOddyVHUUnlR5jNG6n,Dirt Road Disco,Colt Ford,2017,-5.967,minor,2010
spotify:track:35ULF2eAEggLGzmmWrdSji,35ULF2eAEggLGzmmWrdSji,Die Zockerbraut,Jan Hegenberg,2012,-6.719,major,2010
spotify:track:22JdTYxdp8gRcrLNSxJnX1,22JdTYxdp8gRcrLNSxJnX1,Loco,M2H,2018,-8.988,major,2010
spotify:track:4dkZ0M7HITDOb12yCsWxAG,4dkZ0M7HITDOb12yCsWxAG,While II,Tomasz Bednarczyk,2018,-28.936,major,2010
spotify:track:5047duxgf1W5oQiMPzojcY,5047duxgf1W5oQiMPzojcY,tap your glass,iamamiwhoami,2014,-7.39,major,2010
spotify:track:1Yo7X5HowJgPOnisWCexqI,1Yo7X5HowJgPOnisWCexqI,"String Quartet No. 4 in C Major, K. 157: I. Allegro",Wolfgang Amadeus Mozart,2011,-16.204,major,2010
spotify:track:04sGJee3gsfrFSEjz96kQh,04sGJee3gsfrFSEjz96kQh,Heartbeat,Dabruck & Klein,2011,-4.377,minor,2010
spotify:track:0pEbUoRo5ZSZG4XYT0On3b,0pEbUoRo5ZSZG4XYT0On3b,My Drug,Liquid Assassin,2016,-8.123,minor,2010
spotify:track:685hJZdYxiLkkalIKC6089,685hJZdYxiLkkalIKC6089,Tagen Av Daga,Månegarm,2015,-7.859,minor,2010
spotify:track:27TBXwRatYLFcv61tJTus0,27TBXwRatYLFcv61tJTus0,Humpback Whales Singing,Robbins Island Music Group,2013,-20.397,minor,2010
spotify:track:2gd03YhialHdFEm8XWlBpw,2gd03YhialHdFEm8XWlBpw,Harp Guitar Dreams,John Doan,2016,-19.846,minor,2010
spotify:track:2HaxcR84u9Cw0BaNsDGpfO,2HaxcR84u9Cw0BaNsDGpfO,"Fedora / Act 2: Se innocente sei davvero, crederà",Umberto Giordano,2011,-22.767,minor,2010
spotify:track:0mpaYcTegBLzWFOmJ7URWV,0mpaYcTegBLzWFOmJ7URWV,Altos e Baixos - Ao vivo,Dorina,2017,-14.655,minor,2010
spotify:track:15ryuyQR7bkpoC24VUjhFg,15ryuyQR7bkpoC24VUjhFg,The Heretic,1349,2011,-10.435,major,2010
spotify:track:5qFEJcVLTiFRZG13ddVPpw,5qFEJcVLTiFRZG13ddVPpw,Siberiana,Al Di Meola,2011,-9.922,minor,2010
spotify:track:4e1Lu7foYZcQfCtkVHgMst,4e1Lu7foYZcQfCtkVHgMst,Straight Sun,Orbital,2012,-7.796,minor,2010
spotify:track:5W9kEBSWZjqfl41flVvWwl,5W9kEBSWZjqfl41flVvWwl,Type Recurrent,Deeparture,2019,-8.596,minor,2010
spotify:track:2DhJRIX8P6T6vcuyta0onh,2DhJRIX8P6T6vcuyta0onh,Savior,IAMNOBODI,2019,-8.016,major,2010
spotify:track:08cSHYIgFt69siP7pxDSL2,08cSHYIgFt69siP7pxDSL2,Shine On You Crazy Diamond (Parts 1-5) - Live at Knebworth 1990,Pink Floyd,2019,-12.11,minor,2010
spotify:track:681hNWXDCY5ParlhK4Vvlw,681hNWXDCY5ParlhK4Vvlw,Somliga går med trasiga skor,Cornelis Vreeswijk,2011,-15.141,major,2010
spotify:track:4foKEzs442JODnkwNRro1R,4foKEzs442JODnkwNRro1R,Still Got the Blues,Eric Clapton,2013,-9.516,minor,2010
spotify:track:0lV6mjbaqeVY7AlUt7soJy,0lV6mjbaqeVY7AlUt7soJy,"Wish You Were Here - Live at HQ, Los Angeles, CA - June/July 2011",Incubus,2012,-7.122,major,2010
spotify:track:5EVTi0p7iRunuimM0xdoyy,5EVTi0p7iRunuimM0xdoyy,Bledsoe Bluvd,Steve Vai,2010,-8.302,minor,2010
spotify:track:6T5hm9vlO1AWwd6I9971Dm,6T5hm9vlO1AWwd6I9971Dm,Qué Linda Es Mi Bandera,Hugo Díaz,2012,-7.518,major,2010
spotify:track:1Chlkd9NXklC3BwtBoIWah,1Chlkd9NXklC3BwtBoIWah,Baby Lullaby (Background Sleep Music),Baby Lullaby,2017,-20.463,major,2010
spotify:track:1YVWGT2fQscmhqsuQ8yEGE,1YVWGT2fQscmhqsuQ8yEGE,Autoterapia,IZAL,2018,-6.693,minor,2010
spotify:track:0B5V2Bwq940RBd4u5W1oTo,0B5V2Bwq940RBd4u5W1oTo,האהבה הזאת שלנו,Ivri Lider,2015,-5.209,major,2010
spotify:track:5WPVxossQMhnx72ZOCzo9I,5WPVxossQMhnx72ZOCzo9I,Stayin' Alive,Tropical Fuck Storm,2018,-5.369,minor,2010
spotify:track:3e2NyLZ7e0HswztHJ9WDyl,3e2NyLZ7e0HswztHJ9WDyl,(I Know) I'm Losing You (feat. Roosevelt Collier and Wes Watkins),The Fabulous Thunderbirds,2016,-9.207,major,2010
spotify:track:2ulxdrkTzj8M8B1arPR6G5,2ulxdrkTzj8M8B1arPR6G5,Messiah Complex (Live In Tokyo 2017),SABER TIGER,2018,-4.479,minor,2010
spotify:track:3bauoOPAu0bY8XKqNpwDI8,3bauoOPAu0bY8XKqNpwDI8,Woke Up Like This,Chris Young,2017,-5.86,major,2010
spotify:track:2DT4FA6QOsCO9tE3Id5kNc,2DT4FA6QOsCO9tE3Id5kNc,Waiting On The World To Change,Taj Mahal,2017,-8.924,major,2010
spotify:track:7Fllw6YM8bcebfDXoSwxYW,7Fllw6YM8bcebfDXoSwxYW,Some Enchanted Evening,Jackie Evancho,2012,-9.253,major,2010
spotify:track:527gqW5WlDxxPzKez4c3AS,527gqW5WlDxxPzKez4c3AS,Tetrahedron: The Culling of the Unwanted from the Earth,Dodecahedron,2017,-4.278,minor,2010
spotify:track:72caAD39LTwMLgvbvzKX4E,72caAD39LTwMLgvbvzKX4E,Fucking the Viscera,Gorgasm,2010,-6.746,minor,2010
spotify:track:6RQtK3oZg5Q4tJDYpDBwqB,6RQtK3oZg5Q4tJDYpDBwqB,Tears Of The Forest,David Arkenstone,2019,-11.979,minor,2010
spotify:track:4O1BTJH3DWDpdCfTzZeXSj,4O1BTJH3DWDpdCfTzZeXSj,The Fox,The Filthy Six,2012,-14.253,minor,2010
spotify:track:3QiXTBypwiOaPLQhmJqlE9,3QiXTBypwiOaPLQhmJqlE9,ASTERISM (Interlude),DJ Krush,2018,-7.134,minor,2010
spotify:track:6KLgKZwCJp8GWo35KEOF3S,6KLgKZwCJp8GWo35KEOF3S,The Beginning...,John Legend,2013,-5.453,minor,2010
spotify:track:5jcjr6l6T0mttazn0HnUez,5jcjr6l6T0mttazn0HnUez,Flor de Lino,Aníbal Troilo,2018,-9.709,major,2010
spotify:track:085XpQzAKm4nAfcfRp2get,085XpQzAKm4nAfcfRp2get,Get Free (feat. Amber Coffman),Major Lazer,2013,-9.366,minor,2010
spotify:track:7yEuDcNgsZYmiNiKmUcHCG,7yEuDcNgsZYmiNiKmUcHCG,Roots & Chalice,Chronixx,2016,-7.039,major,2010
spotify:track:65lp2qujUHrsHL8bbjOLvf,65lp2qujUHrsHL8bbjOLvf,There Is a Reason,Puzzle,2016,-13.724,major,2010
spotify:track:1n54Xmd3jGmcrZyqJyoqm6,1n54Xmd3jGmcrZyqJyoqm6,A Moment of Weakness,RJD2,2010,-6.829,minor,2010
spotify:track:55VzNhbcf0Gxf6qRCUAV01,55VzNhbcf0Gxf6qRCUAV01,Little Bad Girl (feat. Taio Cruz & Ludacris),David Guetta,2012,-2.748,minor,2010
spotify:track:1fTGud5T8TUecNuEFVMD3y,1fTGud5T8TUecNuEFVMD3y,Minuit 13 (feat. Christine and the Queens & Oxmo Puccino),Hamza,2019,-11.18,major,2010
spotify:track:2op4K3nsMC6TOp6AHFuWQk,2op4K3nsMC6TOp6AHFuWQk,Complacent,Indii G.,2018,-10.123,minor,2010
spotify:track:5h5tby7IwzGR2VNmMvsVt8,5h5tby7IwzGR2VNmMvsVt8,Just The Two Of Us,"Grover Washington, Jr.",2010,-10.031,minor,2010
spotify:track:5WLmyVkZ3haLSCterGkCHQ,5WLmyVkZ3haLSCterGkCHQ,Afterhour,Kalabrese,2013,-8.38,major,2010
spotify:track:2k6jQsgDxOBMRQ3zceRs2C,2k6jQsgDxOBMRQ3zceRs2C,Galope À Beiramar Soletrado,Xangai,2013,-10.689,major,2010
spotify:track:2B9AuhqscBrgWb1vxj1CBz,2B9AuhqscBrgWb1vxj1CBz,The Tsa,Ari Shaffir,2015,-8.231,minor,2010
spotify:track:6ViRCFJWXHaviTaM9ToK3G,6ViRCFJWXHaviTaM9ToK3G,Send Nudes,Regal,2017,-6.76,major,2010
spotify:track:4SYqypJlOI3mhf6zinkaUL,4SYqypJlOI3mhf6zinkaUL,Through The Wind,Michael Ottosson,2019,-24.976,minor,2010
spotify:track:6tRoadbRK6CvaRH6HuL18k,6tRoadbRK6CvaRH6HuL18k,Ironfoot,Howard Shore,2014,-14.484,major,2010
spotify:track:31DvluMaIaZ7uIYjSmVUJE,31DvluMaIaZ7uIYjSmVUJE,Santa Claus Is Coming to Town,Barry Manilow,2012,-5.705,major,2010
spotify:track:3QS2vfLNDLs8ThOkNHO8YZ,3QS2vfLNDLs8ThOkNHO8YZ,The Inevitable Genocide,Chaos,2017,-3.557,major,2010
spotify:track:1VygXSKw64D0c7BnuGE43Z,1VygXSKw64D0c7BnuGE43Z,Beautiful Heartbeat - Deorro Remix,MORTEN,2017,-7.486,minor,2010
spotify:track:3iQCO7V5fPz9psiTszVcXF,3iQCO7V5fPz9psiTszVcXF,You To Me Are Everything,The Real Thing,2013,-4.328,major,2010
spotify:track:5jAL7fOMNMWc4KAKSWmzwQ,5jAL7fOMNMWc4KAKSWmzwQ,Great Men,Busy Signal,2019,-4.172,major,2010
spotify:track:7wI2oXpw1Ym4Ywtf8HMeKc,7wI2oXpw1Ym4Ywtf8HMeKc,Silent Waters - Live at Huvila,Amorphis,2017,-8.614,minor,2010
spotify:track:1SqQIOXs3Op8Lnt142G44c,1SqQIOXs3Op8Lnt142G44c,Big Man,Jackie Mittoo,2013,-7.023,minor,2010
spotify:track:5XvNX0RDgDZ3OmMM6fbLxd,5XvNX0RDgDZ3OmMM6fbLxd,Heading Home - Feki Remix,Gryffin,2016,-6.741,major,2010
spotify:track:3GGRuL8SzG63BA5d8qOvLd,3GGRuL8SzG63BA5d8qOvLd,Within a Sleeping Forest,My Dying Bride,2015,-5.768,minor,2010
spotify:track:7DZFCSaeNayxrNepVY9f6H,7DZFCSaeNayxrNepVY9f6H,Dominate - Instrumental Mix,Figure,2012,-3.966,major,2010
spotify:track:0PyGOEylGJ63YvEtA7Dw9P,0PyGOEylGJ63YvEtA7Dw9P,Here with You,Lost Frequencies,2017,-6.887,major,2010
spotify:track:5kWbmJzK2LYNLhcs7DKR9e,5kWbmJzK2LYNLhcs7DKR9e,I Hope You Die,Molly Nilsson,2011,-10.167,minor,2010
spotify:track:16cRbq0B9cpBivRgXHk4wd,16cRbq0B9cpBivRgXHk4wd,Remember Everything,Five Finger Death Punch,2011,-4.07,minor,2010
spotify:track:2eFDABJEiRV1V4cm55v33s,2eFDABJEiRV1V4cm55v33s,ily,sadeyes,2019,-8.482,minor,2010
spotify:track:3n4KlFvD5go4Ul1s27W9yz,3n4KlFvD5go4Ul1s27W9yz,Expectativa - Ao Vivo,Maiara & Maraisa,2019,-2.458,minor,2010
spotify:track:5LqHJL3NDuGzyq6mMYD4Eq,5LqHJL3NDuGzyq6mMYD4Eq,Run (feat. RedFoo of LMFAO) - Bonus Track,Flo Rida,2012,-4.453,major,2010
spotify:track:05zidOBENlUtzKTXsVF2ss,05zidOBENlUtzKTXsVF2ss,Daddy,Die Antwoord,2016,-5.765,major,2010
spotify:track:28Q5hNuXYYOVNEAorGFOiY,28Q5hNuXYYOVNEAorGFOiY,Inside Out - Tycho Remix,Spoon,2015,-7.046,major,2010
spotify:track:3FIonH7Bwx8IMa0xXngfsS,3FIonH7Bwx8IMa0xXngfsS,Un Nouveau Soleil,M83,2014,-10.459,major,2010
spotify:track:5ZcMKCOAQibdLfJtfrYU2I,5ZcMKCOAQibdLfJtfrYU2I,Elliruve Thande Baaro,Kadri Gopalnath,2012,-7.539,major,2010
spotify:track:6dgUQzSvWrrm1XVMnGf3hF,6dgUQzSvWrrm1XVMnGf3hF,Calm,Chihei Hatakeyama,2010,-19.361,major,2010
spotify:track:7tR4W3EZ81oSK8i2jDhde7,7tR4W3EZ81oSK8i2jDhde7,Party With You,Benny Page,2018,-3.344,minor,2010
spotify:track:7owtO9ZBTqTggJojaTKEkE,7owtO9ZBTqTggJojaTKEkE,안 보여 Come On,GOT7,2018,-3.487,minor,2010
spotify:track:4krXVBqap1B6IA3XwgAZxM,4krXVBqap1B6IA3XwgAZxM,Maxixe Da Maria,Trio Nordestino,2013,-8.506,major,2010
spotify:track:4rvQJWceSRt3o4oHYqQZzL,4rvQJWceSRt3o4oHYqQZzL,Why Tho,Walker & Royce,2017,-6.652,major,2010
spotify:track:2Pk2dII4rBGPSEm9VIVNEq,2Pk2dII4rBGPSEm9VIVNEq,When I See You,Fats Domino,2017,-4.168,major,2010
spotify:track:6UUggq9GAR0IjCoBscRw9C,6UUggq9GAR0IjCoBscRw9C,Let's Get It On - LOVRA Remix,Marvin Gaye,2015,-6.423,minor,2010
spotify:track:4ynrxl6ZzqHFu1qGU2TkiS,4ynrxl6ZzqHFu1qGU2TkiS,Follow The Light,Brennan Heart,2015,-3.611,minor,2010
spotify:track:54SEsuLm43yxTeFTkSAnk5,54SEsuLm43yxTeFTkSAnk5,When I'm Gone,Joey + Rory,2012,-10.76,major,2010
spotify:track:3W0cLG05xiU9Pqaey8vcFz,3W0cLG05xiU9Pqaey8vcFz,Testing Time Letting Go,Space Behind The Yellow Room,2014,-8.449,major,2010
spotify:track:0sQZU8Hzaj16o8lO7xMdOG,0sQZU8Hzaj16o8lO7xMdOG,Viento_Variation JD_,Tennyson,2012,-9.0,minor,2010
spotify:track:3SUpnINkmxV7pc6C1ClyU8,3SUpnINkmxV7pc6C1ClyU8,"Mujhe Pyar Hua Allah Miya (With Jhankar Beats) [From ""Judaai""]",Alka Yagnik,2017,-3.845,minor,2010
spotify:track:0Py1X6Ip44nVV52nhxNNSx,0Py1X6Ip44nVV52nhxNNSx,Once In A Lifetime,Dezza,2018,-9.215,major,2010
spotify:track:7Ah4h76pPWw0qgivmS8Lsh,7Ah4h76pPWw0qgivmS8Lsh,Se Cristo Comigo Vai,Gerson Rufino,2017,-10.677,major,2010
spotify:track:2wrMLU6ZDyt7cphq2IWXwG,2wrMLU6ZDyt7cphq2IWXwG,Six Feet Under,Dayseeker,2017,-5.569,minor,2010
spotify:track:1yTYrYzQQ2A73BUicXaRGY,1yTYrYzQQ2A73BUicXaRGY,Aprovecha Lo Mio,Cano Estremera,2019,-10.498,minor,2010
spotify:track:2UF1N9S1Of3UgQ0XYZ75CP,2UF1N9S1Of3UgQ0XYZ75CP,90s by Nature - Tujamo Remix,Showtek,2015,-5.169,major,2010
spotify:track:4qPl00tFHcr4ihpq50kDUu,4qPl00tFHcr4ihpq50kDUu,Cruisin',Gene Vincent & His Blue Caps,2015,-6.025,major,2010
spotify:track:2ykKy6ftXQafp9lrwXslY4,2ykKy6ftXQafp9lrwXslY4,ghostin,Knowmadic,2017,-13.622,major,2010
spotify:track:0nUOSWxlUZcJmuW2hJcv0B,0nUOSWxlUZcJmuW2hJcv0B,Go Gently,MettaForm,2019,-30.158,major,2010
spotify:track:3IrPSIZXepPwIoKLQ4ADad,3IrPSIZXepPwIoKLQ4ADad,Error 404,Martin Garrix,2013,-7.103,major,2010
spotify:track:4hTKcE0mUgPkfmv4u98Q5p,4hTKcE0mUgPkfmv4u98Q5p,Gas Pedal - Dave Audé Radio Remix,Sage The Gemini,2013,-1.345,minor,2010
spotify:track:2MkC9K1rrG5kcYqJJxDsoR,2MkC9K1rrG5kcYqJJxDsoR,Dios te salve m'hijo,Julio Sosa,2010,-13.85,minor,2010
spotify:track:1ORjvu9I0NhHu76VpTzrVH,1ORjvu9I0NhHu76VpTzrVH,Amar: Human II,Armand Amar,2015,-21.041,minor,2010
spotify:track:0ktKCxTGEoLgUy3qlPZ7ne,0ktKCxTGEoLgUy3qlPZ7ne,Blk Stallion,✝✝✝ (Crosses),2014,-3.316,major,2010
spotify:track:1FCDNXjnnAKfvHEVR41yWv,1FCDNXjnnAKfvHEVR41yWv,Laila O Laila,Ali Zafar,2019,-3.876,minor,2010
spotify:track:0Dngt6JZHUD6VlqkxNxFFK,0Dngt6JZHUD6VlqkxNxFFK,Crazy,Mission Hill,2010,-5.331,major,2010
spotify:track:0LvehGrj4MzUF0jyNYpaIi,0LvehGrj4MzUF0jyNYpaIi,The Facility,Sabled Sun,2014,-23.984,minor,2010
spotify:track:1SN2iTVaRnbXCzFxAPSBxM,1SN2iTVaRnbXCzFxAPSBxM,Don't Play With Me,Karen Wolfe,2012,-13.191,minor,2010
spotify:track:2ZkZJ4L0NZ9CxS27cVRKtg,2ZkZJ4L0NZ9CxS27cVRKtg,Thillana - Kadanakuduhalam - Adi,Lalgudi Vijayalakshmi,2011,-3.696,major,2010
spotify:track:4AZgT04YlWZbRaMdh8W7Xl,4AZgT04YlWZbRaMdh8W7Xl,Lovesick in Toledo,Cy Amundson,2014,-9.081,minor,2010
spotify:track:3s8iTcup9R9AtYVrMmAPpW,3s8iTcup9R9AtYVrMmAPpW,Etude,Janis Crunch,2012,-15.65,major,2010
spotify:track:56mk6b82IPZ8tHRWMPPGpO,56mk6b82IPZ8tHRWMPPGpO,Can You Handle It? (Luv U) - Father Funk Remix,Cut La Roc,2015,-7.728,minor,2010
spotify:track:70WkfhA4a49FRFWa6Dw2eR,70WkfhA4a49FRFWa6Dw2eR,Right De Suh,Charly Black,2016,-4.463,major,2010
spotify:track:4H1sJFFnsRCLFx2iGiFAeL,4H1sJFFnsRCLFx2iGiFAeL,Mystery,Deepack,2017,-5.417,major,2010
spotify:track:6yWULqhEkwCMxKkJRmVh9M,6yWULqhEkwCMxKkJRmVh9M,Reflections from the Moon,Bill Frisell,2014,-14.971,major,2010
spotify:track:19ts4uqOimLvSbu4DyOWE2,19ts4uqOimLvSbu4DyOWE2,Pleasure,Justice,2016,-5.716,minor,2010
spotify:track:5D4LjcE3KLEUVuJTQxqqTm,5D4LjcE3KLEUVuJTQxqqTm,Saco de Ouro,Eduardo Costa,2017,-3.976,major,2010
spotify:track:6d1yjt7BhEHbSktxdUfzYe,6d1yjt7BhEHbSktxdUfzYe,Bleed In Vain,Alif Tree,2011,-10.35,minor,2010
spotify:track:0ESv1NJle1VUWGXwuvWboh,0ESv1NJle1VUWGXwuvWboh,Zero Dark Thirty,Aesop Rock,2012,-7.408,major,2010
spotify:track:4owCoFE0zB8Mp887yWpdEH,4owCoFE0zB8Mp887yWpdEH,Come Close - Edited Album Version,Common,2010,-8.47,major,2010
spotify:track:0mPSCezSoNuvczU2sDP1fP,0mPSCezSoNuvczU2sDP1fP,Situations,Slaughter & The Dogs,2018,-4.284,major,2010
spotify:track:2WxOZ2BvDoqIN7KZJkpGDm,2WxOZ2BvDoqIN7KZJkpGDm,Trophy Hunter - Instrumental,Within Temptation,2019,-6.0,minor,2010
spotify:track:00e2vGypAcrbGduoAK3u2M,00e2vGypAcrbGduoAK3u2M,Nata Vimpi Cvrmid / IRA Sancti (When the Saints Are Going Wild),Eluveitie,2018,-5.187,minor,2010
spotify:track:7j9wITaYoOYdh3WM0kkL5c,7j9wITaYoOYdh3WM0kkL5c,Salutations,Shem,2010,-5.021,major,2010
spotify:track:2XCKOrXEPpGtdZHIslxplC,2XCKOrXEPpGtdZHIslxplC,Arlequín,Nana Pancha,2014,-5.553,minor,2010
spotify:track:66vRCOvDicty9qeMe3Ks14,66vRCOvDicty9qeMe3Ks14,im not one to cry,Unaloon,2018,-10.807,major,2010
spotify:track:3hPcKmjbMzZcck2mIeQvvN,3hPcKmjbMzZcck2mIeQvvN,KING OF THE STREAK,Seikima-II,2013,-4.86,major,2010
spotify:track:2lKvzpiUjuuK7OMnY9vWRe,2lKvzpiUjuuK7OMnY9vWRe,Cuatro Estaciones,Bobby Cruz,2014,-5.614,major,2010
spotify:track:6oSr03g66QQk0hewZoDyzi,6oSr03g66QQk0hewZoDyzi,The Loves of Cleopatra,Claude-Michel Schönberg,2011,-27.264,major,2010
spotify:track:1vw1Rm9KYh0jIgOa8zMZ2p,1vw1Rm9KYh0jIgOa8zMZ2p,Así,Txarrena,2011,-3.856,major,2010
spotify:track:4GwsQMAZKzwHK3I4aBGp1A,4GwsQMAZKzwHK3I4aBGp1A,Drag the Wounds Eternal,Trap Them,2011,-4.469,major,2010
spotify:track:0AJBa03FJvsCwXHjRoBpeM,0AJBa03FJvsCwXHjRoBpeM,Twisted,Kaz James,2018,-6.82,major,2010
spotify:track:4EqkSTWJK6TILxVvc4KowJ,4EqkSTWJK6TILxVvc4KowJ,Focus,jahmiel,2019,-6.487,minor,2010
spotify:track:6jYk46oSc16JrL78Lx21hR,6jYk46oSc16JrL78Lx21hR,Queen of Hearts,benches,2019,-4.804,minor,2010
spotify:track:4GbHGa0QHyiv4hvTYGVeiA,4GbHGa0QHyiv4hvTYGVeiA,Alive - Original Mix,Enzalla,2015,-10.948,major,2010
spotify:track:0WZWSfFk5iAReQGfIXzCj8,0WZWSfFk5iAReQGfIXzCj8,Lightning & Snow,Woods Of Ypres,2012,-5.211,minor,2010
spotify:track:1WCQ4Ugvgu3wgZyETVrrk3,1WCQ4Ugvgu3wgZyETVrrk3,I Will Talk To You,Toro y Moi,2013,-13.918,minor,2010
spotify:track:3qoEJFMZKJbJYaTuelS8Hv,3qoEJFMZKJbJYaTuelS8Hv,Forgive Me,Anthony Evans,2011,-11.32,minor,2010
spotify:track:28cK4RQf1LAkeSoTgL2dLY,28cK4RQf1LAkeSoTgL2dLY,Used to Be an Angel,Magica,2010,-4.136,major,2010
spotify:track:2aS6LO0gcBEfCci57hToGW,2aS6LO0gcBEfCci57hToGW,Making Love with You - Demo Cassette Version,Old 97's,2014,-6.662,minor,2010
spotify:track:1VuvXOjDAXZRMg2k0X8xg3,1VuvXOjDAXZRMg2k0X8xg3,The Rain Must Fall - Remastered,Yanni,2018,-6.44,minor,2010
spotify:track:6XllVX4iQ8108alU5EBb5q,6XllVX4iQ8108alU5EBb5q,Baby-Punchers,Leftöver Crack,2018,-7.754,major,2010
spotify:track:7JwHWIvMFpyaX2OWhT0SD1,7JwHWIvMFpyaX2OWhT0SD1,Kill the Crown,Salt The Wound,2011,-8.489,major,2010
spotify:track:7z2uCTo5Wu9CCMOGHeHSQN,7z2uCTo5Wu9CCMOGHeHSQN,Mai,Videoclub,2019,-8.666,major,2010
spotify:track:3wuX1VBDy1wGTTuVnqJIow,3wuX1VBDy1wGTTuVnqJIow,Matches Var. 1 - Day 2,Ludovico Einaudi,2019,-25.147,major,2010
spotify:track:7o7zyJEn8maTCv3vkzZMLE,7o7zyJEn8maTCv3vkzZMLE,You Have Yuh Own,Elephant Man,2010,-3.543,major,2010
spotify:track:267o8vz41PP4uTq4xBgyy0,267o8vz41PP4uTq4xBgyy0,Honey,Van Larkins,2012,-20.608,major,2010
spotify:track:6ga0mSF6KxZ92ItF2qxbC7,6ga0mSF6KxZ92ItF2qxbC7,Piano Sonata in B Minor - No. I,Carlos Marquez,2016,-17.171,minor,2010
spotify:track:6lzewwqrvwtcNW57silbJe,6lzewwqrvwtcNW57silbJe,Adinat,Bombino,2013,-7.751,minor,2010
spotify:track:70eHeNLqya8z0zFg0DViQ3,70eHeNLqya8z0zFg0DViQ3,Mercy Of Love,Gary Hoey,2019,-8.508,major,2010
spotify:track:5m8XTJUWw6qa3DRggeh03z,5m8XTJUWw6qa3DRggeh03z,Nurse Ratched,Cherry Glazerr,2017,-3.29,major,2010
spotify:track:1xO5wQI4QDj2dNyKeNXwz2,1xO5wQI4QDj2dNyKeNXwz2,Bonus Loop,Mat.Joe,2011,-9.201,minor,2010
spotify:track:2h1DKQLsgsVcM0Lzw66NLm,2h1DKQLsgsVcM0Lzw66NLm,My Father’s Son,Pearl Jam,2013,-5.645,major,2010
spotify:track:3qbIFIhVizpN1LtHXCDYKB,3qbIFIhVizpN1LtHXCDYKB,Pride (Times Are Changing),H2O,2011,-4.738,major,2010
spotify:track:4ea71PT7B9O6wcHQGceW8h,4ea71PT7B9O6wcHQGceW8h,"Girls, Girls, Girls",Mötley Crüe,2019,-4.653,major,2010
spotify:track:7q9z9q9n2r2BvSdhepMjsw,7q9z9q9n2r2BvSdhepMjsw,Underwater Sound - Natural Sound Efx,Nature Sounds Nature Music,2011,-28.41,minor,2010
spotify:track:1LoaRGbSuDLCJDvNelwO0y,1LoaRGbSuDLCJDvNelwO0y,Majouré,Parra for Cuva,2015,-10.476,major,2010
spotify:track:0naxS0qRbv2ZcTNPd3ukAR,0naxS0qRbv2ZcTNPd3ukAR,Running To The Sea - Man Without Country Remix,Röyksopp,2013,-11.834,minor,2010
spotify:track:6nB7HIwc3ynzKB6ppAjgXh,6nB7HIwc3ynzKB6ppAjgXh,It's All I Have,Blindside,2011,-4.015,minor,2010
spotify:track:6cfGSTvvuXJ3Tso3mWu02U,6cfGSTvvuXJ3Tso3mWu02U,572 Cuthbert Blvd,Their / They're / There,2013,-10.561,major,2010
spotify:track:2x1Up4aNJ9mpmiPFJ83MX3,2x1Up4aNJ9mpmiPFJ83MX3,Bedroom,Litany,2017,-8.15,major,2010
spotify:track:54wcYjhPqutMIAHXTuIJ8Z,54wcYjhPqutMIAHXTuIJ8Z,Mi Vecina,The Latin Brothers,2015,-12.736,major,2010
spotify:track:5UANzSnHyJmBXpROulnUEU,5UANzSnHyJmBXpROulnUEU,Let Us,De Lorra,2019,-10.428,major,2010
spotify:track:3tlgp4KJXWu5c9wBxiduzr,3tlgp4KJXWu5c9wBxiduzr,Shree Ganpati Atharvashirsha,Suresh Wadkar,2015,-2.696,major,2010
spotify:track:5ORtzcgoJWCL5m4TTGSD97,5ORtzcgoJWCL5m4TTGSD97,12-03-2016,Vanessa Amara,2017,-24.588,minor,2010
spotify:track:4NNvNzkKFdppwFBVsUfo0l,4NNvNzkKFdppwFBVsUfo0l,Gente Bamba,Carmen Miranda,2011,-5.426,major,2010
spotify:track:2FIjzeAD1940BR1Ia375AN,2FIjzeAD1940BR1Ia375AN,雨絲、情愁,Alan Tam,2017,-11.422,minor,2010
spotify:track:1cb1BdMP8J2Oi2RifPblHR,1cb1BdMP8J2Oi2RifPblHR,Car Wash - Single Version,Rose Royce,2019,-8.185,minor,2010
spotify:track:5SooLV0f2zZs7wTjhHpjsC,5SooLV0f2zZs7wTjhHpjsC,Beyond Reason,Ryuichi Sakamoto,2013,-24.789,minor,2010
spotify:track:4wJO09SZIjLEEYqpVTHBYm,4wJO09SZIjLEEYqpVTHBYm,Hot Ohio,Gavin Creel,2010,-8.313,major,2010
spotify:track:74LViRUWhriQEjqOuYryEd,74LViRUWhriQEjqOuYryEd,Alceste: Il faut passer tôt ou tard (Live),Jean-Baptiste Lully,2019,-18.179,major,2010
spotify:track:1EOWf8bsePF6QtiDUAclrJ,1EOWf8bsePF6QtiDUAclrJ,Catch a Grenade - The Hooligans Remix,Bruno Mars,2011,-2.394,minor,2010
spotify:track:7yzIzL2U8lmsL3SXeEAIcQ,7yzIzL2U8lmsL3SXeEAIcQ,All I Got,Oliver Tree,2017,-6.584,major,2010
spotify:track:1a0pbhH6BIFyF9n8YefpNx,1a0pbhH6BIFyF9n8YefpNx,Wagging Tail - Reveillon Remix,Deep Dimension,2018,-11.75,major,2010
spotify:track:6QNVyICbEc4T0awzlewp1o,6QNVyICbEc4T0awzlewp1o,Como el Agua y el Aceite,Melendi,2018,-13.437,minor,2010
spotify:track:4vwq5ciTfaZKD5iZJPxlZ4,4vwq5ciTfaZKD5iZJPxlZ4,人喰い戦車,Ningen Isu,2016,-5.414,minor,2010
spotify:track:7JXZq0JgG2zTrSOAgY8VMC,7JXZq0JgG2zTrSOAgY8VMC,Jungle,Drake,2015,-8.651,major,2010
spotify:track:3eRvE11OJfCYnaZwCFhMZD,3eRvE11OJfCYnaZwCFhMZD,Nervous - The Ooh Song/Mark McCabe Remix,Gavin James,2016,-7.438,major,2010
spotify:track:0xUWl3joGex9p9Ch1t1bPh,0xUWl3joGex9p9Ch1t1bPh,Sun Goes Down,Estiva,2018,-4.005,minor,2010
spotify:track:5txjA0gOOjGULk5uAUFXhu,5txjA0gOOjGULk5uAUFXhu,Clean Evil,Eternal Fear,2012,-4.649,major,2010
spotify:track:6JMwshgaEDRrijR7A3ZtiC,6JMwshgaEDRrijR7A3ZtiC,Way of Life,Brock Berrigan,2016,-3.349,major,2010
spotify:track:7iXBfEl2ajIUqwJBtDy3MA,7iXBfEl2ajIUqwJBtDy3MA,My Good Friends,Donovan Woods,2016,-10.998,major,2010
spotify:track:2vQEjfb2h30ucQH52SLwfs,2vQEjfb2h30ucQH52SLwfs,Outcry,Bourbonese Qualk,2015,-14.793,minor,2010
spotify:track:73CnMsl2HyVetQod6DVPG6,73CnMsl2HyVetQod6DVPG6,From Me To You - Radio Edit,Yolanda Be Cool,2016,-2.26,major,2010
spotify:track:3ojtDLs9HfbukCLGjZ8Qb2,3ojtDLs9HfbukCLGjZ8Qb2,Smoke! Smoke! Smoke! (That Cigarette),Willie Nelson,2011,-6.191,major,2010
spotify:track:3Ilnxm0L5zHnWh8givxe9J,3Ilnxm0L5zHnWh8givxe9J,Él Se Entregó,El Combo del Rey,2010,-3.632,minor,2010
spotify:track:32rpcYY4edlALRQPur3Jnu,32rpcYY4edlALRQPur3Jnu,Il secondo desiderio di Aladdin,Alan Menken,2019,-21.501,major,2010
spotify:track:5MdUYTHluQ6Oqwd8CFojc1,5MdUYTHluQ6Oqwd8CFojc1,9 Elms Over River Eno - The Field Remix,The Orb,2017,-10.8,minor,2010
spotify:track:2lxKCINMqgbHARg4cWtVnM,2lxKCINMqgbHARg4cWtVnM,Perfect baby,RADWIMPS,2013,-2.071,major,2010
spotify:track:2N7ocJCIOgMbgJa46C0Hgr,2N7ocJCIOgMbgJa46C0Hgr,Distant Forces,DeepSoul Duo,2012,-9.255,major,2010
spotify:track:5vZ5OMaZg103wbngbNPUuG,5vZ5OMaZg103wbngbNPUuG,Wet & Wild,Holy Wave,2014,-6.487,minor,2010
spotify:track:2ZPowUSO18vW87JhJbzO4F,2ZPowUSO18vW87JhJbzO4F,Justice,Martin Hygard,2019,-9.169,major,2010
spotify:track:6s5zMBr51seIDIVN4cIcoa,6s5zMBr51seIDIVN4cIcoa,Freakin' Funky - Original Mix,Croatia Squad,2014,-5.655,minor,2010
spotify:track:3RmIy4W25sTDW3Sl2o7OfF,3RmIy4W25sTDW3Sl2o7OfF,Residual Blight,Kriegsmaschine,2018,-5.582,major,2010
spotify:track:3nFnhuNxbQoU0yx4rfPGxw,3nFnhuNxbQoU0yx4rfPGxw,Release - Live,VaShawn Mitchell,2014,-6.38,major,2010
spotify:track:00cWy7HXgoJlXWR718s70W,00cWy7HXgoJlXWR718s70W,We Are What We Are (feat. Billy Bros Orchestra) [Radio Edit],Bart & Baker,2017,-7.972,major,2010
spotify:track:1spZPzBLYeVTvd0iDWXgC2,1spZPzBLYeVTvd0iDWXgC2,Rooting For You,Alessia Cara,2019,-6.779,major,2010
spotify:track:1T1CO9WEIpCAkyz7iLvp3T,1T1CO9WEIpCAkyz7iLvp3T,The Blues,Nookie,2010,-18.19,major,2010
spotify:track:3wAnnPyxgYbKW86WOeC22K,3wAnnPyxgYbKW86WOeC22K,Wind,FTISLAND,2017,-4.347,major,2010
spotify:track:5gWPhBK4iz3UeCkFxc02JD,5gWPhBK4iz3UeCkFxc02JD,Strangers Forever,The Menzingers,2019,-4.248,major,2010
spotify:track:6hqS2Tv142TRbJaADlBrSF,6hqS2Tv142TRbJaADlBrSF,Lessons,Piano Peace,2018,-23.737,minor,2010
spotify:track:2BWqlZOMxgLww1p44A7a9y,2BWqlZOMxgLww1p44A7a9y,Ya Empezó la Molienda - Son Montuno,Tito Gomez,2013,-11.354,major,2010
spotify:track:1POSMvQ2TKVN0D7GwOgK0W,1POSMvQ2TKVN0D7GwOgK0W,Josephine,Frank Turner,2015,-4.662,major,2010
spotify:track:3ncp5VviYf0URPHzOB4sj2,3ncp5VviYf0URPHzOB4sj2,Acoso,Guayacán Orquesta,2018,-5.953,minor,2010
spotify:track:3BoTAruIOVwkf8eFAz1JDT,3BoTAruIOVwkf8eFAz1JDT,This Is The Way,Spragga Benz,2010,-3.785,major,2010
spotify:track:3knSScajYcHGHqWTfKi5pu,3knSScajYcHGHqWTfKi5pu,Ex Pat,Frenzal Rhomb,2017,-3.885,major,2010
spotify:track:0uqMUcdMvQtNQLO4jVockW,0uqMUcdMvQtNQLO4jVockW,Iron,Calvin Harris,2012,-4.694,minor,2010
spotify:track:4DYrWlxw3byk4P9fqdiL8o,4DYrWlxw3byk4P9fqdiL8o,Sayonara wo iu toki ni,Keiichi Sokabe,2010,-10.192,major,2010
spotify:track:7LDIA7Z3EGSh4oP33xHNUM,7LDIA7Z3EGSh4oP33xHNUM,Doctor's In,Son Little,2015,-10.061,minor,2010
spotify:track:0sny9Sbdgd0gFxMZuND4QA,0sny9Sbdgd0gFxMZuND4QA,Raise Your Horns,Vanir,2012,-2.895,major,2010
spotify:track:304eS6UhGHVJh0xXkQK4bM,304eS6UhGHVJh0xXkQK4bM,Buttercup,Bob Luman,2012,-13.247,major,2010
spotify:track:2Nu30TK5pHMHxjiVJQ7gxr,2Nu30TK5pHMHxjiVJQ7gxr,Chain Reaction,SHADOWS,2017,-3.334,minor,2010
spotify:track:2094qhsmRtwadWsavJj7Vi,2094qhsmRtwadWsavJj7Vi,Mama - Versión 50 Palos,Jarabe De Palo,2017,-5.743,major,2010
spotify:track:40ZmsmyBfA33eeBmKXAoYr,40ZmsmyBfA33eeBmKXAoYr,Smart Aleck Kill,SG Lewis,2017,-5.485,minor,2010
spotify:track:6QWoMxmP8cyq0ylGcHNJ1X,6QWoMxmP8cyq0ylGcHNJ1X,Hide U - Chicola Remix,Sandy Rivera,2019,-10.175,minor,2010
spotify:track:7bOr9EiBtuXXOA2MG1PBb4,7bOr9EiBtuXXOA2MG1PBb4,Bobele Yo,Adorons L'eternel & Alain Moloto,2014,-3.664,minor,2010
spotify:track:10eLFVBI20Hat2xDAUGARx,10eLFVBI20Hat2xDAUGARx,"Here With You (From ""Mirai Nikki"")",Eddie van der Meer,2016,-11.325,major,2010
spotify:track:0KBohkkuxzf2EDf0hmmEYm,0KBohkkuxzf2EDf0hmmEYm,Minerva,Akira Kosemura,2019,-8.199,major,2010
spotify:track:2iFBH1vopao9JjQFAb3VRy,2iFBH1vopao9JjQFAb3VRy,Visions of the End,Carnifex,2019,-5.248,major,2010
spotify:track:7lZIMb2AD7T09fZlqOQJ0q,7lZIMb2AD7T09fZlqOQJ0q,new you,my bloody valentine,2013,-17.131,minor,2010
spotify:track:32FNQjaLvPJYCqRwDDxMu6,32FNQjaLvPJYCqRwDDxMu6,Lady (feat. Pitbull),Austin Mahone,2016,-4.906,minor,2010
spotify:track:5jHTPbkA6zHWbequrvay3Z,5jHTPbkA6zHWbequrvay3Z,Stehend sterben,Nachtmahr,2014,-3.668,major,2010
spotify:track:2Px4HNTTwu7f64W0WtGKE0,2Px4HNTTwu7f64W0WtGKE0,To Ardent - Grovesnor Remix,Black Devil Disco Club,2011,-12.586,minor,2010
spotify:track:5z5roocai9ztYqB2nk95Lk,5z5roocai9ztYqB2nk95Lk,Mi morocha,Ricardo Tanturi,2017,-10.131,major,2010
spotify:track:206Fj8DZDkmSsy2AfRtHBP,206Fj8DZDkmSsy2AfRtHBP,Lonely,Daniel Steinberg,2015,-6.882,minor,2010
spotify:track:5LtkFgaGo1lpDgXjsQZp68,5LtkFgaGo1lpDgXjsQZp68,If I Had A Boat,Pat Green,2012,-5.583,major,2010
spotify:track:4OrJJfEyMVgU0HlOeWcfmq,4OrJJfEyMVgU0HlOeWcfmq,Deity,Need For Mirrors,2013,-4.289,major,2010
spotify:track:7tC6U9MOGYOA1w7s41nKii,7tC6U9MOGYOA1w7s41nKii,Green Ginger Wine,The Rumjacks,2010,-1.345,major,2010
spotify:track:6af9dz0uvKuMjysZUVyHBH,6af9dz0uvKuMjysZUVyHBH,Fill My Dreams,Anthony Island,2012,-9.844,minor,2010
spotify:track:57869XFcagPsmVlEAPtYRs,57869XFcagPsmVlEAPtYRs,Zero,Otep,2016,-2.776,minor,2010
spotify:track:3BnAAC5tXSJgv2FnQdB0Fx,3BnAAC5tXSJgv2FnQdB0Fx,Rocky Road Blues,The Lennerockers,2015,-6.568,major,2010
spotify:track:52hUjVBhWrlWt5ErW13yNf,52hUjVBhWrlWt5ErW13yNf,Odo Agye Gye Me,The Polyversal Souls,2019,-7.32,major,2010
spotify:track:028XrbNPgtmnSSScHuWuG1,028XrbNPgtmnSSScHuWuG1,Jekyll,EXO,2019,-3.759,minor,2010
spotify:track:3hvSB7NqAVUPKAdN78gVPR,3hvSB7NqAVUPKAdN78gVPR,"Adhura Lafz (From ""Baazaar"")",Sohail Sen,2018,-5.888,major,2010
spotify:track:4f54oyq5RF2tB0kvVL3EaS,4f54oyq5RF2tB0kvVL3EaS,Woh Zara Si Baat Par,Mehdi Hassan,2012,-23.899,minor,2010
spotify:track:2g2wGZUm2p8lwHGbOj5SKb,2g2wGZUm2p8lwHGbOj5SKb,Musas,Aline Calixto,2015,-6.048,major,2010
spotify:track:5MHf3yhjB4OwupIqqKTR7Q,5MHf3yhjB4OwupIqqKTR7Q,Midnight Love Affair,Carol Douglas,2012,-6.472,minor,2010
spotify:track:2geomSey72kuYMVtM1tu9k,2geomSey72kuYMVtM1tu9k,A Dog's Dick,Lower Dens,2010,-5.175,major,2010
spotify:track:5eyGhYnxgkPbsVNbJBEKeq,5eyGhYnxgkPbsVNbJBEKeq,Best Day Ever,Blondie,2017,-4.078,major,2010
spotify:track:11GKxnTs7al7ROmo45NBOb,11GKxnTs7al7ROmo45NBOb,Real Real Gone,Van Morrison,2015,-4.307,major,2010
spotify:track:6o8XLE9Q1QgmtWheOMNs5t,6o8XLE9Q1QgmtWheOMNs5t,"Nocturnes, L. 91: 2. Fêtes",Claude Debussy,2012,-21.564,major,2010
spotify:track:3FqrKIPlnwMznOsLptwcuT,3FqrKIPlnwMznOsLptwcuT,Bend Over (Road Mix),Machel Montano,2011,-7.061,minor,2010
spotify:track:3uQ8mgGaiJMgecYeS4qtjQ,3uQ8mgGaiJMgecYeS4qtjQ,Cyborg,Stef Mendesidis,2018,-12.301,minor,2010
spotify:track:5HTuma1X6LExDLjXHbnnY1,5HTuma1X6LExDLjXHbnnY1,Rain - Raise Spirit Remix,Astronaut,2014,-3.834,minor,2010
spotify:track:4XPBbG8H0qLR5hyvRYloF0,4XPBbG8H0qLR5hyvRYloF0,Who Is There - Original Mix,Infected Mushroom,2015,-5.007,minor,2010
spotify:track:10dS4nQqY938yXaU7zdGPw,10dS4nQqY938yXaU7zdGPw,Santa Fe,Ottmar Liebert,2018,-8.169,major,2010
spotify:track:3SrLuhdtxu3KkbpGdLdtQ5,3SrLuhdtxu3KkbpGdLdtQ5,You Cant Trust Anyone These Days,The Red Jumpsuit Apparatus,2013,-4.084,major,2010
spotify:track:0K532WqMjBoV3dgkhBBctT,0K532WqMjBoV3dgkhBBctT,Any Day Now,Don Gibson,2018,-10.156,major,2010
spotify:track:45jXdGQ8GBJotBM5fJaMD5,45jXdGQ8GBJotBM5fJaMD5,Tańczę z Nim do Rana,Mejk,2016,-5.259,minor,2010
spotify:track:2fDdW9LPYBD5KwYXRYpWce,2fDdW9LPYBD5KwYXRYpWce,Sin Triangle,Sidney Gish,2017,-8.956,major,2010
spotify:track:59HZ2ss9MNxRh1VXsXo6fN,59HZ2ss9MNxRh1VXsXo6fN,GÆNOVA,Chino Amobi,2017,-7.837,major,2010
spotify:track:7Bhvb2CV4vgJEgvF1XYujd,7Bhvb2CV4vgJEgvF1XYujd,喜歡你喜歡我,Serrini,2012,-12.53,major,2010
spotify:track:75v2eOaQx4PvY0Um2j2WUO,75v2eOaQx4PvY0Um2j2WUO,Connections,Radha Thomas Ensemble,2012,-9.756,major,2010
spotify:track:2D8w7iSGK7YzUNTMjY4ZWK,2D8w7iSGK7YzUNTMjY4ZWK,Jessie's Song,Curtis Grimes,2011,-5.756,major,2010
spotify:track:0BhKYratDUDDD4P2ACvtQG,0BhKYratDUDDD4P2ACvtQG,Doinkinbonk!!!,Twiddle,2011,-7.121,major,2010
spotify:track:34NNeV9jfgNgaALgUr0u9V,34NNeV9jfgNgaALgUr0u9V,Calling (Lose My Mind) - Radio Edit,Sebastian Ingrosso,2012,-4.909,minor,2010
spotify:track:0OKrlyNHDYmfcXp3dFi9pU,0OKrlyNHDYmfcXp3dFi9pU,Hridayathin,Vijay Yesudas,2015,-9.69,minor,2010
spotify:track:0lwBBhgwgOC5yBawNsaU8y,0lwBBhgwgOC5yBawNsaU8y,Fifty Six,Karma To Burn,2014,-4.957,minor,2010
spotify:track:1rxH3AT722LfLgDtLZqGkh,1rxH3AT722LfLgDtLZqGkh,Les Contes d'Hoffmann / Act 1: Les oiseaux dans la charmille,Jacques Offenbach,2018,-21.293,major,2010
spotify:track:76vI0ST0sYi3LoyLFY2J1k,76vI0ST0sYi3LoyLFY2J1k,Here for It (Live),Lily Rose,2019,-7.743,major,2010
spotify:track:62w3djsCFX85c5V6qfsI7Y,62w3djsCFX85c5V6qfsI7Y,Avant tu riais,Nekfeu,2016,-8.216,minor,2010
spotify:track:5knaqMmrIzEahIw5xpUVWE,5knaqMmrIzEahIw5xpUVWE,Real Gangster - Gaudi Remix,Dub Pistols,2015,-5.021,major,2010
spotify:track:4qOC00D5lLWmfaGjoSNsgE,4qOC00D5lLWmfaGjoSNsgE,Les Pêcheurs de perles: Prelude,Georges Bizet,2010,-26.462,major,2010
spotify:track:4ePpYLGC5YdrWCzFPr2qb1,4ePpYLGC5YdrWCzFPr2qb1,Weird Dream,Domastic,2017,-4.876,minor,2010
spotify:track:5fdYeDQsYHFJaef8LKuLXq,5fdYeDQsYHFJaef8LKuLXq,Spirit Motion,Kanine,2018,-4.599,minor,2010
spotify:track:5FAX8Uk8Qu3TEStttxnloj,5FAX8Uk8Qu3TEStttxnloj,"Kleine Präludien: No.2 in D Major, BWV 925",Inge Rosar,2016,-24.771,major,2010
spotify:track:52wd0Z9il97avnhELEiHZe,52wd0Z9il97avnhELEiHZe,Outbreak,Stray From The Path,2015,-1.773,minor,2010
spotify:track:65aCKuEoA7tDOaLPURTDHR,65aCKuEoA7tDOaLPURTDHR,Melancholic Overdose,My Useless Life,2017,-4.618,minor,2010
spotify:track:2HIxjSCHeM46Mw6FknLoJC,2HIxjSCHeM46Mw6FknLoJC,Grape Aerosmith,TOBACCO,2010,-5.265,major,2010
spotify:track:6bvyDNPtiK50dA44a8zLx9,6bvyDNPtiK50dA44a8zLx9,"Gismondo, re di Polonia: ""Nave altera""",Leonardo Vinci,2020,-7.967,major,2020
spotify:track:2vbN9OLyJQw3Kv8bG26g1j,2vbN9OLyJQw3Kv8bG26g1j,Supersonic Rocket Ship - 2022 Remaster,The Kinks,2022,-6.602,major,2020
spotify:track:77WT3eJA5dXzSQ31GBjiP8,77WT3eJA5dXzSQ31GBjiP8,La Presión,Soge Culebra,2020,-7.341,major,2020
spotify:track:1m7UsGx1z41OB2kiczgmzL,1m7UsGx1z41OB2kiczgmzL,Mudd Baby,Icewear Vezzo,2021,-8.34,major,2020
spotify:track:75dwG7Z3Y9PS0P6AG2CzuM,75dwG7Z3Y9PS0P6AG2CzuM,Told You,JON VINYL,2021,-8.974,minor,2020
spotify:track:1jB6rB54fo0vqd1oWZXIH8,1jB6rB54fo0vqd1oWZXIH8,spotlight,Sadness,2021,-11.707,major,2020
spotify:track:4gKWtJGlhxKKSyV65llt2G,4gKWtJGlhxKKSyV65llt2G,OOGA BOOGA!,Ski Mask The Slump God,2022,-5.757,major,2020
spotify:track:0ifTzLcsRUIqaYH8DfiLbx,0ifTzLcsRUIqaYH8DfiLbx,Lion's Breath,LiKKma,2020,-26.864,major,2020
spotify:track:2QZtJfPwhASpcJn5y017Lv,2QZtJfPwhASpcJn5y017Lv,Intro,La Parranda Magna,2023,-6.547,major,2020
spotify:track:3wTF7ik2KIDLP0jDr7NURq,3wTF7ik2KIDLP0jDr7NURq,Sunthrower Flower,Good Tiger,2020,-8.108,minor,2020
spotify:track:1O7a2AFt2i6gnSVOcnRZzv,1O7a2AFt2i6gnSVOcnRZzv,Mean to Me - Acoustic Version,Alice Russell,2020,-5.114,minor,2020
spotify:track:1WMOYBiMYJVNY0e2VEXQ8Y,1WMOYBiMYJVNY0e2VEXQ8Y,WASTE IT ON ME,3OH!3,2021,-6.714,major,2020
spotify:track:04H1oKrZppTLkUx8ZSjvS8,04H1oKrZppTLkUx8ZSjvS8,Sweet Creature,Megan Davies,2023,-8.79,major,2020
spotify:track:4coeeaZN6WQ23nVCKpfuuu,4coeeaZN6WQ23nVCKpfuuu,Deli,Z.E,2021,-9.021,minor,2020
spotify:track:2KGZg9PDWhJBkz6fQ8UqoB,2KGZg9PDWhJBkz6fQ8UqoB,Like Royalty,Vybz Kartel,2022,-7.658,minor,2020
spotify:track:3Pbzn7N4zYTJkdl5A9GHdn,3Pbzn7N4zYTJkdl5A9GHdn,En klassisk bok,Jonas Lundqvist,2022,-4.119,major,2020
spotify:track:7IbrH3Kfk6w3rQ31m7yyCz,7IbrH3Kfk6w3rQ31m7yyCz,Ensurer - Original mix,Takaaki Itoh,2020,-11.429,major,2020
spotify:track:6liws6rtjdJlocV37jdshb,6liws6rtjdJlocV37jdshb,Journeyed From Afar - Remastered 2022,Alan Menken,2022,-21.304,minor,2020
spotify:track:0oEtUrgNDFE6rzDzs9aRA2,0oEtUrgNDFE6rzDzs9aRA2,Deadsight,Ashen,2023,-4.952,major,2020
spotify:track:6ImSpBTJcrkSNIXnDCXuZa,6ImSpBTJcrkSNIXnDCXuZa,Disasters,Antigama,2022,-5.454,major,2020
spotify:track:0WXLvyCotC41t6cpEAr7p5,0WXLvyCotC41t6cpEAr7p5,Miss You - Original Mix,DJ Fixx,2021,-4.602,minor,2020
spotify:track:5VTEms9GfU1mOfsCgaQVya,5VTEms9GfU1mOfsCgaQVya,Pillow,Laura Dreyfuss,2021,-12.013,major,2020
spotify:track:7LcVOL8qNJljijYQ8Z4Wha,7LcVOL8qNJljijYQ8Z4Wha,"Sieben geistliche Gesänge für Solostimmen und Klavier: No. 5, Müde, sündenvolle Seele",Giacomo Meyerbeer,2021,-18.999,major,2020
spotify:track:5QBfZgJpDki7hCiFsA6P3z,5QBfZgJpDki7hCiFsA6P3z,The Road to Redemption,Dynazty,2020,-5.392,minor,2020
spotify:track:4nCqxT7tvDLApAltCxmbd1,4nCqxT7tvDLApAltCxmbd1,Amores Aventuras e Paixões,Aduílio Mendes,2022,-5.631,major,2020
spotify:track:4zRZP95e4oPug8zfkIF84z,4zRZP95e4oPug8zfkIF84z,Heaven,David Ramirez,2020,-5.063,minor,2020
spotify:track:7orA2rOxOj9yDHxqe1HQxR,7orA2rOxOj9yDHxqe1HQxR,Love That Boy,Plants and Animals,2020,-7.404,minor,2020
spotify:track:7eHrOOGAvXtCMRvIiRUFs5,7eHrOOGAvXtCMRvIiRUFs5,Territory,Versa,2022,-0.232,major,2020
spotify:track:6nbzOxAVoKsT3JHNAKpbqh,6nbzOxAVoKsT3JHNAKpbqh,Ex-Quecido,Os Barões Da Pisadinha,2023,-2.802,major,2020
spotify:track:0e0jjXz09LsmSXl9U7CaaR,0e0jjXz09LsmSXl9U7CaaR,Excommunication,Revenge,2020,-10.321,minor,2020
spotify:track:6tCZyIgF3Tx9yyilsAkOV8,6tCZyIgF3Tx9yyilsAkOV8,At The Disko,Purple Disco Machine,2021,-7.044,minor,2020
spotify:track:0611KlLiHGzRzXFFUJeI8R,0611KlLiHGzRzXFFUJeI8R,Zion,Tre Oh Fie,2023,-11.41,minor,2020
spotify:track:0PbcD3LpJXil8xeuT5x7pm,0PbcD3LpJXil8xeuT5x7pm,LEFT TO RIGHT - 33 Below Remix,Odd Mob,2023,-3.813,major,2020
spotify:track:5k97XSh4C1wFML8aMgyuCJ,5k97XSh4C1wFML8aMgyuCJ,Good (How I Feel) [feat. Aaron Dews],Darius James,2020,-11.118,minor,2020
spotify:track:70lmLpPDp3LyFXQ1Ko7fXN,70lmLpPDp3LyFXQ1Ko7fXN,Snoopy,Calibre,2021,-6.915,minor,2020
spotify:track:27kcZEJvhkb1rzZS9gCpdA,27kcZEJvhkb1rzZS9gCpdA,remember the mornings,Clinton Kane,2020,-5.662,major,2020
spotify:track:2vOWeduJdE3pDR3c8uCE7Z,2vOWeduJdE3pDR3c8uCE7Z,Drugstore Houses,Garrett Kato,2022,-12.908,minor,2020
spotify:track:3J7j9g4CBblVM7VtHKjdtS,3J7j9g4CBblVM7VtHKjdtS,Arc of Kosmon,Freddy Fresh,2020,-8.876,major,2020
spotify:track:6NEevR7qHIRfi9fahttXCk,6NEevR7qHIRfi9fahttXCk,FRIENDS,Oliver Francis,2021,-3.87,minor,2020
spotify:track:7hhOWtTKOItX8XajvW7Ds8,7hhOWtTKOItX8XajvW7Ds8,"Calm Sounding Music, Pt. 54",Sleep Fruits Music,2022,-34.65,major,2020
spotify:track:6kQtgYyLWN8c0hTrOeFIA8,6kQtgYyLWN8c0hTrOeFIA8,alone [Feat. Shane Told],Capstan,2021,-3.614,major,2020
spotify:track:0Rq6JJwpZ9f1SU6Cfhgjv7,0Rq6JJwpZ9f1SU6Cfhgjv7,Arya (feat. A$AP Rocky),A$AP Rocky,2022,-7.669,major,2020
spotify:track:2x0d9Os0ZKdOLsZGV1HwzD,2x0d9Os0ZKdOLsZGV1HwzD,Red Chord,God Complex,2021,-6.152,major,2020
spotify:track:6djlgmdddx3wKhrSI4B12Q,6djlgmdddx3wKhrSI4B12Q,Smoke Dis - High AF Mix,OnDaMiKe,2021,-3.749,minor,2020
spotify:track:4ICfUmLK13c9zPEggxIbbf,4ICfUmLK13c9zPEggxIbbf,Lair 10,Christina Vantzou,2020,-33.039,major,2020
spotify:track:6THoM5F4gvHguHHyLfxGjU,6THoM5F4gvHguHHyLfxGjU,JBL,Solange Almeida,2020,-3.296,major,2020
spotify:track:2V42gWdGouZxx742zdv8Pa,2V42gWdGouZxx742zdv8Pa,The Devil,BANKS,2022,-10.085,minor,2020
spotify:track:2wuNXWjMimnjJqHzBt8HUF,2wuNXWjMimnjJqHzBt8HUF,Я не умру / I will not die,Pornofilmy,2023,-9.429,minor,2020
spotify:track:5LaUQF5TRbMHmydh1mLOaM,5LaUQF5TRbMHmydh1mLOaM,5 Minutes (Slowed & Chopped),DJ Red,2021,-15.036,minor,2020
spotify:track:6fO8tCTbgHOwFKpWoFzAcB,6fO8tCTbgHOwFKpWoFzAcB,How You Run,Amos Lee,2022,-7.481,minor,2020
spotify:track:0eYQbKrt98zjycgVlqp2CZ,0eYQbKrt98zjycgVlqp2CZ,Gaia - Mixed,Mario Ochoa,2022,-8.673,minor,2020
spotify:track:6UkIjDRqkVKamKXchNtLwc,6UkIjDRqkVKamKXchNtLwc,Hurricane Girl,Sue Foley,2021,-7.14,major,2020
spotify:track:505xdNAPS23sCjcsSyDjkN,505xdNAPS23sCjcsSyDjkN,La molinera,La Maravillosa Orquesta del Alcohol,2021,-7.516,major,2020
spotify:track:0kWKHjH0hfVjzoryBuSXea,0kWKHjH0hfVjzoryBuSXea,Creep in the style of Deftones,Anthony Vincent,2020,-8.978,major,2020
spotify:track:2AQRAf1gJJiNJRwJkrS3kM,2AQRAf1gJJiNJRwJkrS3kM,Mesmo Medo - Ao Vivo,Felipe Araújo,2023,-6.678,major,2020
spotify:track:5lgbRZqvD4bjph56x1nGec,5lgbRZqvD4bjph56x1nGec,Love Can Be Lonely,Jeremy Lister,2022,-17.906,major,2020
spotify:track:1ZnVpLV46w3QuEkUhdCiPV,1ZnVpLV46w3QuEkUhdCiPV,Serafico,Niklas Paschburg,2023,-19.157,minor,2020
spotify:track:05uSddJIkn7aCcGZOLe5VO,05uSddJIkn7aCcGZOLe5VO,Need a Bar Sometimes,Clay Walker,2020,-4.385,major,2020
spotify:track:1FXyUuX4dDhFOUw1xLTbNv,1FXyUuX4dDhFOUw1xLTbNv,Forgotten You,Said The Sky,2022,-6.825,minor,2020
spotify:track:7HMuAEuoKVmAmn2BPNnKki,7HMuAEuoKVmAmn2BPNnKki,Good Friends,Les Loups,2023,-8.881,minor,2020
spotify:track:5xK1jl710Moaqyoa6JX6O5,5xK1jl710Moaqyoa6JX6O5,Funerary Rites,Gadget,2020,-8.264,major,2020
spotify:track:5BFFFHavVn262KfI5Pk1o8,5BFFFHavVn262KfI5Pk1o8,Sacred,LCY,2023,-5.04,minor,2020
spotify:track:5DVyPWhz6SQE2nvuavn3pn,5DVyPWhz6SQE2nvuavn3pn,A Sonic Womb Pt. 1,Suzanne Ciani,2020,-18.648,major,2020
spotify:track:1qLqSncCSV5v6IuptRO0se,1qLqSncCSV5v6IuptRO0se,More Than A Letter,Anxious,2021,-6.844,minor,2020
spotify:track:4dBCwwLQTaQJdHYZsaPQSM,4dBCwwLQTaQJdHYZsaPQSM,Wir lieben die Küchenschlacht,Pepe Palme,2020,-3.583,major,2020
spotify:track:3c88ZQLeFkKZfw3V0kvmKD,3c88ZQLeFkKZfw3V0kvmKD,AUTOMATIC,Austin Giorgio,2022,-7.529,minor,2020
spotify:track:3NyDGOFV2nI5PzYvNVC8Ga,3NyDGOFV2nI5PzYvNVC8Ga,Big City Night,Night Tempo,2020,-8.218,minor,2020
spotify:track:5NltmXUOck3fJiX4FHzNmc,5NltmXUOck3fJiX4FHzNmc,A Strange Walk,DJ Food,2021,-15.654,major,2020
spotify:track:1kBzgjkn5hlP1n7HI2DNjk,1kBzgjkn5hlP1n7HI2DNjk,I Surrender All - Piano & Guitar,Hymns on Piano,2023,-28.165,major,2020
spotify:track:1MbqKTbrC1H1trw2llWQEh,1MbqKTbrC1H1trw2llWQEh,Damned We Are,ROT,2021,-9.325,major,2020
spotify:track:0RnTp56veZSyvDQIv1RwDl,0RnTp56veZSyvDQIv1RwDl,Eccentricity (ASOT 1093),LÜRUM,2022,-8.113,minor,2020
spotify:track:4jOJa7t9BA26c3yCEfgwZn,4jOJa7t9BA26c3yCEfgwZn,Run From Me,Avis Vox,2023,-6.972,major,2020
spotify:track:4Y4TOBs9L6D7TqEaAeBtbn,4Y4TOBs9L6D7TqEaAeBtbn,Great Speckled Bird,Jerry Lee Lewis,2022,-9.876,major,2020
spotify:track:6D5Rtbk33c876AkZJWxmbm,6D5Rtbk33c876AkZJWxmbm,THE LITTLE THINGS,Kelsea Ballerini,2022,-4.774,minor,2020
spotify:track:3BtxBOag6l3Bz7aTCCvEKg,3BtxBOag6l3Bz7aTCCvEKg,Terrify You With My Heart,Cece Coakley,2022,-7.249,major,2020
spotify:track:0RUkoeUVCq5cdxq2AsLo8k,0RUkoeUVCq5cdxq2AsLo8k,Clarity,Broadside,2020,-4.516,major,2020
spotify:track:0eRHf9yJ1Bk0gev8ZN03a4,0eRHf9yJ1Bk0gev8ZN03a4,Rock to Sleep,Nursery Rhymes Music,2020,-26.447,major,2020
spotify:track:0fNOmlu1YroQQYrBVtLDpb,0fNOmlu1YroQQYrBVtLDpb,Brighter Days,Collie Buddz,2020,-6.185,minor,2020
spotify:track:5VCTubijAK3uZ3VTWyJmu3,5VCTubijAK3uZ3VTWyJmu3,Parasite,Secrets,2022,-6.005,major,2020
spotify:track:6w5I5eJCuNSNa3FdEq4sfs,6w5I5eJCuNSNa3FdEq4sfs,Beautiful Night,Seori,2022,-3.79,major,2020
spotify:track:7qkqqlrJ558sl7jfIuyk55,7qkqqlrJ558sl7jfIuyk55,Meu Bem,Japãozin,2022,-2.96,minor,2020
spotify:track:3InjIPYgxMX03XiY0XUO9G,3InjIPYgxMX03XiY0XUO9G,"Roméo et Juliette, CG 9 / Act 4: Dieu! Quel frisson court dans mes veines?",Charles Gounod,2022,-18.951,minor,2020
spotify:track:0jMzCbNRA2yXFoSD9C7Snv,0jMzCbNRA2yXFoSD9C7Snv,Realisations,Otis Ubaka,2023,-10.079,minor,2020
spotify:track:4LB6NIm3jSCxyTM4eyNJJA,4LB6NIm3jSCxyTM4eyNJJA,He's A Runner,George Winston,2022,-17.928,major,2020
spotify:track:3qfB39JWO1bMr6D5EeOAMi,3qfB39JWO1bMr6D5EeOAMi,Want You (feat. Megan Murray) - Charles Webster Deep Dub,NATE08,2023,-10.483,minor,2020
spotify:track:6yPfhJH9EjrJZMCevkN7a9,6yPfhJH9EjrJZMCevkN7a9,Valley of Death,Skillet,2022,-5.951,minor,2020
spotify:track:4NK4VoJTeKeEcbpTAyWt7z,4NK4VoJTeKeEcbpTAyWt7z,halcyon,BLÜ EYES,2021,-8.481,major,2020
spotify:track:0Wsi12i9lVK054jWHIhkkZ,0Wsi12i9lVK054jWHIhkkZ,Nuestra Canción,Los de FL,2023,-11.752,major,2020
spotify:track:0ANkt7hXhZb7rdCr9UavOb,0ANkt7hXhZb7rdCr9UavOb,emotional softie,One Hope,2021,-8.254,major,2020
spotify:track:36lzrgDGa8P5nu902UcxQV,36lzrgDGa8P5nu902UcxQV,30 Min Deep Sleep Music,Sleep Fruits Music,2022,-36.756,major,2020
spotify:track:5OUhlUhhEd9lYRZ75xyJe0,5OUhlUhhEd9lYRZ75xyJe0,Testicular Rot,Sanguisugabogg,2023,-6.535,major,2020
spotify:track:58D1Cd8T85gwWiHUzGw3pE,58D1Cd8T85gwWiHUzGw3pE,Fallen Angel,Frankie Valli & The Four Seasons,2022,-7.585,major,2020
spotify:track:16PoutTY8nB9GuDngJ0VS2,16PoutTY8nB9GuDngJ0VS2,Finality I Behold,Black Curse,2020,-4.987,major,2020
spotify:track:73yiAXig9qPlUYYAQGTT8F,73yiAXig9qPlUYYAQGTT8F,Own The Night,Riot Ten,2022,-4.325,major,2020
spotify:track:0yeOBIkI3whpk4n223Lpuo,0yeOBIkI3whpk4n223Lpuo,This Is How U Feel,Loote,2020,-8.36,major,2020
spotify:track:7vrKgMYior2b66Gy0ud8rl,7vrKgMYior2b66Gy0ud8rl,Desperado,Kendji Girac,2022,-5.573,minor,2020
spotify:track:2ovXucIICta7PtJs4vcY4U,2ovXucIICta7PtJs4vcY4U,Big Casino,Jimmy Eat World,2021,-3.701,major,2020
spotify:track:2EAFjRWwmV8EEaRW56NAzF,2EAFjRWwmV8EEaRW56NAzF,Прекрасное имя Россия,Lyudmila Zykina,2020,-12.014,minor,2020
spotify:track:4Bfpl4PlE7sRggljd2kFPv,4Bfpl4PlE7sRggljd2kFPv,Nichts mehr wie es war!,Frank Nimsgern,2022,-18.304,major,2020
spotify:track:7dva5TF6de5kEEO6E63s8c,7dva5TF6de5kEEO6E63s8c,Licking on a Knife for Fun,zebrahead,2022,-3.619,major,2020
spotify:track:40hPE8D1zpU5D6p1MafNOP,40hPE8D1zpU5D6p1MafNOP,O Pato - Remastered,João Gilberto,2023,-15.0,minor,2020
spotify:track:3vrX2IBB5tfD2ors1EDpF8,3vrX2IBB5tfD2ors1EDpF8,More Than a Feeling - Guitar Version,Andy Angel,2022,-16.141,major,2020
spotify:track:4CMbQBQB4nRuUsKLyds9VC,4CMbQBQB4nRuUsKLyds9VC,Daylight,Van Der Karsten,2022,-6.69,major,2020
spotify:track:4XlCyvfe2B9COB410Flj0j,4XlCyvfe2B9COB410Flj0j,That's What a Scare Is,Josh Gondelman,2022,-13.202,minor,2020
spotify:track:6EJNfhu4OzJU6DzcVdkQlv,6EJNfhu4OzJU6DzcVdkQlv,Não Te Bato Com uma Flor,Mc Rd,2023,-7.371,major,2020
spotify:track:62hynsN56qSgvz3ErJ42dV,62hynsN56qSgvz3ErJ42dV,Osiris,Velvet Viper,2021,-4.177,major,2020
spotify:track:0KyIfYYxcxNPODhESiODtJ,0KyIfYYxcxNPODhESiODtJ,Running Up That Hill (A Deal With God),Scott Bradlee's Postmodern Jukebox,2022,-10.562,major,2020
spotify:track:3D1Pe1QUz4jaWrJAgPct9I,3D1Pe1QUz4jaWrJAgPct9I,New Horizons (A State Of Trance 650 Anthem) [Mixed],Jorn Van Deynhoven,2023,-7.3,minor,2020
spotify:track:31czkWUYZaDADbxLPd5zEb,31czkWUYZaDADbxLPd5zEb,Cloud Rider,Foxy Shazam,2023,-8.701,minor,2020
spotify:track:1froIKSwt4bA2erWFRV4ve,1froIKSwt4bA2erWFRV4ve,Stone in Love - Live,Journey,2022,-7.062,major,2020
spotify:track:5Lm9umQbpsu7Nh1sff3EdU,5Lm9umQbpsu7Nh1sff3EdU,Light Dancing - The Bestseller Radio Edit,VetLove,2023,-4.639,minor,2020
spotify:track:4zoIDpkhGfGPkGZMgFM5Pr,4zoIDpkhGfGPkGZMgFM5Pr,"Piano Concerto No. 27 in B-Flat Major, K. 595: I. Allegro - Live",Wolfgang Amadeus Mozart,2023,-24.048,major,2020
spotify:track:2UPibiNgkLgj336C5flYWo,2UPibiNgkLgj336C5flYWo,Valley of Birds,Traumer,2021,-16.994,major,2020
spotify:track:408n6XDh8vLFmVZ5zvzMwm,408n6XDh8vLFmVZ5zvzMwm,Shadows,Seven Lions,2021,-4.675,major,2020
spotify:track:5qMn3RhrA7C58XTmBR3BdZ,5qMn3RhrA7C58XTmBR3BdZ,Race to Equilibrium,Diabulus in Musica,2020,-6.435,minor,2020
spotify:track:2iF1AHLf1dgU0i8uClijdy,2iF1AHLf1dgU0i8uClijdy,Dejenme Llorar,Juanello,2021,-7.88,major,2020
spotify:track:7M6BqUrDOjUcm2cULEcOqj,7M6BqUrDOjUcm2cULEcOqj,Astral Audio,Binaural Beats,2020,-19.999,minor,2020
spotify:track:5pdz7s2D4G9ItEi9zadyvd,5pdz7s2D4G9ItEi9zadyvd,Valleri,The Queers,2021,-5.087,major,2020
spotify:track:1hri6Drb5hP1mzB5pDeJjs,1hri6Drb5hP1mzB5pDeJjs,unspoken,Rosetta Arroyo,2020,-31.277,major,2020
spotify:track:2Mc7mVrymhooU24Hitf5D7,2Mc7mVrymhooU24Hitf5D7,The Farewell,Reivaj Ebol,2021,-29.941,major,2020
spotify:track:6ZJOiUetNnAiX6h2v08GmP,6ZJOiUetNnAiX6h2v08GmP,Still: Piano Music for Sleep,Greg Maroney,2020,-19.582,major,2020
spotify:track:6bznjfaKMSVnGgBQbmr8gv,6bznjfaKMSVnGgBQbmr8gv,"Ах, пане панове - 2021 Remastered Version",Gelena Velikanova,2021,-17.974,major,2020
spotify:track:73Nd2ZTKCqCTXfa4d2RePe,73Nd2ZTKCqCTXfa4d2RePe,Kinda Feels Alright - Acoustic,Wild Rivers,2020,-11.96,major,2020
spotify:track:3KewUrX9nBSs6KMtFvw6wq,3KewUrX9nBSs6KMtFvw6wq,Longhope - Edit,Erland Cooper,2020,-12.939,major,2020
spotify:track:4YXTc91eQA2ZT0jidtjmZU,4YXTc91eQA2ZT0jidtjmZU,"Sleep Hack Music, Pt. 14",Sleep Fruits Music,2022,-34.831,major,2020
spotify:track:6URcJYH93TfiV4ehcZXchC,6URcJYH93TfiV4ehcZXchC,The Wailing Horizon,Inferno,2021,-9.236,minor,2020
spotify:track:0ExPOKGYA2HAykGEsCxJS6,0ExPOKGYA2HAykGEsCxJS6,Locked Out Of Heaven (Hardstyle) - Sped Up,BAKI,2022,-4.611,major,2020
spotify:track:31HAs6RBC8mv5pyqK0tXxY,31HAs6RBC8mv5pyqK0tXxY,Climb,24kGoldn,2020,-6.052,major,2020
spotify:track:39limMlZ5B25XM1FhNqa02,39limMlZ5B25XM1FhNqa02,Flux,Poppy,2021,-5.83,minor,2020
spotify:track:0SOh3pWeJpwa8GcYOGVj0N,0SOh3pWeJpwa8GcYOGVj0N,"Western Survivors - Live at CYCLONE, Tokyo, 2022",Sailing Before The Wind,2023,-3.193,minor,2020
spotify:track:3Hv2XS0W9g4FAGzXCOYEnn,3Hv2XS0W9g4FAGzXCOYEnn,Salon musique,Maxence Cyrin,2022,-30.862,major,2020
spotify:track:6d9RlKXfpI20eIlas0PT9r,6d9RlKXfpI20eIlas0PT9r,Wax Gibbons,Hairitage,2021,-7.739,major,2020
spotify:track:0mveTCpHmXs3kKIh73V5VF,0mveTCpHmXs3kKIh73V5VF,Mundo Mitomano - En Vivo,Malícia,2020,-7.58,major,2020
spotify:track:0op7p4Q6gFh44KKeTaKocv,0op7p4Q6gFh44KKeTaKocv,Tu Aisa Kaise Hai,Osho Jain,2021,-10.913,major,2020
spotify:track:3PcRXrw8WCmqf4fqkgltSe,3PcRXrw8WCmqf4fqkgltSe,The Nightmare of Being,At The Gates,2021,-5.619,minor,2020
spotify:track:6J8Kjd0PYBlRyK7QPQyCDq,6J8Kjd0PYBlRyK7QPQyCDq,Be a Friend,Dylan Rockoff,2020,-8.01,major,2020
spotify:track:3hr6MDB6hIHY1C1MwjKGHx,3hr6MDB6hIHY1C1MwjKGHx,Get Up,Tye Tribbett,2022,-3.914,major,2020
spotify:track:4XJzx9heqQe10RmwHRVYIl,4XJzx9heqQe10RmwHRVYIl,Last Before Lights,Anz,2021,-3.884,major,2020
spotify:track:1bfKtNQf4y8xUI7CObJ8qR,1bfKtNQf4y8xUI7CObJ8qR,Team Wiped,Chief State,2022,-3.631,major,2020
spotify:track:1CgXMEb8LuhC8gl7JyQCMP,1CgXMEb8LuhC8gl7JyQCMP,"A Fancy, P. 73",John Dowland,2022,-24.435,major,2020
spotify:track:72XA4tcvxlay41kCJCpa12,72XA4tcvxlay41kCJCpa12,Edge of no return,Masterstroke,2023,-5.465,minor,2020
spotify:track:2h2GWjywmamQBB4G6ecVSX,2h2GWjywmamQBB4G6ecVSX,Taste,Ed Solo,2023,-2.372,major,2020
spotify:track:1TH9SDql3kjQdMLJj1yxO8,1TH9SDql3kjQdMLJj1yxO8,All Night Long,Tom Damage,2023,-7.73,minor,2020
spotify:track:6R3M9j2dmDqF4pLGoRfhao,6R3M9j2dmDqF4pLGoRfhao,Stain (Live In Tokyo 2019),SABER TIGER,2020,-4.199,minor,2020
spotify:track:4ORI9ReSjSb8mT0n9v0OWg,4ORI9ReSjSb8mT0n9v0OWg,Isleño,Roberto Lugo,2020,-8.041,minor,2020
spotify:track:7Gc7LaPafdz0acRXRlmWXH,7Gc7LaPafdz0acRXRlmWXH,"Sleep Therapy, Pt. 54",Sleep Fruits,2022,-37.139,major,2020
spotify:track:2UscVwaSo0fbaX5QxVgqH8,2UscVwaSo0fbaX5QxVgqH8,Hourglass,Jiří Horák,2022,-29.783,minor,2020
spotify:track:2cTLouneODFXlosSyN3sxK,2cTLouneODFXlosSyN3sxK,Robber,The Weather Station,2020,-9.818,minor,2020
spotify:track:1lmvJh9UkVEK2ESTeskPwB,1lmvJh9UkVEK2ESTeskPwB,say that (ft. Nomi),Mount Kimbie,2022,-10.189,major,2020
spotify:track:4LNfx1MTVEB25juqG1MpKf,4LNfx1MTVEB25juqG1MpKf,Esperaré,AlaDeMoska,2020,-5.041,minor,2020
spotify:track:3F3YMGCp5ErvS14f71s8LX,3F3YMGCp5ErvS14f71s8LX,Saturn,Lyn Lapid,2022,-6.941,minor,2020
spotify:track:2DResotZIBdRApCGHVt9rx,2DResotZIBdRApCGHVt9rx,I Can't Believe It,Krowdexx,2023,-1.159,minor,2020
spotify:track:3FQPbWCnbkF4vOQMROPoF2,3FQPbWCnbkF4vOQMROPoF2,Аргентинское Tанго El Internado,Quinteto Pirincho,2022,-11.263,major,2020
spotify:track:1AjomJSkQXEJCEpgxBRCKB,1AjomJSkQXEJCEpgxBRCKB,Spreading Black Wings,Arch Enemy,2022,-8.278,minor,2020
spotify:track:5HoNxMHvAIzXXuKUPRT8gG,5HoNxMHvAIzXXuKUPRT8gG,JUNE'S MIST,High Sunn,2022,-2.618,major,2020
spotify:track:0UylEaBe1TufFJCTlMAnwd,0UylEaBe1TufFJCTlMAnwd,I Wanna Be A Homosexual (First Version),Screeching Weasel,2020,-5.99,major,2020
spotify:track:1rmLNs9XWKXpSVpyO6P5Mg,1rmLNs9XWKXpSVpyO6P5Mg,El Krimen del Siglo,La Parranda Magna,2023,-3.486,minor,2020
spotify:track:6Q3K9gVUZRMZqZKrXovbM2,6Q3K9gVUZRMZqZKrXovbM2,I'll Wait,Kygo,2020,-6.973,major,2020
spotify:track:0oXrVmcJVCd7043iyHmmUI,0oXrVmcJVCd7043iyHmmUI,When You're Here,Trio Del Norte,2023,-13.284,major,2020
spotify:track:0Cbwsl8LrclOIaJ7E9uLEy,0Cbwsl8LrclOIaJ7E9uLEy,Gravity,SamuW,2021,-13.262,minor,2020
spotify:track:72zeMeEFtu4UpcRyC5qX3j,72zeMeEFtu4UpcRyC5qX3j,Нужно что-то менять,Blondinka KsU,2020,-2.133,minor,2020
spotify:track:6YueUBLgyMU0SGWLJd2vYB,6YueUBLgyMU0SGWLJd2vYB,Wrong Turn,Hypho,2023,-4.921,minor,2020
spotify:track:2Aw6lvzZbATaqzUAUWW1La,2Aw6lvzZbATaqzUAUWW1La,No Debes Llorar,Los Solitarios,2020,-7.171,major,2020
spotify:track:4KSoXWpiHKpFOXo2e8kIPi,4KSoXWpiHKpFOXo2e8kIPi,"Sept Imaginations: No. 1, I",Carlo Domeniconi,2023,-25.67,minor,2020
spotify:track:52EgvLsKo88hWKLGAr4tGy,52EgvLsKo88hWKLGAr4tGy,Contes Du Macabre (Intro),Massacre,2023,-16.8,major,2020
spotify:track:1B2cujmSnF09oWYtm7vDyF,1B2cujmSnF09oWYtm7vDyF,Honest,Swattrex,2022,-9.147,major,2020
spotify:track:01WOQ7tgZDp4EOAXIleZpM,01WOQ7tgZDp4EOAXIleZpM,Dopex (ASOT 1076),Gareth Emery,2022,-10.014,major,2020
spotify:track:0UPyRYXwwkZMZySDSRrT0N,0UPyRYXwwkZMZySDSRrT0N,Love So Right,Bee Gees,2020,-7.0,major,2020
spotify:track:4bdyTHk52dYHf40Cz4vjvH,4bdyTHk52dYHf40Cz4vjvH,"Mascarada - Global Edition / 2000 Mexican Spanish Cast Recording Of ""The Phantom Of The Opera""",Andrew Lloyd Webber,2022,-11.194,major,2020
spotify:track:6FN3Dvody5M3SIe0md8d7K,6FN3Dvody5M3SIe0md8d7K,Love E Scam,Kraff Gad,2021,-7.109,minor,2020
spotify:track:2tkAEP64y7hgbnkOrgZcLf,2tkAEP64y7hgbnkOrgZcLf,Vogels Fluite Snitches Zinge,Szeukers,2021,-1.738,major,2020
spotify:track:3Q1VCCjrkTadlB8fvDqH1d,3Q1VCCjrkTadlB8fvDqH1d,"La Bohème / Act 1: O soave fanciulla, o dolce viso",Giacomo Puccini,2020,-20.108,major,2020
spotify:track:4d6uIeiv5alKW5I0vb72uT,4d6uIeiv5alKW5I0vb72uT,Wayfare,Variant Sea,2020,-23.753,minor,2020
spotify:track:2nW6KbvKp8TR6V3SzLDLDr,2nW6KbvKp8TR6V3SzLDLDr,"33 Piano Variations In C, Op. 120 On A Waltz By Anton Diabelli: Variation XIV (Grave e maestoso)",Ludwig van Beethoven,2023,-24.134,major,2020
spotify:track:2u0a9bvGHnl7pvP6wtleTz,2u0a9bvGHnl7pvP6wtleTz,Hell to Pay - DROWND Remix,PIG,2021,-7.664,major,2020
spotify:track:5pcJVGvWgJgoxG6FYZDXDe,5pcJVGvWgJgoxG6FYZDXDe,Bliss,MYST,2021,-1.857,minor,2020
spotify:track:2sjWubJlb2YDUwQ0jLXoTP,2sjWubJlb2YDUwQ0jLXoTP,Final Answer - Live,Tamela Mann,2022,-4.408,major,2020
spotify:track:5eHqdw763xLaiDtqUwEVnP,5eHqdw763xLaiDtqUwEVnP,Bhetiyaade Yaake Nanna,Sonu Nigam,2021,-10.076,major,2020
spotify:track:0PyopHInX2qJzsRUKgNnxI,0PyopHInX2qJzsRUKgNnxI,Queen of Disaster,LULLANAS,2021,-10.856,minor,2020
spotify:track:3DzcdannrWQJRfz6MOB0zG,3DzcdannrWQJRfz6MOB0zG,Suga - Detlef Remix,Technasia,2020,-5.373,major,2020
spotify:track:3LG8Zau5cnoaa2QTVl4tHG,3LG8Zau5cnoaa2QTVl4tHG,Break The Rules - Edit,Andrew Bayer,2022,-6.162,minor,2020
spotify:track:4PdsFizGtoWX53gXDcXTyw,4PdsFizGtoWX53gXDcXTyw,Water Flowing Downward,Andrea von Kampen,2021,-11.347,minor,2020
spotify:track:0NchMyqFUvLM2f7xWWHcfh,0NchMyqFUvLM2f7xWWHcfh,Gravity - MI Dub,Lee Foss,2020,-6.455,major,2020
spotify:track:2H0GxfBChmWOMhQCUWybav,2H0GxfBChmWOMhQCUWybav,Only Human (feat. AJ Channer),Memphis May Fire,2022,-2.929,major,2020
spotify:track:6WXZg4rnNFmkOMaP2W5IKO,6WXZg4rnNFmkOMaP2W5IKO,Te Debo,Dvicio,2020,-7.444,major,2020
spotify:track:7wAFfH245FJP77ZugGVISe,7wAFfH245FJP77ZugGVISe,GTA (feat. 42 Dugg),Meek Mill,2020,-4.664,major,2020
spotify:track:2GXHjTG1EjTO12vN4AAafM,2GXHjTG1EjTO12vN4AAafM,We're Going Up,Kindy Corner,2020,-22.921,major,2020
spotify:track:34nLrM7N7AWHiJY45XkIpA,34nLrM7N7AWHiJY45XkIpA,You drive me crazy,Waldeck,2022,-8.875,minor,2020
spotify:track:2tJSb7btMoH5YnAJlKLE9f,2tJSb7btMoH5YnAJlKLE9f,Umenikumbuka,William Yilima,2020,-5.138,major,2020
spotify:track:7fuR1Ez3DQlgGG1Q5zjmwG,7fuR1Ez3DQlgGG1Q5zjmwG,Got To Get You Into My Life - Second Version / Unnumbered Mix,The Beatles,2022,-7.746,major,2020
spotify:track:2qtOmbVDhvCPyqbGrnuLo6,2qtOmbVDhvCPyqbGrnuLo6,Release,Adieu Aru,2022,-8.533,minor,2020
spotify:track:22oHloBXYpsk181LDPVY2i,22oHloBXYpsk181LDPVY2i,See His Face,Darrel Petties & Take 2,2022,-8.569,minor,2020
spotify:track:1HFvG5iwB55qarOvHJvpIR,1HFvG5iwB55qarOvHJvpIR,Blessings,Goat,2022,-16.568,major,2020
spotify:track:6nuiIVs1SvHOH16TMtjWYN,6nuiIVs1SvHOH16TMtjWYN,Voyage,Motorama,2021,-7.58,major,2020
spotify:track:2ypIrQFHSW1oCIUan5EQlD,2ypIrQFHSW1oCIUan5EQlD,North Sea Oil - Steven Wilson Stereo Remix,Jethro Tull,2020,-11.989,major,2020
spotify:track:3g4sfKZSUfLjucRKV9KDPa,3g4sfKZSUfLjucRKV9KDPa,Our Souls Bear The Weight Of The Stars,Vvilderness,2021,-14.835,minor,2020
spotify:track:1b2ZmGqIjIEMASZO3K0tE5,1b2ZmGqIjIEMASZO3K0tE5,When I Had You - Chilled,The East Pointers,2023,-11.597,major,2020
spotify:track:2ZKVW5zwzYcuOKGKlXexj5,2ZKVW5zwzYcuOKGKlXexj5,Goat Head - EARTHGANG Remix,Brittany Howard,2020,-5.823,major,2020
spotify:track:0lXtJoeFCZXAzAdDyHOfLo,0lXtJoeFCZXAzAdDyHOfLo,Por El Camino,Miguel Bastida,2022,-8.181,minor,2020
spotify:track:3aAWTPlsmWS8ICCiy0poc2,3aAWTPlsmWS8ICCiy0poc2,chanson for my depressed love,Pomme,2020,-15.382,minor,2020
spotify:track:19ib1830t4UpZhPUTnEQBH,19ib1830t4UpZhPUTnEQBH,Go the Distance (Arr. for Violin and Piano),Alan Menken,2020,-9.245,major,2020
spotify:track:09boptRHJgLXywOHXssMey,09boptRHJgLXywOHXssMey,Nightshade,Andrew Belle,2021,-9.0,minor,2020
spotify:track:2v4WVwO0p5n8sVzZ7Da4jl,2v4WVwO0p5n8sVzZ7Da4jl,Fair,Loris Murray,2022,-25.943,major,2020
spotify:track:4MmZwMUYzSGvF62MvRRsIb,4MmZwMUYzSGvF62MvRRsIb,Star Earring,Fox Academy,2020,-11.48,major,2020
spotify:track:2FXnfgUmPm5PdQ5MkjIZ7Z,2FXnfgUmPm5PdQ5MkjIZ7Z,Rockstar Sh*t,Borgore,2021,-2.127,minor,2020
spotify:track:0i140upudrR6aUa1CKq8SJ,0i140upudrR6aUa1CKq8SJ,Human Touch (Mixed) - Club Mix,Armin van Buuren,2022,-7.442,minor,2020
spotify:track:4pgRL8gTyTgqyQ45bEFq7o,4pgRL8gTyTgqyQ45bEFq7o,Hanna kommer hem,Lasse Stefanz,2023,-5.665,major,2020
spotify:track:711VuQFxWb6Tl8KezOv36n,711VuQFxWb6Tl8KezOv36n,Searching (For A Kinder Love) - Paul Denton Remix,Ben Gold,2023,-5.388,minor,2020
spotify:track:5KFTm15fUY0rfOVMlKyRf3,5KFTm15fUY0rfOVMlKyRf3,Paranoid,Byron Messia,2021,-12.317,minor,2020
spotify:track:4SyXN06wxmCIulGCXSud0c,4SyXN06wxmCIulGCXSud0c,Broken Hearted Crook,K1,2021,-8.331,minor,2020
spotify:track:2DjfKDEwfDfdHQLqUSpXny,2DjfKDEwfDfdHQLqUSpXny,Happy End In Agrabah - Remastered 2022,Alan Menken,2022,-16.95,major,2020
spotify:track:4I9uDzDEbWKc0W6bZZ4hNV,4I9uDzDEbWKc0W6bZZ4hNV,Qué Pretendes / Callaita (En Vivo),Combinacion De La Habana,2020,-7.675,major,2020
spotify:track:39iuNxeNEQpXmqosVaU61U,39iuNxeNEQpXmqosVaU61U,Minha Missão - Ao vivo,Mariana Aydar,2023,-11.83,minor,2020
spotify:track:1Ktm8giomJp1Fb8EI39oHn,1Ktm8giomJp1Fb8EI39oHn,Ante Meridiem,Men I Trust,2021,-15.318,minor,2020
spotify:track:5SXeLAgcFy229nQ7iFo54T,5SXeLAgcFy229nQ7iFo54T,Ambition,Distinction,2023,-0.721,minor,2020
spotify:track:0TJJcRcGvDs7DxAL79bqFN,0TJJcRcGvDs7DxAL79bqFN,Baltimore to Fair Play,The KLF,2021,-15.294,minor,2020
spotify:track:5ixdi1J5GIRKmmwqJiyINe,5ixdi1J5GIRKmmwqJiyINe,Bad Spell,Larkin Poe,2022,-8.818,major,2020
spotify:track:06gvWPGKwueAtPcEB4s7DH,06gvWPGKwueAtPcEB4s7DH,Love Is All Around - Summer of Love Version,The Troggs,2020,-13.203,major,2020
spotify:track:5xLPnd8izbc7jyrydKrBMx,5xLPnd8izbc7jyrydKrBMx,Gentle Echo of Home,Alan Shoesmith,2020,-18.919,major,2020
spotify:track:6xpN7PrZvNxc9GTDvLftTu,6xpN7PrZvNxc9GTDvLftTu,Shelter from the Storm,Ryan Adams,2023,-9.495,major,2020
spotify:track:04g1aQFzaegB7ovWaMMIzz,04g1aQFzaegB7ovWaMMIzz,Congratulations - Don Diablo VIP Mix,Don Diablo,2020,-4.677,minor,2020
spotify:track:0QhzV0wGDhWvBfvTpvVL5m,0QhzV0wGDhWvBfvTpvVL5m,Face My Fears,Isak Danielson,2021,-8.485,major,2020
spotify:track:7aA8Hu2kgv4IApwWcuc7wQ,7aA8Hu2kgv4IApwWcuc7wQ,Homesick (feat. SOUNDR) - Au5 Remix,MitiS,2021,-5.921,major,2020
spotify:track:58GxgFEG5uHc9oMhofuuIP,58GxgFEG5uHc9oMhofuuIP,Drei Uhr Nachts,Mark Forster,2021,-7.031,major,2020
spotify:track:6hd9R2wN9gibsLYzz0QS7c,6hd9R2wN9gibsLYzz0QS7c,Glide,Pig&Dan,2021,-11.279,major,2020
spotify:track:76Wn0MdZlDoiw1u0VCiaxJ,76Wn0MdZlDoiw1u0VCiaxJ,Back Seat,The Motet,2023,-5.07,major,2020
spotify:track:3vxTl81VHwm4KzLpBUiC1A,3vxTl81VHwm4KzLpBUiC1A,inatt,Josef Slunge,2023,-11.8,minor,2020
spotify:track:7I5TRQwvTXSO8Mkqctb0kL,7I5TRQwvTXSO8Mkqctb0kL,Coge el Tren,Mermelada,2023,-6.35,major,2020
spotify:track:0iG71aKEqO4dA2wsHEDzSV,0iG71aKEqO4dA2wsHEDzSV,La Brisa - Remastered,Alfredo De Angelis,2021,-6.725,major,2020
spotify:track:3klFOwTXey7gfGgBHZjwvX,3klFOwTXey7gfGgBHZjwvX,Ylja,Elgafar,2020,-17.929,major,2020
spotify:track:3ciCJScJYJ0arn4I1bSXmg,3ciCJScJYJ0arn4I1bSXmg,Beach Cafe,Guido Negraszus,2023,-11.649,minor,2020
spotify:track:12L06y5pcDtoYRjyPuxyQ6,12L06y5pcDtoYRjyPuxyQ6,Gita - Live,Daniel,2020,-5.826,major,2020
spotify:track:6XgY33mdcI6rhnW7XHPkFv,6XgY33mdcI6rhnW7XHPkFv,A Higher Place - 2014 Remaster,Tom Petty,2020,-6.61,major,2020
spotify:track:1I7V7AZ9qTvmpTFf9Jdq2A,1I7V7AZ9qTvmpTFf9Jdq2A,Only Love,Badflower,2021,-7.635,major,2020
spotify:track:7N2Rw3NC0GhH4AlyZS7xJw,7N2Rw3NC0GhH4AlyZS7xJw,Brisa Boa,Biollo,2023,-10.438,minor,2020
spotify:track:6g8JVruvK58FOfHeRHXd3O,6g8JVruvK58FOfHeRHXd3O,Samson - Piano Version,Henry Smith,2022,-20.776,major,2020
spotify:track:4uqRvp6QerTty2ZZznqCk5,4uqRvp6QerTty2ZZznqCk5,Cold Loud Dark,The Classic Crime,2020,-5.305,major,2020
spotify:track:2nONwTTwEhKo9Kdzr2aSec,2nONwTTwEhKo9Kdzr2aSec,Odelia,Black Lips,2020,-3.505,major,2020
spotify:track:2c7JQbqzYCZssl0bt36PLt,2c7JQbqzYCZssl0bt36PLt,Rainfall Poetry,Piano Peace,2022,-25.335,major,2020
spotify:track:6iEdd2FGWdJTmnygcubq46,6iEdd2FGWdJTmnygcubq46,Hot Gal Mood,Erup,2023,-4.083,major,2020
spotify:track:2sSzhlTz0N1HlSuoLLxv8z,2sSzhlTz0N1HlSuoLLxv8z,The Open,Lambert,2022,-25.754,minor,2020
spotify:track:2sZAsNoxgrWOZfLIZboDIi,2sZAsNoxgrWOZfLIZboDIi,Seventeen,Four Year Strong,2020,-2.57,major,2020
spotify:track:0DBaG7EfNLcK7kCrwzQ6Uq,0DBaG7EfNLcK7kCrwzQ6Uq,Mind Blown - Sammy Porter Remix,Syn Cole,2020,-7.393,minor,2020
spotify:track:5ZficLVIVbAOhqXPr665rc,5ZficLVIVbAOhqXPr665rc,Youngblood,Bilmuri,2020,-5.105,minor,2020
spotify:track:1Q6TxejYNY7TtJIxpxizzU,1Q6TxejYNY7TtJIxpxizzU,Forever Sinking,Ocean Sleeper,2021,-4.6,minor,2020
spotify:track:682JCWKEMeoSgdE5rSgh2E,682JCWKEMeoSgdE5rSgh2E,Sea Miracle,Screen Jazzmaster,2023,-12.248,minor,2020
spotify:track:5RlDECjVbV9unSVktun4IT,5RlDECjVbV9unSVktun4IT,Sleeptime,Nursery Rhymes Music,2020,-22.801,major,2020
spotify:track:4EXsvDJ2fCPwiQz0VdQ5YL,4EXsvDJ2fCPwiQz0VdQ5YL,Usa!,Nick Arnette,2022,-16.338,major,2020
spotify:track:1Q21BKiZOM7CasRjIMUMBV,1Q21BKiZOM7CasRjIMUMBV,First Light,My Morning Jacket,2022,-7.1,major,2020
spotify:track:5mSxA2yRDRiVx3BBkSM8M3,5mSxA2yRDRiVx3BBkSM8M3,Blå Berget,Henrik Lindstrand,2020,-20.708,major,2020
spotify:track:79kRdQ4yF9MraE41czp2zP,79kRdQ4yF9MraE41czp2zP,My Dad,Jeff Scheen,2022,-13.581,major,2020
spotify:track:45e0AIK8C1OPR9KtEQzNZs,45e0AIK8C1OPR9KtEQzNZs,Perfect Summer,ELLEGARDEN,2022,-5.824,minor,2020
spotify:track:7H4GcnE5lwLjHBDzxgTJOz,7H4GcnE5lwLjHBDzxgTJOz,Them Girls - J. Worra Remix,Black V Neck,2020,-4.997,minor,2020
spotify:track:20VBkqHK0i4nm1ZFQx77K5,20VBkqHK0i4nm1ZFQx77K5,Camera: IV,Roland Pöntinen,2023,-21.652,major,2020
spotify:track:3UAPebwkTgNpfZ6XUdHmzg,3UAPebwkTgNpfZ6XUdHmzg,In His Arms,Miranda Lambert,2022,-8.131,major,2020
spotify:track:6Hwa6OU6gPXId7DR0UrbZc,6Hwa6OU6gPXId7DR0UrbZc,Cigana,Dan Ventura,2022,-4.835,major,2020
spotify:track:0LrHKNXxo3bXUSj3fgHikG,0LrHKNXxo3bXUSj3fgHikG,Hollister Daydreamer,DRAIN,2020,-10.367,major,2020
spotify:track:3HIhnqDNfYHp47OUCRkaTy,3HIhnqDNfYHp47OUCRkaTy,Good News,The Skatalites,2023,-6.396,major,2020
spotify:track:2ksGPxfV4Y04s1Dn0OLF7F,2ksGPxfV4Y04s1Dn0OLF7F,Holy Hardcore,Screeching Weasel,2020,-5.081,minor,2020
spotify:track:4aP1DEaeics7XxzWPZVwdz,4aP1DEaeics7XxzWPZVwdz,Great Divide: Revisited - Live - Set 1,Hot Tuna,2023,-14.254,major,2020
spotify:track:2sejJEKL0T0AngRAIEtEZL,2sejJEKL0T0AngRAIEtEZL,Leech,Seether,2022,-4.926,minor,2020
spotify:track:5nfsmQCgW5fsux77qlBWZ2,5nfsmQCgW5fsux77qlBWZ2,The Stranglings - Mr.Kitty Remix,Pure Obsessions & Red Nights,2021,-6.039,major,2020
spotify:track:1fvBJjZxO87mIIv1vfpznW,1fvBJjZxO87mIIv1vfpznW,No Necesito Más,Demarco Flamenco,2021,-5.187,major,2020
spotify:track:64YCHb27i0Sbj02BUs9VLt,64YCHb27i0Sbj02BUs9VLt,Pop Art Blue,Zero 7,2022,-12.289,major,2020
spotify:track:3pknIeXAx0kwpNhoApURlk,3pknIeXAx0kwpNhoApURlk,Mistake,Tristam,2021,-6.375,minor,2020
spotify:track:48DEKIyp57dlFy7Yn2O12V,48DEKIyp57dlFy7Yn2O12V,Falling Apart,Sea Girls,2022,-4.425,major,2020
spotify:track:2MiiLwHlErKvPOIPMVkEvC,2MiiLwHlErKvPOIPMVkEvC,De Lá pra Cá - Ao Vivo,Eduardo Costa,2020,-4.32,major,2020
spotify:track:6qwU5MxP5U6P94qWE2foLT,6qwU5MxP5U6P94qWE2foLT,Just 4 U,AZ,2021,-7.81,minor,2020
spotify:track:7rUYTjDO8UObsXzyk3iLfC,7rUYTjDO8UObsXzyk3iLfC,Balearic Reflection (Markus Schulz In Search of Sunrise Intro Mix) - Mixed,Johan Gielen,2020,-8.785,minor,2020
spotify:track:25JOOXgL3bVkBzjzGvcLoE,25JOOXgL3bVkBzjzGvcLoE,Lost,Local Natives,2020,-7.594,major,2020
spotify:track:26DpsU4AU11OK1MjF4THqH,26DpsU4AU11OK1MjF4THqH,Fallen Rain,Rich Batsford,2020,-29.916,minor,2020
spotify:track:22hSNXtl1PLVQpkoh9ra27,22hSNXtl1PLVQpkoh9ra27,Need You Here (Mixed),Sneijder,2022,-6.211,major,2020
spotify:track:0t7VlVRdaVBqH1p1UIPcrV,0t7VlVRdaVBqH1p1UIPcrV,me vs me vs all of y'all,Can't Swim,2023,-2.89,major,2020
spotify:track:2UH3y9EMGNoq1bT57qM3VP,2UH3y9EMGNoq1bT57qM3VP,Elles ont trop joué avec mon coeur,Zélie,2021,-11.477,major,2020
spotify:track:3sWG9tHMzhLsxvI1u8HpBq,3sWG9tHMzhLsxvI1u8HpBq,Ah-Leu-Cha,Charlie Parker,2020,-6.673,major,2020
spotify:track:4mLEqGijiVhM5BkaBAGvVs,4mLEqGijiVhM5BkaBAGvVs,Voivod - Cover,Siege of Hate,2022,-8.101,major,2020
spotify:track:10X78vVJMO69ikNBYEqq8U,10X78vVJMO69ikNBYEqq8U,Seasick Sailor,Resolve,2021,-5.389,minor,2020
spotify:track:4whGYZQVkjI7r1hAyc4BFY,4whGYZQVkjI7r1hAyc4BFY,Heretic,LANDMVRKS,2022,-4.571,minor,2020
spotify:track:70TFwuLyduUQYij2aCmIsx,70TFwuLyduUQYij2aCmIsx,Finish Line,Elton John,2021,-3.415,major,2020
spotify:track:7luFIIONXi47VOS45Pi0Zm,7luFIIONXi47VOS45Pi0Zm,Greed Symphony - Extended Mix,Degos & Re-Done,2023,-2.898,minor,2020
spotify:track:6cTWJgNkmhATsI6RJgTPH4,6cTWJgNkmhATsI6RJgTPH4,Hold Me Closer - Eurovision Version,Cornelia Jakobs,2022,-7.277,major,2020
spotify:track:49Hip2hTnaFGiN8mPZz74a,49Hip2hTnaFGiN8mPZz74a,I could stay here all day,Aatom,2022,-27.121,major,2020
spotify:track:6LTkHon5Apzs85zkS8BmgQ,6LTkHon5Apzs85zkS8BmgQ,Alleviate,Imminence,2021,-4.991,minor,2020
spotify:track:6KwuhSYWqvDf2QhCSfynC5,6KwuhSYWqvDf2QhCSfynC5,Roça na Xereca Dela,Mc Rd,2023,-5.482,minor,2020
spotify:track:4BmF1yc2kwGRcKXEaREwW6,4BmF1yc2kwGRcKXEaREwW6,Te Busquei nas Avenidas,Fernando & Sorocaba,2021,-6.794,major,2020
spotify:track:0aM6w8d79bIAekbZhWVZBE,0aM6w8d79bIAekbZhWVZBE,"Prelude - From ""Darkest Hour"" Soundtrack",Dario Marianelli,2023,-27.987,minor,2020
spotify:track:2dwT1l1EDn3RvVVam5N31m,2dwT1l1EDn3RvVVam5N31m,Saudade Tatuada - Ao Vivo,John Amplificado,2022,-2.585,minor,2020
spotify:track:11RMCyvklH4F9ab07ijD7n,11RMCyvklH4F9ab07ijD7n,VICES,MOTHICA,2020,-6.653,minor,2020
spotify:track:5Bi5LCvGKphOldFsFcfmTN,5Bi5LCvGKphOldFsFcfmTN,Waiting for You,Nando Fortunato,2020,-8.448,minor,2020
spotify:track:2BDNkXWUQaejzRwb7omfJ7,2BDNkXWUQaejzRwb7omfJ7,Com Mulher Não Quero Mais Nada,Noel Rosa,2023,-10.148,minor,2020
spotify:track:1XlnvBxUqkhWjJPKhYqOML,1XlnvBxUqkhWjJPKhYqOML,Thaïs: Méditation (Arr. Knoth),Jules Massenet,2020,-19.589,major,2020
spotify:track:3OwB0RxWooRmKvJofnnsRE,3OwB0RxWooRmKvJofnnsRE,Suspicious (Reelsoul Rendition) [Reelsoul Radio Edit],Ten City,2022,-6.837,major,2020
spotify:track:5FqjAN4BAdJu94QAkJMONx,5FqjAN4BAdJu94QAkJMONx,Tell It All,Marizu,2022,-9.447,minor,2020
spotify:track:0fkC78CXCj7RIaPvwaZGyu,0fkC78CXCj7RIaPvwaZGyu,Slow Motion,MettaForm,2020,-26.165,minor,2020
spotify:track:3YvEJGwqNiyIvoo07C2JXF,3YvEJGwqNiyIvoo07C2JXF,fireflies (for as far as we could see) - edit,Leaving Laurel,2023,-10.878,major,2020
spotify:track:21iN5w6neWqVIe50ZF71YX,21iN5w6neWqVIe50ZF71YX,Ja Viimein On Yö,Havukruunu,2020,-2.343,major,2020
spotify:track:12MaIfgxw5FANOqZPKOwN5,12MaIfgxw5FANOqZPKOwN5,how to drown // acoustic,Cottonwood Firing Squad,2022,-18.427,major,2020
spotify:track:3Maqlu2aPlU8NluW19O8JD,3Maqlu2aPlU8NluW19O8JD,Paper Mache World,Matilda Mann,2020,-5.818,major,2020
spotify:track:1wsqBGQ3MgU2AyuYOardEn,1wsqBGQ3MgU2AyuYOardEn,Velveteen,Alvvays,2022,-4.48,major,2020
spotify:track:7K2NAP0VTobkh2z26JmZ3O,7K2NAP0VTobkh2z26JmZ3O,Days and Nights / Reprise (Rōnin Re-Edit),UNKLE,2021,-8.998,major,2020
spotify:track:7LPknY1dJIGRn75fscm2Us,7LPknY1dJIGRn75fscm2Us,SPARK - Movie Edit 『セイバー+ゼンカイジャー スーパーヒーロー戦記』主題歌,Tokyo Ska Paradise Orchestra,2021,-2.971,minor,2020
spotify:track:6RYGLccpK6E4A6Js1dtcKn,6RYGLccpK6E4A6Js1dtcKn,Meu Guri - Ao Vivo,Elza Soares,2020,-15.141,minor,2020
spotify:track:5oWIKeJYywGUfJ6Gv3NEMN,5oWIKeJYywGUfJ6Gv3NEMN,Energy,Romeo,2021,-11.231,minor,2020
spotify:track:23h3c9x2ApofnkxHteQJDU,23h3c9x2ApofnkxHteQJDU,Country Can,Hannah Ellis,2022,-4.403,major,2020
spotify:track:2yvPBcEY1GWH1mjHlUk21f,2yvPBcEY1GWH1mjHlUk21f,Moscow to LA,Forty Cats,2020,-8.53,major,2020
spotify:track:1BcfexpcJZ4Oh1h89M4aVN,1BcfexpcJZ4Oh1h89M4aVN,Write A River,Loving,2020,-6.486,major,2020
spotify:track:4otT81iBBpaf36roGtzT4a,4otT81iBBpaf36roGtzT4a,Decrescendo,Lomepal,2022,-7.178,minor,2020
spotify:track:415We0rxvC1bJ9yzXyfBa9,415We0rxvC1bJ9yzXyfBa9,Dhanush Kodi's Theme,Yuvan Shankar Raja,2021,-8.008,major,2020
spotify:track:2FSoOK1i7PwQjBNngifdw2,2FSoOK1i7PwQjBNngifdw2,RUN AWAY,pH-1,2022,-5.016,major,2020
spotify:track:0jkrxTzWniCbQ6MB5n64BK,0jkrxTzWniCbQ6MB5n64BK,Still Alive - Cruise Control Remix,A R I Z O N A,2020,-6.907,minor,2020
spotify:track:7dTXinOmm5bdJsLsn3z9Cp,7dTXinOmm5bdJsLsn3z9Cp,The Clearing,Tor Lundvall,2023,-8.595,major,2020
spotify:track:5SBtKiUzDptadLMP5kgb6Q,5SBtKiUzDptadLMP5kgb6Q,A September Birthday,Steve Hofstetter,2023,-21.304,major,2020
spotify:track:4yaIIdwY5zmhigm4JzCfEU,4yaIIdwY5zmhigm4JzCfEU,Time After Time,William Joseph,2021,-19.12,major,2020
spotify:track:3pbw2lj2toYlO97wGpfnSL,3pbw2lj2toYlO97wGpfnSL,Found Myself,Ben Phipps,2022,-6.469,major,2020
spotify:track:0pRIs6EFRLniTBxEsR0g0g,0pRIs6EFRLniTBxEsR0g0g,Arcade Mode,Adriatique,2022,-8.186,minor,2020
spotify:track:6hOBFicL6l2zaOvbWfJTBe,6hOBFicL6l2zaOvbWfJTBe,RAIDERZ,Owl Vision,2021,-3.987,minor,2020
spotify:track:37oNzLFCyw2On6e39bN2sp,37oNzLFCyw2On6e39bN2sp,"Modennaminute (with Lucky Daye, Phoelix)",Smino,2022,-9.466,minor,2020
spotify:track:7g5KyP3c7DuVzOWmzjfaqJ,7g5KyP3c7DuVzOWmzjfaqJ,Risen,Designer Disguise,2023,-4.631,major,2020
spotify:track:0omZTBBJsbkb5GVg1coZtd,0omZTBBJsbkb5GVg1coZtd,Todas As Coisas - Ao Vivo,Fernandinho,2023,-8.517,major,2020
spotify:track:02kPfdWpHVMZQXE4kQOfHG,02kPfdWpHVMZQXE4kQOfHG,Exiliado,Azeroth,2022,-13.582,minor,2020
spotify:track:4gws3X9xLT4D2cT1h2nv4p,4gws3X9xLT4D2cT1h2nv4p,Udug-Hul Incantation,Devangelic,2023,-6.295,major,2020
spotify:track:6nxwqXoSg205rObQN1yUJ3,6nxwqXoSg205rObQN1yUJ3,Đi Ngang Ngày Buồn,Phạm Nguyên Ngọc,2021,-14.405,major,2020
spotify:track:6sFSGmDXLn6DOUhRf9N1MS,6sFSGmDXLn6DOUhRf9N1MS,Som på film,ShitKid,2020,-3.792,minor,2020
spotify:track:40zuyHdqt51929tfHq29UX,40zuyHdqt51929tfHq29UX,All I Ever Wanted - Hardstyle Edit,Thymo,2022,-2.715,major,2020
spotify:track:7hcTlr9TT86lnnETaOf8b7,7hcTlr9TT86lnnETaOf8b7,Wipe My Tears,Damien,2021,-4.395,major,2020
spotify:track:60fOW6ju9yMREqIIrPM9ZG,60fOW6ju9yMREqIIrPM9ZG,Where You Live Again,Enisum,2023,-12.655,major,2020
spotify:track:4vaI6Vtngf9lUp7AatbyO1,4vaI6Vtngf9lUp7AatbyO1,Meadow in the sky,Anthony Island,2023,-6.751,minor,2020
spotify:track:0xB6SdC3OyIPyqKzsgkThL,0xB6SdC3OyIPyqKzsgkThL,時輪,C AllStar,2021,-7.513,major,2020
spotify:track:1LbVRUEMrdMFsIkRc1PtVt,1LbVRUEMrdMFsIkRc1PtVt,Sicker Than Your Average,Kilbourne,2021,-4.783,minor,2020
spotify:track:3sQuLFDdHMZjAMR3O7RHiJ,3sQuLFDdHMZjAMR3O7RHiJ,Questão de Tempo,Vitor Fernandes,2021,-3.945,minor,2020
spotify:track:2HIm1IwgNCYAnLQ3qwmBew,2HIm1IwgNCYAnLQ3qwmBew,"Vaccum Cleaner Noise, Pt. 18",White Noise Babies,2020,-16.08,major,2020
spotify:track:5kj1ATksYuR9lsvJT4mKh5,5kj1ATksYuR9lsvJT4mKh5,墜落,Jason Chan,2022,-4.09,minor,2020
spotify:track:6kNEXB3Dkxi0S5XnK8OGOu,6kNEXB3Dkxi0S5XnK8OGOu,Satisfy Me,Alex Hobson,2022,-7.375,minor,2020
spotify:track:7ecQNIkucpfozysKEt8jSo,7ecQNIkucpfozysKEt8jSo,Ladioo - Arena-Hitmix Reloaded,Peter Wackel,2023,-2.363,major,2020
spotify:track:7o8jZUgQyVqq7TiXrNpyAB,7o8jZUgQyVqq7TiXrNpyAB,Dancehall Baddest Ting,Rygin King,2021,-4.343,major,2020
spotify:track:0FuK9P0oD0W1CoXM3ksibe,0FuK9P0oD0W1CoXM3ksibe,Sun Rays on Raindrops with Thunder,Rain Sound Studio,2020,-16.853,major,2020
spotify:track:117o0nKXJgyUK8wwnugr8F,117o0nKXJgyUK8wwnugr8F,Mais Um,Felipe Araújo,2021,-4.427,major,2020
spotify:track:6mogMfjr9YB8QDFX7KjptK,6mogMfjr9YB8QDFX7KjptK,Meri baaton mae tu Cover LOFI,Swattrex,2023,-18.789,major,2020
spotify:track:7k41Cd9KiBzctFiV6IwQMm,7k41Cd9KiBzctFiV6IwQMm,This Is What We Do,Leftfield,2022,-5.974,minor,2020
spotify:track:4MqwgcYSw2BVHfZcijQ9LH,4MqwgcYSw2BVHfZcijQ9LH,"Bwv 1019 Alternative Movements - Cantabile, ma un poco Adagio",Johann Sebastian Bach,2023,-23.151,major,2020
spotify:track:5CY2NFmcAhlXyqMejIw7qa,5CY2NFmcAhlXyqMejIw7qa,She Works Hard For The Money,Donna Summer,2023,-7.821,minor,2020
spotify:track:3VmBWEZGlr5ejw5UcbZts1,3VmBWEZGlr5ejw5UcbZts1,Cita en el Quirófano,PXNDX,2020,-4.062,major,2020
spotify:track:6WRoMvvjhKsJjWJHXNJxtq,6WRoMvvjhKsJjWJHXNJxtq,Diggy Dee - Remix,Charly Black,2020,-0.965,major,2020
spotify:track:6FigTKRqViioVS4sjECtNa,6FigTKRqViioVS4sjECtNa,Imago,Oneohtrix Point Never,2020,-13.607,minor,2020
spotify:track:2ksgMG1hHFHV979phZ2lkd,2ksgMG1hHFHV979phZ2lkd,Begin Again,Nick Mulvey,2020,-9.402,major,2020
spotify:track:0u0oY2WuHC8B22p5nF8qsU,0u0oY2WuHC8B22p5nF8qsU,When I Talk,deadmau5,2022,-6.548,minor,2020
spotify:track:5N6yVuv3jHpj9t04Tf1jmc,5N6yVuv3jHpj9t04Tf1jmc,Feel,Sleep Fruits Music,2022,-41.152,major,2020
spotify:track:2LAsmy9axBGMLTcusWYtqj,2LAsmy9axBGMLTcusWYtqj,Trust You,€URO TRA$H,2021,-6.047,major,2020
spotify:track:5zGWmuo59G5tJnQiXtxQp5,5zGWmuo59G5tJnQiXtxQp5,Voodoo,Pan-Pot,2021,-6.385,minor,2020
spotify:track:0FAVMjX1bhZeLVXSo5KxMh,0FAVMjX1bhZeLVXSo5KxMh,Só Foi Beber pra Lembrar (Ao Vivo),Os Barões Da Pisadinha,2020,-4.392,minor,2020
spotify:track:2h5FScYeQ8F9autCIyAwFE,2h5FScYeQ8F9autCIyAwFE,Coming Soon,Matthew Sweet,2021,-3.936,major,2020
spotify:track:0hvtAiGqMgzIUodLcj3aEc,0hvtAiGqMgzIUodLcj3aEc,Less Of A Stranger,Julia Jacklin,2022,-18.307,major,2020
spotify:track:1AhLmSV0uOFvLIyrGO2zJc,1AhLmSV0uOFvLIyrGO2zJc,Back To The Middle,Modest Mouse,2021,-4.643,major,2020
spotify:track:0395HUpp6e8PpPJprGWiHD,0395HUpp6e8PpPJprGWiHD,The Bonnie Ship the Diamond,The Real McKenzies,2022,-8.752,major,2020
spotify:track:7dA7M4kzZ6LJFfk3EGNdxO,7dA7M4kzZ6LJFfk3EGNdxO,All My Mistakes,gavn!,2022,-34.455,major,2020
spotify:track:4eRL7DQJdENTlOwkUfzkco,4eRL7DQJdENTlOwkUfzkco,Broken Pieces,Koryn Hawthorne,2020,-7.626,major,2020
spotify:track:3xmXfTd5RrqlIOWPnfDRoG,3xmXfTd5RrqlIOWPnfDRoG,Lejos Otra Vez,La Parranda Magna,2023,-3.103,minor,2020
spotify:track:6wXYyw7TBQlJ0qh3RNP8MD,6wXYyw7TBQlJ0qh3RNP8MD,Change,(G)I-DLE,2022,-4.124,major,2020
spotify:track:4vJ0MTIjJGGa7OoVoGl1m3,4vJ0MTIjJGGa7OoVoGl1m3,Howling at the Moon,Mike Posner,2023,-6.922,major,2020
spotify:track:0Aa9storemJMkPbFnLH8jE,0Aa9storemJMkPbFnLH8jE,All Hail King Jesus - Live,Bethel Music,2021,-9.225,major,2020
spotify:track:06y6y1nLxy4W4ws62b3BRX,06y6y1nLxy4W4ws62b3BRX,"Music to Focus, Pt. 11",Sleep Fruits Music,2022,-35.277,major,2020
spotify:track:254wKOYOBxm41PjsXSDv5b,254wKOYOBxm41PjsXSDv5b,Ved Steingard - Remaster 2021,Borknagar,2021,-17.664,minor,2020
spotify:track:7tQghvy2q9knaNRpkaEIEJ,7tQghvy2q9knaNRpkaEIEJ,Yeah Man,Govana,2020,-3.57,major,2020
spotify:track:7juRT2OnZvXW8irziSULlU,7juRT2OnZvXW8irziSULlU,Never Ending,Lvne,2020,-11.36,major,2020
spotify:track:5peK7njLENZjTLID1b4EoI,5peK7njLENZjTLID1b4EoI,Breaking the Silence,Outline In Color,2020,-4.561,minor,2020
spotify:track:6wb3IslkTscAA4d3UuCJ6R,6wb3IslkTscAA4d3UuCJ6R,We Are Family - Original Radio Edit,Jesse Saunders,2021,-4.683,minor,2020
spotify:track:5ExEbPXBV7foCAaX7c6uuV,5ExEbPXBV7foCAaX7c6uuV,Undershadow - Original mix,Albert Chiovenda,2023,-11.59,major,2020
spotify:track:484UWdd9vK1RbhAsvwjR8c,484UWdd9vK1RbhAsvwjR8c,Beech Street,Marsh,2020,-7.664,major,2020
spotify:track:0T0sBkFffvV1iELEgYGazB,0T0sBkFffvV1iELEgYGazB,Want You - Charles Webster Instrumental Remix,NATE08,2023,-8.257,major,2020
spotify:track:7AD0ZaIzhv4mtwK3wNL8lZ,7AD0ZaIzhv4mtwK3wNL8lZ,Wake Up,Lil Mosquito Disease,2022,-1.775,major,2020
spotify:track:63e71rb8TjRG253nMvU7yY,63e71rb8TjRG253nMvU7yY,cinege,Fausto Mercier,2023,-11.376,major,2020
spotify:track:3AjYtzRNk3ERay20FsBWOQ,3AjYtzRNk3ERay20FsBWOQ,Secret Desires,Alex Spite,2021,-7.745,minor,2020
spotify:track:7KN6w6aVRJ2WNgZwId0mPP,7KN6w6aVRJ2WNgZwId0mPP,My Daddy 'SUGA' - Huda Hudia & DJ30A Remix,The Darrow Chem Syndicate,2021,-3.699,minor,2020
spotify:track:62hOMcNrTs3R8DsB2P5C2K,62hOMcNrTs3R8DsB2P5C2K,Back in time,Tevvez,2020,-7.527,minor,2020
spotify:track:2SKTBfNiv3r7j53tWlfk9u,2SKTBfNiv3r7j53tWlfk9u,Rhythm Sister,Alinka,2021,-8.247,major,2020
spotify:track:249cXxml3AfaUU2GkzkPWD,249cXxml3AfaUU2GkzkPWD,Чужой,Aria,2020,-3.514,major,2020
spotify:track:0ZOUc69GEvD2vKmZLIR5zm,0ZOUc69GEvD2vKmZLIR5zm,About Last Night,Vybz Kartel,2023,-5.269,major,2020
spotify:track:3HtrgoW2iPVupeM8SU3718,3HtrgoW2iPVupeM8SU3718,Roy,Ambrose Akinmusire,2020,-20.625,major,2020
spotify:track:4WUU7iW9eCaCGWpFVjgtJD,4WUU7iW9eCaCGWpFVjgtJD,Juegas al Amor,Irving Manuel,2021,-3.713,major,2020
spotify:track:0PxdP0ZLA97YRdo2m9SW3R,0PxdP0ZLA97YRdo2m9SW3R,N.W.O.,Smirk,2021,-4.512,major,2020
spotify:track:0u7W6rCS1oZDw3CcGrPZpQ,0u7W6rCS1oZDw3CcGrPZpQ,A Different You - Original Mix,Tep No,2021,-4.782,major,2020
spotify:track:0QasLdXWzd4rJLpdYyPGNZ,0QasLdXWzd4rJLpdYyPGNZ,Sheep Don't You Know the Road,Bessie Jones,2020,-10.188,minor,2020
spotify:track:7h1t1cI0DOSZQ0jHm3u0zA,7h1t1cI0DOSZQ0jHm3u0zA,KING OF THE TOWN,DillanPonders,2020,-10.55,major,2020
spotify:track:5I4HRAO95ds6Cktvo0eT9O,5I4HRAO95ds6Cktvo0eT9O,Hood of My Car,Anderson East,2021,-6.758,major,2020
spotify:track:1G1EjrYhxe34GKjF7Kfxa2,1G1EjrYhxe34GKjF7Kfxa2,Jericho,Jeff Fullyauto,2022,-5.387,major,2020
spotify:track:7Jm7DORWEyKBzIbWJiAvFO,7Jm7DORWEyKBzIbWJiAvFO,The Only Thing They Fear Is You,Megaraptor,2020,-10.465,major,2020
spotify:track:6bxUT3WHGWwPGFx60j847d,6bxUT3WHGWwPGFx60j847d,いつも、エンドレス,OKAMOTO'S,2023,-4.684,minor,2020
spotify:track:46rKXLctYLm4zcO7MJrJHi,46rKXLctYLm4zcO7MJrJHi,Stargon,A. G. Cook,2020,-8.397,major,2020
spotify:track:5QXB4iX4Vn93sH1W1BuO5b,5QXB4iX4Vn93sH1W1BuO5b,Know You (708),With Confidence,2021,-8.6,major,2020
spotify:track:3XLnBzF8xHnkUZSYuzh7bf,3XLnBzF8xHnkUZSYuzh7bf,Dawn,Valérie Beaumont,2023,-21.819,major,2020
spotify:track:3Bt20p8HJRutgobDpr7PUB,3Bt20p8HJRutgobDpr7PUB,因一个人而流出一滴泪,Karen Mok,2021,-13.174,major,2020
spotify:track:0HItcI6qN6Dr4MC3CZryQh,0HItcI6qN6Dr4MC3CZryQh,Gimme Love,Joji,2020,-6.917,major,2020
spotify:track:2nsPkMV6m9pZCOB49nFMDZ,2nsPkMV6m9pZCOB49nFMDZ,Closer,Satoshi & Makoto,2020,-27.407,minor,2020
spotify:track:6DmeveGMC2P2EG3y7qjdLl,6DmeveGMC2P2EG3y7qjdLl,Aami Chini Go Chini,Kishore Kumar,2020,-11.86,major,2020
spotify:track:0M16Hok840Lu3BKsjnIIDt,0M16Hok840Lu3BKsjnIIDt,Spanish Lessons,Stuart Thompson,2020,-9.787,major,2020
spotify:track:2ZEtuhomZIuim95sQ3E2Uz,2ZEtuhomZIuim95sQ3E2Uz,If You’re Falling Asleep,Old Sea Brigade,2022,-13.434,major,2020
spotify:track:4UyqpXNMLdzQYQ2CtZ0VDK,4UyqpXNMLdzQYQ2CtZ0VDK,Worldspawn,Niki Istrefi,2020,-12.594,major,2020
spotify:track:3AmYmsHpaGRZml7gcWIuP3,3AmYmsHpaGRZml7gcWIuP3,All That We've Become,Neon Graves,2020,-5.285,major,2020
spotify:track:5wz3pkRSki1ykp81yYdjb5,5wz3pkRSki1ykp81yYdjb5,Raise Hell,Ruvlo,2022,-2.561,major,2020
spotify:track:7L3r0gemCNQGInuIl58yfv,7L3r0gemCNQGInuIl58yfv,That Feeling - Club Edit,Sven & Olav,2021,-7.24,major,2020
spotify:track:33sl70LENNTIDswSBU5mPh,33sl70LENNTIDswSBU5mPh,Drown,Astronoid,2022,-7.195,minor,2020
spotify:track:6NitJf2pJZ4ssPTWZ1ZuVv,6NitJf2pJZ4ssPTWZ1ZuVv,About Us (feat. EMME),Le Youth,2020,-9.185,minor,2020
spotify:track:695k1t38My2LLHZhUi5qBW,695k1t38My2LLHZhUi5qBW,Rugia,Hate,2021,-4.214,major,2020
spotify:track:0BLiwKvQ0I1MUQqwhdFsXa,0BLiwKvQ0I1MUQqwhdFsXa,You Can Kill With It,Idontknowjeffery,2021,-12.743,minor,2020
spotify:track:2wY5AD0JnaANlabZbx2CFF,2wY5AD0JnaANlabZbx2CFF,The Ballad of Sleazy Rider,Rob Zombie,2021,-5.253,major,2020
spotify:track:75Kno9fjHx3qUYKrrxJKlV,75Kno9fjHx3qUYKrrxJKlV,Polladha Ulagam,Dhanush,2022,-8.041,major,2020
spotify:track:4W1GYMpHYOpeK6iOkc6rfJ,4W1GYMpHYOpeK6iOkc6rfJ,Victory - Remix,Rehmahz,2021,-6.844,major,2020
spotify:track:5j2wZUhCRP6LXj88YSHDaB,5j2wZUhCRP6LXj88YSHDaB,Turbulence 2.0,GEL,2021,-2.513,major,2020
spotify:track:6IvYOcoVa8pjIiaHd00SDp,6IvYOcoVa8pjIiaHd00SDp,Não Foi A Toa,Soweto,2020,-7.216,major,2020
spotify:track:4NtNdQAlf77UOgBbYDyuw7,4NtNdQAlf77UOgBbYDyuw7,Stand As One,Genox,2020,-3.083,minor,2020
spotify:track:35dA0YWwrhave8ttuQhQTY,35dA0YWwrhave8ttuQhQTY,Headed for The Sun (Mixed),Craig Connelly,2022,-8.088,minor,2020
spotify:track:5N5m6hs4ZvYqkYWIEiTpWE,5N5m6hs4ZvYqkYWIEiTpWE,Deus Ex Machina,Devoured Elysium,2021,-7.84,major,2020
spotify:track:2o9zFqPp1sR4DpvMOBngfr,2o9zFqPp1sR4DpvMOBngfr,Heroes och StarWars,Magnum Bonum,2020,-4.441,major,2020
spotify:track:0tmUakYNAsnX62md9OsjdU,0tmUakYNAsnX62md9OsjdU,Dismantle Me - Live,The Distillers,2021,-4.082,minor,2020
spotify:track:2nbOCUfZgGIR2Gf2BxCV8Z,2nbOCUfZgGIR2Gf2BxCV8Z,Gardening on Human Soils,Pharmacist,2020,-5.948,minor,2020
spotify:track:7wFC7k4K12wUuoo74xFrA3,7wFC7k4K12wUuoo74xFrA3,Forever or the End,Skillet,2022,-4.996,major,2020
spotify:track:3wrxT5Z90poKrnZIYUzdxX,3wrxT5Z90poKrnZIYUzdxX,Devil Angel,Perpetual Rage,2020,-9.249,major,2020
spotify:track:0SFWZY6oCtebrpMwG5jxsA,0SFWZY6oCtebrpMwG5jxsA,"Frau Luna 2. Akt: V. 5. Duett ""Wenn die Sonne schlafen geht""",Paul Lincke,2023,-11.061,major,2020
spotify:track:1uvV0PCQTRyY5QvpjP20Q1,1uvV0PCQTRyY5QvpjP20Q1,Oigo Tu Voz - Remastered,Lucio Demare,2021,-9.672,minor,2020
spotify:track:0AVrU1Rn3c5wmo2QcYqkYy,0AVrU1Rn3c5wmo2QcYqkYy,could've been,sad chill,2021,-9.309,major,2020
spotify:track:6ld1nhd1nqfgmKsWzd1gy7,6ld1nhd1nqfgmKsWzd1gy7,Romeo - Léonard Lasry Reprise,Jay-Jay Johanson,2021,-7.45,minor,2020
spotify:track:1LDBGsLNXaCQ3iVVcLr059,1LDBGsLNXaCQ3iVVcLr059,Cool,Pascal Junior,2022,-9.159,minor,2020
spotify:track:6O8MFkzE6sSS5W9kK0N3e3,6O8MFkzE6sSS5W9kK0N3e3,Puede Ser,twuan,2023,-10.001,minor,2020
spotify:track:4JO6wEQnXEVvu6VmH2RrO8,4JO6wEQnXEVvu6VmH2RrO8,Sad Groove,I Hate Models,2021,-6.369,major,2020
spotify:track:4wnE1oha5eLIxJNUghxGj7,4wnE1oha5eLIxJNUghxGj7,"Hey, Coachman, Take Me Fast to the Yar",Zhenya Shevchenko,2020,-14.127,minor,2020
spotify:track:3LFJZT5tGF8QkmgeluXI87,3LFJZT5tGF8QkmgeluXI87,Does System Dream,Revizia,2022,-5.215,major,2020
spotify:track:1pQ3mSANEHcFYG2Xbpjmp8,1pQ3mSANEHcFYG2Xbpjmp8,Pollo Sneeps,Emancipator,2020,-13.711,major,2020
spotify:track:2ZOgetJtTVb8VEe9iBdTP9,2ZOgetJtTVb8VEe9iBdTP9,Matrix,Serenity In Murder,2023,-3.626,major,2020
spotify:track:3yb8BnVU9Kmp6Lz3KGYgqO,3yb8BnVU9Kmp6Lz3KGYgqO,El Ultimo Eclipse - En Vivo,Lörihen,2021,-7.629,minor,2020
spotify:track:19n0UZuW8AArMVWNztoXu9,19n0UZuW8AArMVWNztoXu9,Frozen,Lil Baby,2022,-8.867,major,2020
spotify:track:7qQcB53fO6DscCmzBo1DXV,7qQcB53fO6DscCmzBo1DXV,Demon Slayer Freestyle,Khantrast,2021,-8.646,minor,2020
spotify:track:5dW0cgZ9uV1W3PXtuTS5uP,5dW0cgZ9uV1W3PXtuTS5uP,Sorry (with Madonna),BLOND:ISH,2023,-8.061,major,2020
spotify:track:5kgbNepkJwwOdwHpO4l2mO,5kgbNepkJwwOdwHpO4l2mO,Who Goes There? / I.F.F.,Man Must Die,2023,-6.652,major,2020
spotify:track:4defRVe7jfELokLRzF9uZs,4defRVe7jfELokLRzF9uZs,Effective Ways,C.O.D.J,2023,-20.694,minor,2020
spotify:track:5na9MtUI9jffbuyTwy5PYO,5na9MtUI9jffbuyTwy5PYO,Dead Land,C.O.F.F.I.N,2020,-5.884,major,2020
spotify:track:2OnkDvLtXaGiKlWHgLLzCf,2OnkDvLtXaGiKlWHgLLzCf,Solinho Apaixonado,Tony Guerra & Forró Sacode,2022,-3.269,major,2020
spotify:track:5vYhmzOv4GAkvpTtyvxlQD,5vYhmzOv4GAkvpTtyvxlQD,Flappie,Todd Rundgren,2020,-10.021,major,2020
spotify:track:4VUXAoJESfRV3ceUYtzfpQ,4VUXAoJESfRV3ceUYtzfpQ,Endlessly,Omar Apollo,2022,-7.725,major,2020
spotify:track:3DfJTDBcqx0eW7spnSTl1R,3DfJTDBcqx0eW7spnSTl1R,Tanto - Ao Vivo,4 Goles de Samba,2022,-6.678,major,2020
spotify:track:3KYALkrEFKFnRAAhAvQcYE,3KYALkrEFKFnRAAhAvQcYE,O Neném Não É Neném,MC MENOR HR,2022,-4.18,major,2020
spotify:track:5ueBWH9Y7ZTPQKSrnpTRfM,5ueBWH9Y7ZTPQKSrnpTRfM,Across the Ocean,Ryan Farish,2022,-8.753,major,2020
spotify:track:7oSrtwyMNXomragc2eLyI4,7oSrtwyMNXomragc2eLyI4,Dating Rules - Studio Live,Janice Vidal,2022,-8.805,major,2020
spotify:track:43dO8dCDTz6OegU1TJeaUs,43dO8dCDTz6OegU1TJeaUs,Dos Vidas,Agustín Irusta,2023,-9.926,major,2020
spotify:track:5SZ6daSFOlvuhIMCZve0D2,5SZ6daSFOlvuhIMCZve0D2,a short lofi nightmare,Dibyo,2022,-6.448,major,2020
spotify:track:0wDsBScGjc2Z2pa4Y9uxoE,0wDsBScGjc2Z2pa4Y9uxoE,There's A New Kid In Town - From The Vault,Randy Travis,2021,-13.325,major,2020
spotify:track:4b19Ses5nwfSXm58rnWG8u,4b19Ses5nwfSXm58rnWG8u,Fix Bayonets!,Preoccupations,2022,-8.651,major,2020
spotify:track:2ebQHnlofXHEDY2AZSfrxM,2ebQHnlofXHEDY2AZSfrxM,Violence,Emorfik,2022,-3.296,major,2020
spotify:track:5k1zwVigxCGFByg4y37J1B,5k1zwVigxCGFByg4y37J1B,Otro Rollo,Blake,2021,-4.839,minor,2020
spotify:track:5nVbOLAVEWiAGa8YU6XVn5,5nVbOLAVEWiAGa8YU6XVn5,Menino Sonhador,Pedrinho Pisadinha,2021,-4.217,minor,2020
spotify:track:2cWpNuyBL4trJFEvbY2OwV,2cWpNuyBL4trJFEvbY2OwV,WRONG STEP,TWENTYTHREE,2021,-11.269,minor,2020
spotify:track:0bOg6SCezuxKt1ZIwP8sGg,0bOg6SCezuxKt1ZIwP8sGg,Midnight Hunter,Inner Axis,2021,-1.983,minor,2020
spotify:track:5IhPl3NXbgUKNGJun7HOnQ,5IhPl3NXbgUKNGJun7HOnQ,Loopable Woods,Crickets - Tinnitus Sleep Solution,2020,-43.714,major,2020
spotify:track:5tBCxqtmXfMjv0mzXHIojU,5tBCxqtmXfMjv0mzXHIojU,Any Other - Original Mix,DJ Fixx,2020,-3.138,minor,2020
spotify:track:1ojotvJWLsbEsmLV6gl0cM,1ojotvJWLsbEsmLV6gl0cM,Human,Beyond The Black,2020,-7.089,major,2020
spotify:track:2zvzEvXvGFrLTbpAa3sklw,2zvzEvXvGFrLTbpAa3sklw,Death Dream,Lonesome Wyatt and the Holy Spooks,2020,-9.021,minor,2020
spotify:track:0gF5pJHeWPqveJ6Z7E8jVx,0gF5pJHeWPqveJ6Z7E8jVx,Voz Calada,Benito Di Paula,2021,-10.171,major,2020
spotify:track:5hhhrZMKz1NEZM7jRWufbf,5hhhrZMKz1NEZM7jRWufbf,Bob,Frank Turner,2020,-5.529,major,2020
spotify:track:6G1lwaSi06Wb2EDCi5m6M6,6G1lwaSi06Wb2EDCi5m6M6,In Remembrance Of A Leaf,David Arkenstone,2020,-16.763,major,2020
spotify:track:4LDkUkhDPeCb4Gc28xcFxm,4LDkUkhDPeCb4Gc28xcFxm,The Light Is about To Change,The Brian Jonestown Massacre,2023,-7.313,major,2020
spotify:track:3UAlfMFSMVu20iI6I7mNHf,3UAlfMFSMVu20iI6I7mNHf,Next Up Vol. 1,Savage,2023,-8.543,major,2020
spotify:track:15okW2nojKmW0aH8qIOjFF,15okW2nojKmW0aH8qIOjFF,thankful&grateful,sammy rash,2022,-9.363,minor,2020
spotify:track:66URVF8yDD6Su5yi1clFDR,66URVF8yDD6Su5yi1clFDR,Wake Up! (feat. Kaleta) - Extended,Purple Disco Machine,2022,-6.468,minor,2020
spotify:track:01uqLvIL2MOzDD2Jt2QFHD,01uqLvIL2MOzDD2Jt2QFHD,Una Navaja,Junior H,2022,-4.085,minor,2020
spotify:track:7b5gd1DbhnVKIuONDzfHSk,7b5gd1DbhnVKIuONDzfHSk,It's Over,Lil Double 0,2021,-13.737,major,2020
spotify:track:7GwDMfDBgPn29Tsq8NAtID,7GwDMfDBgPn29Tsq8NAtID,Trip,Boys Noize,2022,-5.129,minor,2020
spotify:track:2rNSviwFApIZPbhDDSUygv,2rNSviwFApIZPbhDDSUygv,Born To Kill - Instrumental Version,Atrocity,2023,-5.017,major,2020
spotify:track:5LD3gS79o7ndjmvNTVJaVh,5LD3gS79o7ndjmvNTVJaVh,Brute Force,UBUR,2021,0.0,major,2020
spotify:track:082d7HE4t5TPbCVGyMgE0j,082d7HE4t5TPbCVGyMgE0j,Nord,Amaury Vassili,2021,-15.438,major,2020
spotify:track:1pdkcqagTmJZu75pnooIGM,1pdkcqagTmJZu75pnooIGM,Smile of the Devil,Dschinn,2023,-14.424,major,2020
spotify:track:6tRjQwbgoZBBPUWUO0dbjT,6tRjQwbgoZBBPUWUO0dbjT,Mujhe Tum Nazar Se,Ali Zafar,2020,-10.846,major,2020
spotify:track:2T5iVvU2XcoIkkTATVh8sp,2T5iVvU2XcoIkkTATVh8sp,Break,Marcus King,2020,-10.241,major,2020
spotify:track:1FT8VzkSDfH90Dc9XxjbEL,1FT8VzkSDfH90Dc9XxjbEL,getforward,Golden Vessel,2021,-11.482,major,2020
spotify:track:1knl2FmHOXNQSOZMOqt13b,1knl2FmHOXNQSOZMOqt13b,Let Me Burn,Sik World,2023,-11.57,minor,2020
spotify:track:6zoSRUS7myL1DPOQWuiCRy,6zoSRUS7myL1DPOQWuiCRy,Hasta Que Te Conocí - En VIvo,Cesar Vega,2021,-7.472,major,2020
spotify:track:3czqLVQIeHuexizPmXvWuj,3czqLVQIeHuexizPmXvWuj,Tírale una Trompetilla,Sonora Ponceña,2021,-7.78,major,2020
spotify:track:6wwqlit6HXJUhVlKOn6RUR,6wwqlit6HXJUhVlKOn6RUR,Going All the Way,The Grip Weeds,2021,-2.702,minor,2020
spotify:track:2s3I3AspaxwzHfthjP3pcm,2s3I3AspaxwzHfthjP3pcm,Came To Rage,Sullivan King,2023,-0.651,major,2020
spotify:track:1NYUVcCH3McVuk4DjMK1RH,1NYUVcCH3McVuk4DjMK1RH,Calming Rain and Thunder,"Lightning, Thunder and Rain Storm",2020,-17.643,major,2020
spotify:track:0Gbp9GmAewGKfUyzd8rFQm,0Gbp9GmAewGKfUyzd8rFQm,Desce Piriguete (Só Olhando) - Ao Vivo,Wesley Safadão,2022,-3.885,minor,2020
spotify:track:0o7Ac6Y8tSCziIbjfcvw2D,0o7Ac6Y8tSCziIbjfcvw2D,Vehemah Merah Tahermah,Treha Sektori,2021,-23.261,minor,2020
spotify:track:5LvNPnYoZA1XCMgUGgAges,5LvNPnYoZA1XCMgUGgAges,…At The Holiday Party,St. Vincent,2021,-11.176,minor,2020
spotify:track:6h4salweJb7ncOizH4mKnc,6h4salweJb7ncOizH4mKnc,A/X,Big Boy,2021,-2.949,major,2020
spotify:track:06afPlVcnfVAjWnI6GuBtI,06afPlVcnfVAjWnI6GuBtI,Bogotá Salsera,Guayacán Orquesta,2020,-9.321,major,2020
spotify:track:4TKNQtJbXfFPez1XICVktJ,4TKNQtJbXfFPez1XICVktJ,No hay amor,Los Apson,2020,-9.859,major,2020
spotify:track:1raDfo60NX6zXrc8YwMMRi,1raDfo60NX6zXrc8YwMMRi,Get It Going,EST Gee,2022,-6.956,minor,2020
spotify:track:75BUjj5tFSQEAVAlTPaeeD,75BUjj5tFSQEAVAlTPaeeD,Further Away,Elmer Soulé,2023,-21.55,major,2020
spotify:track:0VUiaSYJJgUF0JvweD6Mr9,0VUiaSYJJgUF0JvweD6Mr9,PEW PEW,Slushii,2022,-2.639,major,2020
spotify:track:6XFHvUZcddnm1f2SYLVaFe,6XFHvUZcddnm1f2SYLVaFe,Almost Perfect,NighttraiN,2020,-2.808,major,2020
spotify:track:0fiD988Lhtj9NLQBaxmHnI,0fiD988Lhtj9NLQBaxmHnI,Life Soon Change,Kempo,2022,-9.177,major,2020
spotify:track:1k090Cp4kVflIXkQTcqIT9,1k090Cp4kVflIXkQTcqIT9,F-150,Robyn Ottolini,2020,-5.805,major,2020
spotify:track:6LfBzN4bts6r1uhyTGVFU5,6LfBzN4bts6r1uhyTGVFU5,dip,Rrodney,2023,-13.717,major,2020
spotify:track:6XdvqiPUhFpaAWwoFsjeN9,6XdvqiPUhFpaAWwoFsjeN9,Pictures,Ty Segall,2021,-7.743,major,2020
spotify:track:3pUnfBXv3XTGqdtpHH9a4T,3pUnfBXv3XTGqdtpHH9a4T,Relinquishing,Crimson Memoirs,2023,-23.56,minor,2020
spotify:track:6Mk8vXOv1vsjb9B1mXl5Fb,6Mk8vXOv1vsjb9B1mXl5Fb,Where August Mourns,Evergrey,2021,-5.773,major,2020
spotify:track:28cxSHIjwU4CHtGoR4S3dt,28cxSHIjwU4CHtGoR4S3dt,Sharratt,Bibio,2022,-10.698,minor,2020
spotify:track:2sPlAS5w8wpAfbxL3l2Ljr,2sPlAS5w8wpAfbxL3l2Ljr,MESS (with Kellin Quinn of Sleeping With Sirens),GARZI,2022,-3.031,minor,2020
spotify:track:5oOK3AIO4QRV7cZMw40I7U,5oOK3AIO4QRV7cZMw40I7U,Already Home,Zach Berkman,2023,-13.463,major,2020
spotify:track:1DKcyWwxk4LBXREqrsYy9z,1DKcyWwxk4LBXREqrsYy9z,i am lost,Ethan Jewell,2022,-16.726,major,2020
spotify:track:7CXCgEH4FZaKwoIPH9zT9w,7CXCgEH4FZaKwoIPH9zT9w,Marioneta (Remasterizada),Alfredo De Angelis,2020,-10.257,major,2020
spotify:track:0uf4VPfDeYqBIuP83jbt53,0uf4VPfDeYqBIuP83jbt53,Somewhere Love,Freedy Johnston,2022,-8.641,major,2020
spotify:track:1gFQNjgYF48dWTP2S067r3,1gFQNjgYF48dWTP2S067r3,Search for Peace,Eric Reed,2023,-16.706,major,2020
spotify:track:39m5T0nS5MK7dRSq84huz8,39m5T0nS5MK7dRSq84huz8,Pray For Nothing,Waste,2021,-6.722,major,2020
spotify:track:3ksHi6FnFbh5EinhcMR2wy,3ksHi6FnFbh5EinhcMR2wy,Another Day,Astrak,2021,-3.668,major,2020
spotify:track:4erACoN5UZ8UYb2niwlyiA,4erACoN5UZ8UYb2niwlyiA,Your Love - Director's Cut Signature Radio Version,Frankie Knuckles,2020,-6.126,minor,2020
spotify:track:6JAlBjzDaOqTB3CQ8u8NJv,6JAlBjzDaOqTB3CQ8u8NJv,Demons,Ebende,2023,-15.563,minor,2020
spotify:track:7DqYIHHncUOZLmuGJPLplG,7DqYIHHncUOZLmuGJPLplG,Unanswered,Amtrac,2021,-10.185,minor,2020
spotify:track:06LVtXhc6PsfswMp9ZrHLy,06LVtXhc6PsfswMp9ZrHLy,My Favourite Things,Sonic Wine,2020,-15.044,minor,2020
spotify:track:3QXANTtyr4qRJYaPNrt9mQ,3QXANTtyr4qRJYaPNrt9mQ,Falls Apart,Andrew Tasselmyer,2021,-25.946,major,2020
spotify:track:5m0Ckz1PfL44U7sDYqfJgn,5m0Ckz1PfL44U7sDYqfJgn,La Sombra de Tu Sonrisa,Alberto Vazquez,2023,-7.456,minor,2020
spotify:track:4iJpsYr99D3Me2baq7kke9,4iJpsYr99D3Me2baq7kke9,Faut Pas Dire Des Choses Comme Ça,Voilaaa,2021,-13.001,minor,2020
spotify:track:4ciF0WppF7okx2xUeIdQdt,4ciF0WppF7okx2xUeIdQdt,Canchero - Remastered,Edmundo Rivero,2020,-6.347,major,2020
spotify:track:4BwhTHj5eAkgKG4zCHdCVR,4BwhTHj5eAkgKG4zCHdCVR,All is Lost,Unreqvited,2021,-6.313,major,2020
spotify:track:0n0K6fMUOQbHDlJJb0xfKm,0n0K6fMUOQbHDlJJb0xfKm,Mind at Ease,Calyx & TeeBee,2022,-1.756,major,2020
spotify:track:4B4gqMzzOm5d3eGBGYBoJo,4B4gqMzzOm5d3eGBGYBoJo,Tivoli,Benny Green,2020,-22.63,minor,2020
spotify:track:3hQpdtNGfMO8281hnpdLyb,3hQpdtNGfMO8281hnpdLyb,Piseiro - Ao Vivo,Matheus & Kauan,2020,-8.319,major,2020
spotify:track:1P3DioD8dyHsst9BLOim9J,1P3DioD8dyHsst9BLOim9J,Asante,Angel Benard,2023,-5.389,major,2020
spotify:track:24qP7UXfTVNu0JPdPlaQFg,24qP7UXfTVNu0JPdPlaQFg,A.M. 180,PUP,2020,-5.705,major,2020
spotify:track:4pLMnaYiOvLdGHQ2qeAmJB,4pLMnaYiOvLdGHQ2qeAmJB,Paz do Seu Sorriso,Forró Real,2020,-7.428,major,2020
spotify:track:7ADsJuE1f1byIjNzmu8GbW,7ADsJuE1f1byIjNzmu8GbW,My Dear One - ACEDIAS Remix,The Darrow Chem Syndicate,2021,-4.125,major,2020
spotify:track:29gefhlMniS15XtITlYDDP,29gefhlMniS15XtITlYDDP,"On A Clear Day (You Can See Forever) - From ""ON A CLEAR DAY YOU CAN SEE FOREVER""",Jim Brickman,2021,-13.387,major,2020
spotify:track:6YPSs7nidM3FK5qFN0nJnh,6YPSs7nidM3FK5qFN0nJnh,Nibbadip,Fantastic Negrito,2022,-7.196,major,2020
spotify:track:38D770t6wqoaJ5Yc9MJIJx,38D770t6wqoaJ5Yc9MJIJx,Violet,Loscil,2023,-24.617,major,2020
spotify:track:07fCNqotiXcrx4HPSlMGHy,07fCNqotiXcrx4HPSlMGHy,Fire To The Rain (Hardstyle),HARDSTYLE MUSIC,2022,-1.522,minor,2020
spotify:track:4CmicNFB31c6DJsBJaQXU8,4CmicNFB31c6DJsBJaQXU8,Lieu de Paix,Roseblue,2020,-24.475,major,2020
spotify:track:6ogD4GXYVYiTorB3w9HT4y,6ogD4GXYVYiTorB3w9HT4y,不一樣的我,張栢芝,2020,-6.096,major,2020
spotify:track:6u7lLIXHjBRVj9DNX7JWby,6u7lLIXHjBRVj9DNX7JWby,Lonesome for a Letter,Sanford Clark,2023,-9.797,major,2020
spotify:track:0w1fICa8dfcY10LT1f9AYH,0w1fICa8dfcY10LT1f9AYH,RED ROCKABILLY - LIVE at WWWX,Guitar Wolf,2023,-2.835,major,2020
spotify:track:0MclvbrfdrjerlhvmO1ggM,0MclvbrfdrjerlhvmO1ggM,餓狼傳說 - Live,Jacky Cheung,2021,-8.909,major,2020
spotify:track:4zx54sa1AiERlvrFyLMXtJ,4zx54sa1AiERlvrFyLMXtJ,Death Diviner,Soilwork,2020,-4.849,major,2020
spotify:track:47SFkpg8aBCivqIH05dyoP,47SFkpg8aBCivqIH05dyoP,Tera Hua Na Mai Kabhi VIP,Swattrex,2022,-12.091,minor,2020
spotify:track:1RzBmMMX9FtJqS3UZA4K3s,1RzBmMMX9FtJqS3UZA4K3s,Last Day of the Year,Youth Brigade,2022,-3.533,minor,2020
spotify:track:1jqTrBmnK4v1xuMNagFIMU,1jqTrBmnK4v1xuMNagFIMU,沒有你開始 - 電視劇《白色強人》片尾曲,HANA,2020,-10.677,minor,2020
spotify:track:1RerkEGn3D5tQG4jEsf0er,1RerkEGn3D5tQG4jEsf0er,catastrophe,thebreathingbackwards,2023,-11.393,major,2020
spotify:track:7J7JvT5I4ncATn1QmqWduq,7J7JvT5I4ncATn1QmqWduq,Geiler Tag zum Tanzen - Cloud Seven & DJ Restlezz Remix Extended,Nancy Franck,2023,-7.122,major,2020
spotify:track:2ATuwoWSfkm8VFvO4SLJog,2ATuwoWSfkm8VFvO4SLJog,Vitamin Shop,Rachel Feinstein,2021,-16.217,major,2020
spotify:track:43VJqibbswjltzMIfPu7p2,43VJqibbswjltzMIfPu7p2,Spiral to Oblivion,Ophidian I,2021,-4.192,major,2020
spotify:track:4rmYWtgyi00h9eYLh51wSn,4rmYWtgyi00h9eYLh51wSn,DEATH OF THE FREE INTERNET (untitled_0029),JOHNNASCUS,2020,-11.234,major,2020
spotify:track:4KhBvLbRr58rHPF24bdL9Q,4KhBvLbRr58rHPF24bdL9Q,Officer of Love,Caamp,2020,-8.696,major,2020
spotify:track:6VzTHJ1lgmp8q12RKqKqwM,6VzTHJ1lgmp8q12RKqKqwM,Can't Stop the Party,Horror Section,2021,-4.72,major,2020
spotify:track:0sfn6USZSd4WO5W1jqI82L,0sfn6USZSd4WO5W1jqI82L,Has Anybody Seen My Will To Live?,The Tin Knees,2020,-6.505,major,2020
spotify:track:1qDOI487GoDlWyvzckhzo4,1qDOI487GoDlWyvzckhzo4,Someone Else - PEEKABOO Remix,Rezz,2020,-5.239,major,2020
spotify:track:7K4zLYMA1snaoHKUpMCRTe,7K4zLYMA1snaoHKUpMCRTe,Within The Boundaries,Kill The Noise,2022,-4.59,major,2020
spotify:track:6zolxMGqhc9NL4QMema3tt,6zolxMGqhc9NL4QMema3tt,XX,Agnes,2021,-5.095,minor,2020
spotify:track:6DXo2qNxTL5mytGIkCMz4h,6DXo2qNxTL5mytGIkCMz4h,Mr. Millstone,HolyName,2023,-5.413,major,2020
spotify:track:2p91paLPfThoG3gnkIQPvz,2p91paLPfThoG3gnkIQPvz,Like The Sun,Arctic Moon,2020,-5.765,minor,2020
spotify:track:6PupWpaOktXx2KMrZZfQdr,6PupWpaOktXx2KMrZZfQdr,Pandemic,Stereo Monkey,2023,-4.267,major,2020
spotify:track:5q1U9N8Gh2B3QkoS26vGjv,5q1U9N8Gh2B3QkoS26vGjv,Traiçoeira,Cláudio Lacerda,2023,-10.834,major,2020
spotify:track:724mTUDtMwxfB2G023Kerf,724mTUDtMwxfB2G023Kerf,Loretta,Aoife O'Donovan,2020,-9.122,major,2020
spotify:track:2qf89k4ontEiCsbQsqHbsY,2qf89k4ontEiCsbQsqHbsY,Thrones of Blood - Live,Suffocation,2021,-6.063,major,2020
spotify:track:0FVNUfT2fDTDPr2I0sVF05,0FVNUfT2fDTDPr2I0sVF05,This Is How It Feels,Los Fastidios,2023,-6.273,major,2020
spotify:track:63hcZI0I4dinNwIevUADXm,63hcZI0I4dinNwIevUADXm,Love No One,Chri$tian Gate$,2020,-9.614,minor,2020
spotify:track:3JNzbUSznwxKrDp2mvxQr4,3JNzbUSznwxKrDp2mvxQr4,Chega de Saudade - Souvenirs d'été,Yuksek,2020,-8.47,minor,2020
spotify:track:41v9B66tLLIpBklHvIg5An,41v9B66tLLIpBklHvIg5An,Ela É Dessas - Ao Vivo,Pixote,2022,-7.143,minor,2020
spotify:track:6u5lI1unLtYsYw86kGpxMp,6u5lI1unLtYsYw86kGpxMp,Fortune Telling's Easy,Too Much Joy,2022,-5.449,major,2020
spotify:track:6IwmBP3SgJfHjHW928FwX7,6IwmBP3SgJfHjHW928FwX7,Chicken Got No Head,River Foxcroft,2020,-9.26,minor,2020
spotify:track:2lDbIYKrl9DINubob1zXy6,2lDbIYKrl9DINubob1zXy6,Do You Choose Life - 2020 Remaster,Dropdead,2020,-3.817,major,2020
spotify:track:27mpinqIjcJ7g1MZ2w4sjl,27mpinqIjcJ7g1MZ2w4sjl,Eu Quero Teu Amor,Rainhas da Farra,2021,-6.042,minor,2020
spotify:track:5q01tSYYEMstO85rMsrggW,5q01tSYYEMstO85rMsrggW,Pagala Karichu Tu,Udit Narayan,2020,-2.618,major,2020
spotify:track:2FY4p4ktwbH95xoI2i65Ah,2FY4p4ktwbH95xoI2i65Ah,So Fine,Kramder,2022,-7.079,major,2020
spotify:track:1xkzb5Iztkkur7dYQ8P629,1xkzb5Iztkkur7dYQ8P629,Happy and Well,Thee Sacred Souls,2022,-12.163,minor,2020
spotify:track:69U9Ua3jisJzK9rHd97l8N,69U9Ua3jisJzK9rHd97l8N,Grow Yourself Up,Van Duren,2020,-10.161,minor,2020
spotify:track:0UzeVJbDKsOT5LByMpKL8k,0UzeVJbDKsOT5LByMpKL8k,Fester in the Nether,Xythlia,2020,-12.924,major,2020
spotify:track:6B1stKzjEgedJGbl9gbtOJ,6B1stKzjEgedJGbl9gbtOJ,Fire Sparks,Green Sun,2020,-11.817,minor,2020
spotify:track:3RWeAkkgQe07aA03Ljvoj5,3RWeAkkgQe07aA03Ljvoj5,Lost,Kaivon,2022,-4.191,minor,2020
spotify:track:2LBCvTNah3kAmySHiT197p,2LBCvTNah3kAmySHiT197p,Inolvidable (Remasterizada),Juan D'Arienzo,2020,-6.926,minor,2020
spotify:track:22VZtSpKdBtE46lotEoYQS,22VZtSpKdBtE46lotEoYQS,Beauty And The Beast,Tobias Berntsson,2023,-10.042,major,2020
spotify:track:3q0hEg6D1iwnnH2eDKgHNh,3q0hEg6D1iwnnH2eDKgHNh,Acid Bits,Guau,2022,-2.632,minor,2020
spotify:track:3yoIATwgowcTYy51uxUNeO,3yoIATwgowcTYy51uxUNeO,She Only Eats Organic,Acid Dad,2021,-6.354,major,2020
spotify:track:5IdzhiIoGFVOkSKHyglOta,5IdzhiIoGFVOkSKHyglOta,"Black and Yellow (feat. Juicy J, Snoop Dogg & T-Pain) - G-Mix [G-Mix]",Wiz Khalifa,2021,-4.623,major,2020
spotify:track:18Wo5bjkohPqma8Vu7sqtQ,18Wo5bjkohPqma8Vu7sqtQ,Nothing's Immortal,Fucked Up,2023,-5.761,major,2020
spotify:track:04KkRl8f9CE1v1Pei4MOzt,04KkRl8f9CE1v1Pei4MOzt,Unchain Utopia - Omega Alive,Epica,2021,-6.382,minor,2020
spotify:track:05IUIkvasfXuPhMcER0cGP,05IUIkvasfXuPhMcER0cGP,Realize and Rebuild,Boundaries,2022,-4.298,major,2020
spotify:track:3iz5ilpO0PoTJgbDadMGH1,3iz5ilpO0PoTJgbDadMGH1,Butterfly On A Wheel,The Mission,2023,-10.178,minor,2020
spotify:track:5rkrYOysxv7JSEpPDzJhRP,5rkrYOysxv7JSEpPDzJhRP,Pathway to Oblivion,4arm,2023,-3.654,minor,2020
spotify:track:7yIsvwkZuWuskQrbtVWfrN,7yIsvwkZuWuskQrbtVWfrN,Tattoo,Fireboy DML,2020,-7.723,major,2020
spotify:track:3Jm7Ur8U26kL8KwK8gmbRy,3Jm7Ur8U26kL8KwK8gmbRy,Time After Time - Demo,Ozzy Osbourne,2021,-7.757,major,2020
spotify:track:3j7q0mSiUGKuBMnyrH7eJo,3j7q0mSiUGKuBMnyrH7eJo,Garota de Programa,Rafinha o Big Love,2022,-5.3,major,2020
spotify:track:0g21zlqQ7w7axnIDPfmAD5,0g21zlqQ7w7axnIDPfmAD5,Outlines - Tita Lau Remix,Mike Mago,2022,-5.794,major,2020
spotify:track:7wM3muj4NaqroQyeEdbI6g,7wM3muj4NaqroQyeEdbI6g,"Salonstück in A Minor, EHWV 65",Engelbert Humperdinck,2021,-19.042,major,2020
spotify:track:1pTCb3wHwXGkjPPakw19sa,1pTCb3wHwXGkjPPakw19sa,Siddha Kunjika Stotram,Anuradha Paudwal,2020,-3.675,major,2020
spotify:track:0X6ph2SjyOCqfnN7rMDtXq,0X6ph2SjyOCqfnN7rMDtXq,A Conversation with Death,Khemmis,2020,-4.866,minor,2020
spotify:track:0x7agdmQab16p4idaDkOQM,0x7agdmQab16p4idaDkOQM,Trophy Hunter,Scowl,2021,-3.566,minor,2020
spotify:track:5JUBxlanAA4xOojQzGFA1Q,5JUBxlanAA4xOojQzGFA1Q,WILD & WIKID,Armanii,2022,-9.561,major,2020
spotify:track:5k9BcVWNFpsU35Ojv7LjGQ,5k9BcVWNFpsU35Ojv7LjGQ,Dying in the Subtlety,Cautious Clay,2020,-8.152,major,2020
spotify:track:3O983oq6f8sDyJGAYtanMQ,3O983oq6f8sDyJGAYtanMQ,云/鬼 呼 生 -たま よび いく- (Instrumental),DJ Krush,2022,-9.824,major,2020
spotify:track:6CAXRGPbYPeZY9G0hX3PsH,6CAXRGPbYPeZY9G0hX3PsH,PROBLEMZ,Jungle,2022,-5.231,minor,2020
spotify:track:0lx2cLdOt3piJbcaXIV74f,0lx2cLdOt3piJbcaXIV74f,willow,Taylor Swift,2020,-9.195,major,2020
spotify:track:4NICgNorR27gC3Sw7kCm2j,4NICgNorR27gC3Sw7kCm2j,(untitled_0012) [,JOHNNASCUS,2020,-3.743,major,2020
spotify:track:6qxVCDjhzWp8kxvf6nhOpM,6qxVCDjhzWp8kxvf6nhOpM,The Passing Stars,Thievery Corporation,2023,-14.055,major,2020
spotify:track:4GRLGjwgWzZ33HQU3BIdH9,4GRLGjwgWzZ33HQU3BIdH9,pretty little lies,Marco Luka,2021,-7.877,minor,2020
spotify:track:0KkpG6b73QfIjeZDqjLwxW,0KkpG6b73QfIjeZDqjLwxW,Lágrima por Lágrima (feat. Gusttavo Lima) - Ao Vivo,DENNIS,2021,-5.123,major,2020
spotify:track:5yb2A3wwHck88WhcbASZEq,5yb2A3wwHck88WhcbASZEq,Signal - Basstrick Remix,NGHTMRE,2022,-3.134,major,2020
spotify:track:6Womw2A5lenQzLFVRrKRvv,6Womw2A5lenQzLFVRrKRvv,Brontosaurus,They Might Be Giants,2021,-4.875,major,2020
spotify:track:5YxKapjCj4oniqfI1RFG0h,5YxKapjCj4oniqfI1RFG0h,"Recercadas del Trattado de Glosas: Recercada sesta sobre el canto Ilano ""La Spagna""",Diego Ortiz,2020,-20.835,major,2020
spotify:track:0cvuiIwBw88I6k9GCNfslY,0cvuiIwBw88I6k9GCNfslY,Blurred Dreams,Diabulus in Musica,2020,-7.875,minor,2020
spotify:track:6vUjxGdsmFyyycqZohBo8e,6vUjxGdsmFyyycqZohBo8e,Relax,Christina Shusho,2020,-19.441,minor,2020
spotify:track:27x6A0ZEQ8WGZq4dNUS4wj,27x6A0ZEQ8WGZq4dNUS4wj,Yours,Ryan Hylton,2021,-6.777,minor,2020
spotify:track:22MsscXh8aWIUlVaW9usKG,22MsscXh8aWIUlVaW9usKG,The Island of Doctor Crabtrap,Paul F. Tompkins,2021,-20.426,major,2020
spotify:track:5VDhJI64x0JF4n50FrqBrr,5VDhJI64x0JF4n50FrqBrr,Racist Parrot,Josh Johnson,2021,-11.414,minor,2020
spotify:track:1mwgTZApkdprGjM8c0uv27,1mwgTZApkdprGjM8c0uv27,Impatient,RONEN,2021,-5.468,minor,2020
spotify:track:5uNazTJV7Rpd8zAtWDiSiG,5uNazTJV7Rpd8zAtWDiSiG,Silver Tongue,Alter Bridge,2022,-5.988,major,2020
spotify:track:3cAEGkFwSdX1bBQsI3efgv,3cAEGkFwSdX1bBQsI3efgv,Planetary Lockdown,Bumblefoot,2020,-6.896,minor,2020
spotify:track:6iwnnTtJcKlpbq11OlnTvx,6iwnnTtJcKlpbq11OlnTvx,That's Life,Scorz,2021,-7.679,minor,2020
spotify:track:5JFZVqofElPJ7Y0T5y6hxK,5JFZVqofElPJ7Y0T5y6hxK,O Dono da Madrugada,Teodoro & Sampaio,2023,-4.825,major,2020
spotify:track:2kBamITd69LMvfYhkaSkaD,2kBamITd69LMvfYhkaSkaD,Right Now the Best,Zach Bryan,2022,-2.478,major,2020
spotify:track:6MZFj6ICG3aWukU0G08j4l,6MZFj6ICG3aWukU0G08j4l,Complicated,Yellow Muzik,2022,-7.426,major,2020
spotify:track:5qB7TTs0zPEviXmpyZC0Yo,5qB7TTs0zPEviXmpyZC0Yo,Falling,Ghost Rider,2021,-7.012,minor,2020
spotify:track:2UR66LXE4HOQQPBs4ELxv2,2UR66LXE4HOQQPBs4ELxv2,SUPER TWEAK,KILLEDDY,2022,-4.034,major,2020
spotify:track:1L4ntmBIXfdF6mZSbWhT5D,1L4ntmBIXfdF6mZSbWhT5D,"逆著風 - 劇集 ""大步走"" 主題曲",Fred Cheng,2021,-6.714,minor,2020
spotify:track:7yO0ln1KURbo7UYf5LUv4Q,7yO0ln1KURbo7UYf5LUv4Q,Prove Them Wrong,The Real Young Swagg,2020,-8.537,major,2020
spotify:track:4HUGIGqPuraKQZn5ESJme2,4HUGIGqPuraKQZn5ESJme2,Accept the Loss,Implore,2022,-4.882,major,2020
spotify:track:4yRbHmjEyoqpczkU8Xf8We,4yRbHmjEyoqpczkU8Xf8We,Tints of Morning,Hayden Pedigo,2021,-17.979,minor,2020
spotify:track:1r76zhOaF35JHMOIdK0Yoy,1r76zhOaF35JHMOIdK0Yoy,Cascade / Bürger Sichten Falschgeld [Mixed],John Tejada,2021,-12.08,major,2020
spotify:track:69zeFafjEhalju3xDjXTrm,69zeFafjEhalju3xDjXTrm,Tasty,Me & My Toothbrush,2020,-4.637,minor,2020
spotify:track:6TX817AGIt1SxbsuTlOpFk,6TX817AGIt1SxbsuTlOpFk,Violence,KANGA,2021,-8.567,major,2020
spotify:track:47ZQhmVTzsluMkM3gnwB0c,47ZQhmVTzsluMkM3gnwB0c,Willowherb,Whalebone,2021,-15.684,major,2020
spotify:track:75KnjXtPMCZf60zlEp5m1D,75KnjXtPMCZf60zlEp5m1D,Skin,Beartooth,2021,-3.454,minor,2020
spotify:track:6mDwi5MfXGqLOmn9xuOLjV,6mDwi5MfXGqLOmn9xuOLjV,Miles 2 Go - Ready Or Not Remix,OnDaMiKe,2022,-5.336,major,2020
spotify:track:4YbEecjeXt9zLMUG6YSfHW,4YbEecjeXt9zLMUG6YSfHW,The Sir Tommy Shovell,Robyn Hitchcock,2022,-7.865,major,2020
spotify:track:4YafGVejF4wBreUdovIJLp,4YafGVejF4wBreUdovIJLp,Falling to Fly,Dark Princess,2022,-3.164,major,2020
spotify:track:1gVzBWoyw2pcZ1kZiIVjYg,1gVzBWoyw2pcZ1kZiIVjYg,Ferveu,Alexandre Peixe,2023,-4.047,minor,2020
spotify:track:2aV8nAkyt5nsWdQTruzgmJ,2aV8nAkyt5nsWdQTruzgmJ,Dhokha,Arijit Singh,2022,-3.726,minor,2020
spotify:track:0dbFPuNrbE6HVj9zNCZa9r,0dbFPuNrbE6HVj9zNCZa9r,Wolves,Jensen McRae,2020,-10.155,minor,2020
spotify:track:1L9QGp1oHjtGbjgDj0fiHY,1L9QGp1oHjtGbjgDj0fiHY,Legal,Chronic Law,2023,-7.659,major,2020
spotify:track:3VmEcVpOwY1a5Swshzfc4G,3VmEcVpOwY1a5Swshzfc4G,De Que Vale Ter Tudo na Vida,Raquel dos Teclados,2021,-6.483,minor,2020
spotify:track:65jyPaGDybCbfGTDJdwOlb,65jyPaGDybCbfGTDJdwOlb,Take over Control,Gaullin,2020,-4.008,major,2020
spotify:track:7ty5PIv93GjZV5UtlMHUZ0,7ty5PIv93GjZV5UtlMHUZ0,Shadow And Light,Forever Dawn,2023,-2.692,major,2020
spotify:track:34hHhWSyz2mwsEF9fZlIPr,34hHhWSyz2mwsEF9fZlIPr,Infinitos,Leiva,2021,-6.981,major,2020
spotify:track:05T2KlapQ2COwOaWDMlNIq,05T2KlapQ2COwOaWDMlNIq,"Tranquil Music for Naps, Pt. 78",Sleep Fruits Music,2022,-34.43,major,2020
spotify:track:3WqO27ftl6J3wT5g6Yrd9S,3WqO27ftl6J3wT5g6Yrd9S,Beija Flor / De Ladinho,Alexandre Peixe,2021,-5.788,major,2020
spotify:track:6fB74plQyGv3vsevsbxKPo,6fB74plQyGv3vsevsbxKPo,Chasing Ghosts,MorMor,2022,-7.323,major,2020
spotify:track:1X5t45y2bNCgonrdHmbYGi,1X5t45y2bNCgonrdHmbYGi,Obsolete (feat. Scandroid) - 3FORCE Remix,DEADLIFE,2023,-3.713,minor,2020
spotify:track:0fpGpTKzSEJZUGngNo4XpF,0fpGpTKzSEJZUGngNo4XpF,Alie 5.2,Haruhisa Tanaka,2021,-28.499,major,2020
spotify:track:3CnlXWZYJEE23ZLi9iErg8,3CnlXWZYJEE23ZLi9iErg8,Ich würd' alles dafür tun,Jörg Bausch,2020,-4.918,minor,2020
spotify:track:0JXVthIPNVYB76jj2oxbKY,0JXVthIPNVYB76jj2oxbKY,Sunny,Aphrodiciaq,2022,-7.869,major,2020
spotify:track:6Wb9Dlv8uEFRY4ds9aeA84,6Wb9Dlv8uEFRY4ds9aeA84,Inertia (Like a Drum),Mobiius,2022,-7.679,major,2020
spotify:track:2a5VP6wDBBTX9zA7WsEOmP,2a5VP6wDBBTX9zA7WsEOmP,Echo,Julian Lage,2022,-17.05,minor,2020
spotify:track:5k4sVJgD6sOBeOLvJSHcRM,5k4sVJgD6sOBeOLvJSHcRM,Cancel Culture - Original Mix,Keith Carnal,2022,-8.493,major,2020
spotify:track:6XkMZzfBSUoinmgKFTW6I4,6XkMZzfBSUoinmgKFTW6I4,Into the Forest,Serrini,2023,-14.003,major,2020
spotify:track:3Cq9o4HvLDt5mCdv3Av7CD,3Cq9o4HvLDt5mCdv3Av7CD,Sons & Daughters,Eddie Griffin,2020,-11.026,major,2020
spotify:track:5tZePjNQ81uJZew7j0Z5Kc,5tZePjNQ81uJZew7j0Z5Kc,Origins (Solo),Max Richter,2021,-31.583,major,2020
spotify:track:0T7vjIGcvsiAWZZv0meovl,0T7vjIGcvsiAWZZv0meovl,Recognize,Noise Unit,2021,-9.956,minor,2020
spotify:track:6BBAgbayseWdwSX8Lj63uQ,6BBAgbayseWdwSX8Lj63uQ,Te Amo Demais - Ao Vivo,Cavaleiros do Forró,2020,-5.539,major,2020
spotify:track:1zINlLtcMhdAKzE3reojCC,1zINlLtcMhdAKzE3reojCC,Who’s Gonna Fix It,Daniel Farrant,2020,-10.828,major,2020
spotify:track:4jBeVwYmNFhtkYs5sEYi3h,4jBeVwYmNFhtkYs5sEYi3h,Find Myself - Acoustic,Asking Alexandria,2022,-9.475,minor,2020
spotify:track:7z9WX12YHvTUoQhgRANOAA,7z9WX12YHvTUoQhgRANOAA,Numb,Firelite,2023,-4.98,minor,2020
spotify:track:5TZZrFfHQQBFPOgFeTMl9v,5TZZrFfHQQBFPOgFeTMl9v,Hügel des Nordens,Ivan Bielsa,2021,-22.77,major,2020
spotify:track:2aQZb48U8atpd9FpioZSfV,2aQZb48U8atpd9FpioZSfV,Offshore (Mixed),Armin van Buuren,2022,-9.161,major,2020
spotify:track:686A85pLjwdUObVwqwVcYZ,686A85pLjwdUObVwqwVcYZ,That's a Lie,K-Drama,2021,-3.378,major,2020
spotify:track:1oEH9VxXiuRpEZ35J5YGRW,1oEH9VxXiuRpEZ35J5YGRW,Another in the Fire,Worship Music Piano,2022,-23.155,major,2020
spotify:track:0Jh9NQ4g9r1fkSL2sV3GT7,0Jh9NQ4g9r1fkSL2sV3GT7,Cosmic Riders,Treponem Pal,2023,-5.994,major,2020
spotify:track:1jE9MP5pSoiBePsI2cXyLJ,1jE9MP5pSoiBePsI2cXyLJ,Tatakai,Charlie Sparks (UK),2021,-8.334,major,2020
spotify:track:16a1oNnP5DfymTm93omHB4,16a1oNnP5DfymTm93omHB4,Where I'm From,Koffee,2022,-12.036,major,2020
spotify:track:4Dduhh8xWr0XCBoVJthchN,4Dduhh8xWr0XCBoVJthchN,Lorimor,Savasana,2021,-33.929,major,2020
spotify:track:1YA0CPP1wdPaX5aTLPnHet,1YA0CPP1wdPaX5aTLPnHet,Hay Hay,Hadise,2021,-7.773,minor,2020
spotify:track:0ok0gQQ9p8hkAm1UBs1Y83,0ok0gQQ9p8hkAm1UBs1Y83,Rubi - Ao Vivo,Taty Girl,2020,-3.959,major,2020
spotify:track:4IByj1VBeo2mdjKpYsns4a,4IByj1VBeo2mdjKpYsns4a,Dejaria Todo,ELVIS MAGNO,2020,-6.329,major,2020
spotify:track:5HiCP97aBMKcaNJdp8CAPq,5HiCP97aBMKcaNJdp8CAPq,Luck Be a Lady,Willie Nelson,2021,-7.083,major,2020
spotify:track:54aKK4aRa7K20FXEABC6lL,54aKK4aRa7K20FXEABC6lL,DJ's Groove,Dean James,2021,-6.211,minor,2020
spotify:track:4SphJUZ3EzT5r5hPuAlonL,4SphJUZ3EzT5r5hPuAlonL,ghost//twin,Blksmiith,2022,-8.772,minor,2020
spotify:track:1tDi6xSwMlUiUMyB0EBBtK,1tDi6xSwMlUiUMyB0EBBtK,In Love With The Sky,Raimu,2021,-8.806,minor,2020
spotify:track:25gAArCPkbQRxgb7HXYqrP,25gAArCPkbQRxgb7HXYqrP,Moca,Byron Messia,2023,-6.092,minor,2020
spotify:track:4ga8CyJ1zDfxsJkbD7mqPT,4ga8CyJ1zDfxsJkbD7mqPT,Prismtek,DreamReaper,2021,-5.103,major,2020
spotify:track:0LweQRsfJ3pRAJJFy6DrR1,0LweQRsfJ3pRAJJFy6DrR1,What Type of X,Jessi,2021,-3.834,major,2020
spotify:track:0Mppoa91MQR2yXwYUxz4dM,0Mppoa91MQR2yXwYUxz4dM,Landfill,Margo Price,2023,-9.68,major,2020
spotify:track:3VnChEq3PRsTQ3JPA7Gsh4,3VnChEq3PRsTQ3JPA7Gsh4,Maia Oh Maia,Mitch Coleman,2022,-17.691,major,2020
spotify:track:6vvxufu7MyFz67VmFpb7xa,6vvxufu7MyFz67VmFpb7xa,Bleak,Tremonti,2021,-6.083,major,2020
spotify:track:43627cdIzVyjlPkpSTcM9k,43627cdIzVyjlPkpSTcM9k,Pirates Will Return - Live,Visions of Atlantis,2023,-8.414,minor,2020
spotify:track:3NRwFH1GuRU0nBxSMddpuJ,3NRwFH1GuRU0nBxSMddpuJ,Intercede - Remix,DJ Moisés,2023,-7.325,minor,2020
spotify:track:4hasch5LapLmGefYI3c11j,4hasch5LapLmGefYI3c11j,In The Night Of The Light For The Dark,Hazemaze,2022,-8.162,major,2020
spotify:track:5joNJn9LUvYcamWwa2iYCL,5joNJn9LUvYcamWwa2iYCL,Nonstop,OH MY GIRL,2020,-2.591,major,2020
spotify:track:5wzhASYXfZexNjeDIdHSO0,5wzhASYXfZexNjeDIdHSO0,No Te Vayas,Alice Wonder,2020,-7.72,major,2020
spotify:track:6giA7X12h6EOXiWzm3Ssrm,6giA7X12h6EOXiWzm3Ssrm,Una sañosa porfía - Romance,Juan del Encina,2023,-16.036,major,2020
spotify:track:2HQyi0czjGo2scAkZNQiIz,2HQyi0czjGo2scAkZNQiIz,Sáquenme de Aquí,La Parranda Magna,2023,-4.464,major,2020
spotify:track:4DFmxZSXfcpfF12vMJ6mQQ,4DFmxZSXfcpfF12vMJ6mQQ,RUMSPRINGA 4,Sean Deason,2020,-8.669,minor,2020
spotify:track:0kqXqm09s6AtNajY9PbtCd,0kqXqm09s6AtNajY9PbtCd,Libertango (Arr. J. Kazik for Orchestra) [Live],Astor Piazzolla,2023,-21.55,minor,2020
spotify:track:3niiADxhEsF5xDCW9wqeIb,3niiADxhEsF5xDCW9wqeIb,Dead Horse,Yard Act,2022,-5.582,minor,2020
spotify:track:3OWVDVRUOgWXLZp4QKB0EH,3OWVDVRUOgWXLZp4QKB0EH,Party Don't Stop,Ricardo Moreno,2020,-1.897,minor,2020
spotify:track:54SNISWBF7bKTzUftuGSyH,54SNISWBF7bKTzUftuGSyH,The Dying,Dirty Shirley,2020,-6.522,major,2020
spotify:track:5Ocqb8QuiwSfqHHFE7cz4X,5Ocqb8QuiwSfqHHFE7cz4X,Tied to You,Lipless,2022,-6.425,minor,2020
spotify:track:1DNMUYtZKejw6q7TiPYLP6,1DNMUYtZKejw6q7TiPYLP6,Goin' Back,WILD,2021,-6.48,major,2020
spotify:track:48lizQ5HBC7lPDRqDrdgsT,48lizQ5HBC7lPDRqDrdgsT,MAZI,Charli Brix,2022,-3.294,minor,2020
spotify:track:2WArMUwoSuAtLmOcquYZ1T,2WArMUwoSuAtLmOcquYZ1T,Year Of The Rat,Lifetaker,2020,-4.917,minor,2020
spotify:track:2BRqdAILazQ4Brd95GJjpv,2BRqdAILazQ4Brd95GJjpv,D.I.S.C.O.,twoloud,2023,-5.964,minor,2020
spotify:track:5AS5XR6Kf2nD04B7Deqh6G,5AS5XR6Kf2nD04B7Deqh6G,Above It All,Mind Against,2020,-11.623,minor,2020
spotify:track:6iL8HJz9hm6et1pU9JIvx2,6iL8HJz9hm6et1pU9JIvx2,Call My Phone Thinking I'm Doing Nothing Better,The Streets,2020,-5.662,major,2020
spotify:track:4hTCMB2JXvKvWDxjoye7xI,4hTCMB2JXvKvWDxjoye7xI,Synchronize,Chapter & Verse,2022,-5.051,minor,2020
spotify:track:36fBH7qtKbtIKuiBeyPo7B,36fBH7qtKbtIKuiBeyPo7B,Blessed - Reimagined,Limoblaze,2021,-5.279,minor,2020
spotify:track:5SETB9gRjXsyMFC1eRZqfZ,5SETB9gRjXsyMFC1eRZqfZ,The Raven of the Night - Radio Edit,Ran-D,2023,-3.042,minor,2020
spotify:track:3585H368hQUrTPLbyWIast,3585H368hQUrTPLbyWIast,Every Body Is Going Home,Rogér Fakhr,2021,-8.564,major,2020
spotify:track:0I98kmeyErMepIbQRLuAw4,0I98kmeyErMepIbQRLuAw4,Thinking Murder,Dan F,2021,-13.585,minor,2020
spotify:track:1HG0jvkYdoOzqZ4HebWkOz,1HG0jvkYdoOzqZ4HebWkOz,Right Time - Kraak & Smaak Remix,Blank & Jones,2020,-11.383,major,2020
spotify:track:6SNMyoIyHtRaDLbKViSftM,6SNMyoIyHtRaDLbKViSftM,Jesus and the Dinosaurs,Eddie Izzard,2021,-13.649,major,2020
spotify:track:6Ncr3jYC7ztbY0OTnnVRa9,6Ncr3jYC7ztbY0OTnnVRa9,Casa da Árvore - The Rebel Remix,Nomade Orquestra,2023,-6.991,major,2020
spotify:track:20ukk6nMAzWmHnCLuDxxwP,20ukk6nMAzWmHnCLuDxxwP,Undercurrent,Freddy Fresh,2022,-10.304,minor,2020
spotify:track:5Kts1YwOlsIfj9MLV9kk1w,5Kts1YwOlsIfj9MLV9kk1w,There's Me,Andrew Lloyd Webber,2020,-17.102,minor,2020
spotify:track:5tQ1wbgSijG5EwxWjlDQvn,5tQ1wbgSijG5EwxWjlDQvn,God Is Good,EbzyPraise,2020,-12.738,minor,2020
spotify:track:70eW63K7ZmT8YRwm1KoTaN,70eW63K7ZmT8YRwm1KoTaN,Lever Du Soleil,Frédéric Pinault,2020,-28.366,major,2020
spotify:track:4zX0ge2YvakzNTim6r7pqE,4zX0ge2YvakzNTim6r7pqE,Bei Dir,Alin Coen,2020,-9.745,major,2020
spotify:track:4A973qE8LVRDPuik0gDXuC,4A973qE8LVRDPuik0gDXuC,Into Embers,Allegaeon,2021,-4.203,major,2020
spotify:track:3ZgREsnsGWwcb2WbiRzID5,3ZgREsnsGWwcb2WbiRzID5,Too Much Whiskey,Marcus King,2020,-4.256,major,2020
spotify:track:3NG4RKpRibOZ6yDjkMKsRU,3NG4RKpRibOZ6yDjkMKsRU,Cyberpunk (Synth Riders Edition),Extra Terra,2020,-3.632,major,2020
spotify:track:0pxfwSSgQEyuZxB58gzrJO,0pxfwSSgQEyuZxB58gzrJO,City Lights,Alexander Kowalski,2023,-13.662,minor,2020
spotify:track:0X1UJtnJ1m5UNZDt8aWyKo,0X1UJtnJ1m5UNZDt8aWyKo,This Is Love,The Erwins,2021,-5.874,major,2020
spotify:track:58BnAxTDyFviJLKMzk7QpJ,58BnAxTDyFviJLKMzk7QpJ,"Where Did They Go, Lord - Takes 2-3",Elvis Presley,2020,-9.32,major,2020
spotify:track:7EzKFovRCBR2ByFSlra3KS,7EzKFovRCBR2ByFSlra3KS,"Rameau: Les Fêtes d'Hébé, Troisième entrée ""La Danse"": Petit chœur. ""Le charmant art d'Eglé"" (Chœur, Mercure)",Jean-Philippe Rameau,2022,-23.81,minor,2020
spotify:track:3cwrYbdU4eJkVXiH2USGid,3cwrYbdU4eJkVXiH2USGid,Come To The Beach,Winnetka Bowling League,2020,-5.21,major,2020
spotify:track:4NjC16BBKeFo4n4Xmrqh0t,4NjC16BBKeFo4n4Xmrqh0t,Meet You There,Broken Peak,2021,-19.334,minor,2020
spotify:track:10Y3D0WHMI4cqp4ul4ASrr,10Y3D0WHMI4cqp4ul4ASrr,Over - Alexander Pierce Radio Edit,Platon,2021,-9.875,minor,2020
spotify:track:5fO0Wna3owqIRhyMZqaI05,5fO0Wna3owqIRhyMZqaI05,Sin Señal Exterior,Alakran,2022,-7.783,major,2020
spotify:track:0U9ZNMxyBgDQcqZ9njigXM,0U9ZNMxyBgDQcqZ9njigXM,É o Fim do Mundo,Mariana Aydar,2022,-6.584,minor,2020
spotify:track:6tDWmFCqPQ1bXWZbJwwpua,6tDWmFCqPQ1bXWZbJwwpua,The Good Night Rain,The Sleep Helpers,2021,-20.648,major,2020
spotify:track:05KxwhqdqASP2zCmjRydvY,05KxwhqdqASP2zCmjRydvY,Avec toi,MAGENTA,2021,-7.714,minor,2020
spotify:track:3VdIF1xyRVlw1CmSBNasIN,3VdIF1xyRVlw1CmSBNasIN,From a Distance - Christmas Version,Felix Martin,2022,-14.511,major,2020
spotify:track:4jH3S2TzxyLhME0PYnNtX7,4jH3S2TzxyLhME0PYnNtX7,Se Até os Anjos se Prostram,Jhonas Serra,2020,-9.042,major,2020
spotify:track:6YnTThmosnud2DLTbXikPF,6YnTThmosnud2DLTbXikPF,White Nile,Born Of Osiris,2021,-4.846,major,2020
spotify:track:0ko16pC4Y9D2l4rl8wU3Ad,0ko16pC4Y9D2l4rl8wU3Ad,Next to You,Rehasher,2021,-6.708,minor,2020
spotify:track:49C2DoPRXGGyjcE1hC3iOB,49C2DoPRXGGyjcE1hC3iOB,Summer 3 - 2022,Max Richter,2022,-9.284,minor,2020
spotify:track:1C4ayOcgsNOZY22ILwQUOs,1C4ayOcgsNOZY22ILwQUOs,Oh Betty - Acoustic,Fantastic Negrito,2022,-8.226,major,2020
spotify:track:4cBwEOsUJQZPq5p1tx40pq,4cBwEOsUJQZPq5p1tx40pq,N.61 Piano,Ae:ther,2023,-8.891,minor,2020
spotify:track:0cMkhJDBzTtEVi5AT7m09g,0cMkhJDBzTtEVi5AT7m09g,Sohorele Najaba Jeuti,Kalpana Patowary,2023,-24.108,major,2020
spotify:track:6kSRfmiJTaGzcPAbTFWkM3,6kSRfmiJTaGzcPAbTFWkM3,Valerie - Live,Marshall Crenshaw,2021,-7.793,major,2020
spotify:track:1oUOKNIReT9kyxB0x0vpNF,1oUOKNIReT9kyxB0x0vpNF,Flowers,Our Last Night,2023,-0.804,minor,2020
spotify:track:3wfQEIvOfeVkXgGZogK3gL,3wfQEIvOfeVkXgGZogK3gL,Santa Maria,RIDSA,2022,-7.089,major,2020
spotify:track:7BrkQVx3P9bDtjiYYF91tx,7BrkQVx3P9bDtjiYYF91tx,Evermore,Alix Perez,2022,-5.85,minor,2020
spotify:track:7hFJxIdCZdHmhSeRoKBj35,7hFJxIdCZdHmhSeRoKBj35,Twins - Extended,Thundermike,2023,-19.688,minor,2020
spotify:track:00R5bTDYz4rY9Lv3V78pqq,00R5bTDYz4rY9Lv3V78pqq,End,4lienetic,2022,-25.855,major,2020
spotify:track:3q6mGz8uCFQbO5OGJU2Q6u,3q6mGz8uCFQbO5OGJU2Q6u,Floating Away,Chewie Melodies,2020,-30.754,minor,2020
spotify:track:5mYKr1a0ppAQzmJWlVpF4h,5mYKr1a0ppAQzmJWlVpF4h,Jalas o No Jalas,La Fiera de Ojinaga,2021,-6.059,major,2020
spotify:track:66mhaHoJIiVWB3lwA6974s,66mhaHoJIiVWB3lwA6974s,Pineapple Slice (with SG Lewis),Tove Lo,2022,-6.397,minor,2020
spotify:track:1ynZCFMSVBuKOVHfqDzrDd,1ynZCFMSVBuKOVHfqDzrDd,Love Is Still Here,Jaheim,2023,-12.002,major,2020
spotify:track:5DGpdTunAf0nOvrWCqlYXu,5DGpdTunAf0nOvrWCqlYXu,WALLS,Ryan Woods,2022,-7.77,major,2020
spotify:track:3EmfXdUEXqt76CsFRxMcSe,3EmfXdUEXqt76CsFRxMcSe,Cafetín de Buenos Aires - Remastered,Edmundo Rivero,2021,-10.928,major,2020
spotify:track:2WvlhzlFAkFnEECtNnSKO6,2WvlhzlFAkFnEECtNnSKO6,Voltar pro Meu Sertão,Iguinho e Lulinha,2022,-3.607,minor,2020
spotify:track:1VOF7NcaXYvcrcmOyq6ZvV,1VOF7NcaXYvcrcmOyq6ZvV,Listening,Ratboys,2020,-9.462,major,2020
spotify:track:1aLE85DHSYRyi1LsrLgHKt,1aLE85DHSYRyi1LsrLgHKt,All I Need - Extended Mix,Art Frequency,2023,-4.523,minor,2020
spotify:track:2fklVwQrRkSc9iiV1ELiOj,2fklVwQrRkSc9iiV1ELiOj,Planet of Hope,Green Sun,2020,-13.437,major,2020
spotify:track:3iXiALq0eG0uGq2RKnir1Y,3iXiALq0eG0uGq2RKnir1Y,Your Song,Billy Paul,2021,-12.61,major,2020
spotify:track:2KV8JfvzpYfSRjtqsQFTCe,2KV8JfvzpYfSRjtqsQFTCe,Can't Stay Sober,Konshens,2021,-4.21,major,2020
spotify:track:2y1NtQ2ZfIq0zBUP3tOlbX,2y1NtQ2ZfIq0zBUP3tOlbX,James,Laufey,2021,-9.907,major,2020
spotify:track:4byM7YIkw5KQryitRGPEYN,4byM7YIkw5KQryitRGPEYN,Genghis,Hanumankind,2021,-8.811,minor,2020
spotify:track:0TAQObwgBL0r6wuINDs0cY,0TAQObwgBL0r6wuINDs0cY,Have a Day,Musicmusicmusic,2022,-14.189,minor,2020
spotify:track:7IkDHrz6YhuO5rQqpVSQwv,7IkDHrz6YhuO5rQqpVSQwv,Bonsai Cutter,Smoke Trees,2022,-7.588,major,2020
spotify:track:4hBUTSFSJDvvMJ8EpptVcR,4hBUTSFSJDvvMJ8EpptVcR,Shehnai,Hari & Sukhmani,2023,-20.122,major,2020
spotify:track:7lmKo03Bc5CT9fslSX0Mh3,7lmKo03Bc5CT9fslSX0Mh3,Castigada,LDNE,2021,-8.139,minor,2020
spotify:track:7kFLLdMzYgL1ORtegx88Da,7kFLLdMzYgL1ORtegx88Da,LA INCONDICIONAL,Il Volo,2023,-5.098,major,2020
spotify:track:6SvWKLeu59Vys0mYhYZ2cA,6SvWKLeu59Vys0mYhYZ2cA,Reading The Clouds,Jesse Brown,2021,-26.141,major,2020
spotify:track:3u31VQOZLJ9PYwyal3KfXt,3u31VQOZLJ9PYwyal3KfXt,What It Feels Like,Crankdat,2021,-5.003,minor,2020
spotify:track:72tWoP1KOVvoXk6ikg7n8m,72tWoP1KOVvoXk6ikg7n8m,Have You Ever Seen The Rain,Horizon Blue,2021,-7.407,major,2020
spotify:track:0BEoo1mq5zzPW9m5vxn6Kl,0BEoo1mq5zzPW9m5vxn6Kl,Zoe - Live,Sam Paganini,2023,-7.455,major,2020
spotify:track:1P4zD9iWYcBpfRjAoEqeMk,1P4zD9iWYcBpfRjAoEqeMk,Variation XX - Andante - Variations Sur Folia De España et Fugue,Marcin Dylla,2023,-18.198,minor,2020
spotify:track:4JWGGhP1ERi9NqD8kjlyGk,4JWGGhP1ERi9NqD8kjlyGk,Back in the Dark,Jovonn,2021,-10.55,major,2020
spotify:track:7oZW8r0TdzN0dSXzviNHtE,7oZW8r0TdzN0dSXzviNHtE,Shatta,Hypho,2023,-7.88,major,2020
spotify:track:3M0yRNYZ3GIjHYSNPHazOh,3M0yRNYZ3GIjHYSNPHazOh,Gasolina y Mechero,Depresión Sonora,2021,-10.535,major,2020
spotify:track:0vG00tUzNqeQ4Yt2y5Bcyb,0vG00tUzNqeQ4Yt2y5Bcyb,CRÈME BRÛLÉE!,spill tab,2022,-6.388,minor,2020
spotify:track:7DVSYzIH7QdG8cjq3bahk2,7DVSYzIH7QdG8cjq3bahk2,Soundtrack,Matt Nathanson,2022,-8.54,major,2020
spotify:track:5AiGiThIYfp7Dp4MihXPEo,5AiGiThIYfp7Dp4MihXPEo,Cold Blooded,Gates to Hell,2021,-3.55,major,2020
spotify:track:625MhiX08kriXqUuDndJ6k,625MhiX08kriXqUuDndJ6k,Alien Island,Alien Nosejob,2020,-6.282,minor,2020
spotify:track:2WDoec8KDMi7rwhxNPlgoK,2WDoec8KDMi7rwhxNPlgoK,Parabéns Por Me Perder - Ao Vivo,Luiza Martins,2023,-4.19,major,2020
spotify:track:7xP92UQbHzTiAju7H2dynD,7xP92UQbHzTiAju7H2dynD,Brindo,Silvana Estrada,2022,-16.572,major,2020
spotify:track:60CQnCnF2vButAQYP0wgXp,60CQnCnF2vButAQYP0wgXp,My Tale,PARK WON,2020,-4.693,major,2020
spotify:track:3O1YTvcjpPyNmXNpndKimW,3O1YTvcjpPyNmXNpndKimW,The Bonding (Part 2) - III. The Eleventh Hour,Edenbridge,2022,-7.15,major,2020
spotify:track:6pMTIZ9M7GUm0PcEHzv32q,6pMTIZ9M7GUm0PcEHzv32q,Barrilete (Remasterizada),Carlos Di Sarli,2020,-10.76,minor,2020
spotify:track:0KwO19iq7czV3qRW1u40iC,0KwO19iq7czV3qRW1u40iC,"33 Piano Variations In C, Op. 120 On A Waltz By Anton Diabelli: Variation XI (Allegretto)",Ludwig van Beethoven,2023,-30.798,major,2020
spotify:track:5XtZpzK2QfBCRG93IQznkW,5XtZpzK2QfBCRG93IQznkW,John L,black midi,2021,-5.989,major,2020
spotify:track:4jPU94aF0U2PMNN0aBnhgX,4jPU94aF0U2PMNN0aBnhgX,Handshake with Hell,Arch Enemy,2022,-7.592,minor,2020
spotify:track:0lygeGFALYsTrHXi6yThOK,0lygeGFALYsTrHXi6yThOK,People,Nikhil D'Souza,2020,-7.159,major,2020
spotify:track:4W6vmnwavWMJe2wqXsWuh6,4W6vmnwavWMJe2wqXsWuh6,Dark Angel 2.2 (Radio Number 1 Demo Version),Air,2021,-9.73,major,2020
spotify:track:5tJGaWLC8plygViEIFLifN,5tJGaWLC8plygViEIFLifN,Annihilation,Fit For A King,2020,-4.889,major,2020
spotify:track:7syUelOXyKOGptGP9gi58c,7syUelOXyKOGptGP9gi58c,The King - 1998,Therion,2020,-6.542,minor,2020
spotify:track:6vbY8JRogcmdVSkWB5l7Ec,6vbY8JRogcmdVSkWB5l7Ec,The Dollyrots Do Christmas,The Dollyrots,2020,-7.514,major,2020
spotify:track:2JPJEEvcdgeoVt3TxqwaeB,2JPJEEvcdgeoVt3TxqwaeB,BLM Sideline - Majestic Mix,Orlando Voorn,2020,-9.609,minor,2020
spotify:track:7k6Ia6hsrweMKk1LiObkC9,7k6Ia6hsrweMKk1LiObkC9,Good Right Now,Susto,2021,-6.25,minor,2020
spotify:track:08Isz2ETWSBhvIl8UpKYsp,08Isz2ETWSBhvIl8UpKYsp,No Love,Shubh,2022,-8.936,minor,2020
spotify:track:3kA53abqN88SJ06rXMd3np,3kA53abqN88SJ06rXMd3np,Dillagi,Tech Panda,2022,-14.24,minor,2020
spotify:track:77a4iUk7a9Rtzqzd4gHuTz,77a4iUk7a9Rtzqzd4gHuTz,To The End,Trilucid,2021,-8.794,major,2020
spotify:track:4VgZgmhgxTyHdIWBRWTtdj,4VgZgmhgxTyHdIWBRWTtdj,Pleine Noirceur,Fuck The Facts,2020,-12.511,major,2020
spotify:track:0RvpaedBMnrmt8vaWgiJIu,0RvpaedBMnrmt8vaWgiJIu,Nobody Knows,Pastor T.L. Barrett and the Youth for Christ Choir,2021,-8.826,major,2020
spotify:track:3LiIKz5cWLifc1IhQSwVuk,3LiIKz5cWLifc1IhQSwVuk,Goldener Reiter,Eisbrecher,2020,-4.319,major,2020
spotify:track:2lFIxJbGfhcAIz5tzacZdK,2lFIxJbGfhcAIz5tzacZdK,Rent Money (feat. Dave East),Mary J. Blige,2022,-5.073,minor,2020
spotify:track:39BVU0BY41ySKNNoloDNGp,39BVU0BY41ySKNNoloDNGp,CCKMP,Nashville Pussy,2021,-8.115,major,2020
spotify:track:0A6oFs86B0Z251rJKt6GKd,0A6oFs86B0Z251rJKt6GKd,Chaltay Rahay,Mustafa Zahid,2021,-8.351,major,2020
spotify:track:520VhTg5Zab8eSQIVBZ4nS,520VhTg5Zab8eSQIVBZ4nS,"Sinfonia in G Minor, T. Si 7: II. Larghetto e sempre piano",Tomaso Albinoni,2021,-27.17,major,2020
spotify:track:2rMsKWzBqWZfPyBOYQCAtf,2rMsKWzBqWZfPyBOYQCAtf,Grindcore Ambiental,Facada,2021,-6.242,minor,2020
spotify:track:2BBGn4PrgnWKZMKIn4wgB4,2BBGn4PrgnWKZMKIn4wgB4,Two out of Three Ain't Rad - Live,Red City Radio,2022,-3.113,major,2020
spotify:track:3gNIzcQI8QIa7zi0lBmwsG,3gNIzcQI8QIa7zi0lBmwsG,"Ocean of Bliss, Vol. 2 - Pt. 6",Steven Halpern,2022,-21.423,major,2020
spotify:track:3A11ynycZTqCk4ApkR33sV,3A11ynycZTqCk4ApkR33sV,Sin Amenazas,Oscar D'León,2021,-6.215,minor,2020
spotify:track:6D236R0HOtK8kAQxKYZFEt,6D236R0HOtK8kAQxKYZFEt,Que Todo Sea Probar,Pol Granch,2022,-4.664,minor,2020
spotify:track:5lt5luMIb4zrJOXCadRZBN,5lt5luMIb4zrJOXCadRZBN,The Murky Deep,Nechochwen,2022,-6.566,minor,2020
spotify:track:3hlDHKymjF90mT8ORi4GLR,3hlDHKymjF90mT8ORi4GLR,Pulse,Leftfield,2022,-5.158,major,2020
spotify:track:54nwCwKlRSl29ndEBFVaGl,54nwCwKlRSl29ndEBFVaGl,Belong,X Ambassadors,2020,-4.874,major,2020
spotify:track:4nMUPQeTor23d8RxiiJO9W,4nMUPQeTor23d8RxiiJO9W,Natural Born Killer,Highly Suspect,2022,-5.29,major,2020
spotify:track:4WbTMyywJtvUNhmVKa0oSM,4WbTMyywJtvUNhmVKa0oSM,The Fear,The Bridge City Sinners,2021,-6.675,major,2020
spotify:track:5tqmHhzvE9WFiiXyIDwJ36,5tqmHhzvE9WFiiXyIDwJ36,OMG Plz Don't Come Around,THE DRIVER ERA,2021,-5.153,major,2020
spotify:track:0zf0T3VYIVwoYy5OWBVhS9,0zf0T3VYIVwoYy5OWBVhS9,Too Soon,Todd Carey,2022,-4.255,minor,2020
spotify:track:3v5u60kV3EMuXkMqaKBNe6,3v5u60kV3EMuXkMqaKBNe6,Crab Rave,Megaraptor,2021,-8.68,major,2020
spotify:track:6g7XFiBeULFSJ5ZC2Mt3Gc,6g7XFiBeULFSJ5ZC2Mt3Gc,Imminent The Bomb - Kid Panel Remix,The Darrow Chem Syndicate,2020,-3.682,minor,2020
spotify:track:63Z83BzTlEsjtTRwg7xwHP,63Z83BzTlEsjtTRwg7xwHP,Auf der Insel (Sind wir zuhaus...im Partyrausch!),DJ Pascy,2021,-3.435,major,2020
spotify:track:4ubuxvL3HQtydRpOnx7rEY,4ubuxvL3HQtydRpOnx7rEY,A Través del Vaso,N'Samble,2021,-4.492,major,2020
spotify:track:3XCaTKlGbjdOU6ozStBTVD,3XCaTKlGbjdOU6ozStBTVD,Nós Te Adoramos - Ao Vivo,Julia Vitória,2023,-8.24,major,2020
spotify:track:41xxkcwlqPnKxSTFTyrROb,41xxkcwlqPnKxSTFTyrROb,The Pageant Of The Bizarre - Live Session,Zero 7,2020,-6.985,major,2020
spotify:track:01LCoRz1bTDTjSRDDjCci3,01LCoRz1bTDTjSRDDjCci3,Infantry,Kozmoz,2021,-0.176,major,2020
spotify:track:5P1QwaMIdhi9N5UDwTHwOS,5P1QwaMIdhi9N5UDwTHwOS,Bubble - Florentino Remix,DJ Zinc,2020,-2.587,major,2020
spotify:track:68pAFcIy7BjiPPBtMZNW3s,68pAFcIy7BjiPPBtMZNW3s,De Caravana,Los Caligaris,2023,-4.65,major,2020
spotify:track:6GUMUz1H9nIxo1UiEXYQS0,6GUMUz1H9nIxo1UiEXYQS0,Little (Love I Love),Teni,2022,-5.219,major,2020
spotify:track:1HH16NEQKUQGqW4GzQPXWr,1HH16NEQKUQGqW4GzQPXWr,Could You Be The One - Kove Remix,Laidback Luke,2023,-1.493,major,2020
spotify:track:729lpNHSxGdGbeWFg1YQDu,729lpNHSxGdGbeWFg1YQDu,Solitary Island Sway,Melbourne Ska Orchestra,2023,-6.291,minor,2020
spotify:track:4EVAV5H61KCl6lChN3u9nA,4EVAV5H61KCl6lChN3u9nA,My Echo,Rolling Blackouts Coastal Fever,2022,-6.137,major,2020
spotify:track:02pSwER9dBKysg0PoZfeKI,02pSwER9dBKysg0PoZfeKI,What's Up? - Piano Version,Henry Smith,2022,-26.7,major,2020
spotify:track:6oq0MdzLaFShOXXqs2yavp,6oq0MdzLaFShOXXqs2yavp,Cats Love Jazz,Oden & Fatzo,2020,-10.491,minor,2020
spotify:track:4erLcheGVxTJeokOKeiImR,4erLcheGVxTJeokOKeiImR,Don't Touch Me,Yuvan Shankar Raja,2021,-7.741,minor,2020
spotify:track:3gKsDVEoEEi2RXAKqDbASW,3gKsDVEoEEi2RXAKqDbASW,Truth and Denial,Born Of Osiris,2021,-4.058,major,2020
spotify:track:4ENUAipshmqt3KbqwDuBHQ,4ENUAipshmqt3KbqwDuBHQ,Lockdown,Vitinho Imperador,2021,-8.03,minor,2020
spotify:track:61TzaoI48tw8bgzXnlCn3p,61TzaoI48tw8bgzXnlCn3p,"Le Roi s'amuse, Scène du bal: II. Pavane, ""Belle qui tiens ma vie""",Léo Delibes,2021,-33.964,major,2020
spotify:track:4wFNVw3JthtNHWgTmRiOE4,4wFNVw3JthtNHWgTmRiOE4,MAGNETO,Elio Toffana,2022,-5.709,major,2020
spotify:track:6HBy8lg8jvGP5udLoEh1do,6HBy8lg8jvGP5udLoEh1do,Watermelon Sugar - Piano Version,Flying Fingers,2022,-20.665,major,2020
spotify:track:2YXTYaUWH2RK9e2fn2at6O,2YXTYaUWH2RK9e2fn2at6O,Damned and Doomed,Creeper,2021,-8.183,major,2020
spotify:track:4s0hDz7zGgZUav9EvzyLsB,4s0hDz7zGgZUav9EvzyLsB,LMK,Lil Xxel,2020,-7.56,major,2020
spotify:track:6KZtv7JVe8fKXaIHPj3Gb2,6KZtv7JVe8fKXaIHPj3Gb2,The Dreams We Left Behind,Joy Meyer-Williams,2020,-29.608,major,2020
spotify:track:3CLtqhJQOQQq0Si6XEX6me,3CLtqhJQOQQq0Si6XEX6me,"Far And Beyond - Live, Isernhagen, 2021",Wucan,2023,-5.863,minor,2020
spotify:track:6MKIiSoBFmtTQ7G04d3hPW,6MKIiSoBFmtTQ7G04d3hPW,CABIN IN THE WOODS,City Morgue,2021,-6.309,major,2020
spotify:track:7xLq1WPZVT5BNSGBSvErV6,7xLq1WPZVT5BNSGBSvErV6,Elotrans,Tim Toupet,2023,-2.636,major,2020
spotify:track:6pRR2YZd7YxHi2FtHU8M6w,6pRR2YZd7YxHi2FtHU8M6w,Nacho - Extended Mix,Anyasa,2021,-8.724,minor,2020
spotify:track:74vGOOJNRS7TbjbPngjD6w,74vGOOJNRS7TbjbPngjD6w,dOra maar,OnlyOneOf,2020,-3.575,minor,2020
spotify:track:5R2fb8E5Fz6Gnuq5vXTIN9,5R2fb8E5Fz6Gnuq5vXTIN9,Tiempos Viejos,Edmundo Rivero,2021,-11.177,minor,2020
spotify:track:3If0UcFnf4P6ABqrMQ5L4a,3If0UcFnf4P6ABqrMQ5L4a,Shall We Talk About The Weather,Stiff Cat Steve,2020,-22.497,major,2020
spotify:track:2QX8ULiXXrHUcFOUdr67Ar,2QX8ULiXXrHUcFOUdr67Ar,Lucky To Be,Civin,2022,-9.13,minor,2020
spotify:track:2x66aNwtjp3riJ1lurDElm,2x66aNwtjp3riJ1lurDElm,Dagrøm,Flemming Hoovgard,2021,-24.378,major,2020
spotify:track:2fwYIpMOMBNjjawEn2xoXO,2fwYIpMOMBNjjawEn2xoXO,Line Those Pockets,The Wood Brothers,2023,-8.455,minor,2020
spotify:track:1Qy7oZMFiiN4HGv4GAkrLa,1Qy7oZMFiiN4HGv4GAkrLa,Вечер на рейде,Georgi Vinogradov,2021,-9.186,minor,2020
spotify:track:3GG874qjpt5S9MBTRLhETB,3GG874qjpt5S9MBTRLhETB,Sleep Surrender,Cosmic Space Traveler,2020,-37.025,major,2020
spotify:track:7BnOc1s24pCVsCKxJFLIFq,7BnOc1s24pCVsCKxJFLIFq,Out of This Car,Emily Weisband,2020,-8.265,major,2020
spotify:track:7FnwMIywYqonOzxXaY8QBy,7FnwMIywYqonOzxXaY8QBy,我沒有歌,Cath Wong,2021,-7.832,major,2020
spotify:track:74yU4BuONMdJCrBcwdxjiM,74yU4BuONMdJCrBcwdxjiM,Walk,Lætitia,2022,-18.846,minor,2020
spotify:track:1Hd7wMwCQl8Shb9RscCN9G,1Hd7wMwCQl8Shb9RscCN9G,"Don't Break The Oath - Live, Isernhagen, 2021",Wucan,2023,-6.581,major,2020
spotify:track:2LUnk09Gx23f743Npl4PBN,2LUnk09Gx23f743Npl4PBN,Malkauns,Honeysuckle Weekends,2020,-9.491,major,2020
spotify:track:3JHHdVlFZZ8ZsGplFbZDPU,3JHHdVlFZZ8ZsGplFbZDPU,Can't Look Away,Seafret,2020,-5.157,minor,2020
spotify:track:2t4H54VLS2lZsnQU2yXkfA,2t4H54VLS2lZsnQU2yXkfA,Blue Ridge Waltz,Realizer,2020,-18.97,major,2020
spotify:track:4rvu18VHfP35jlakdXrgps,4rvu18VHfP35jlakdXrgps,Vorbei,Fahrenheit 212,2022,-5.48,major,2020
spotify:track:3Pzmxxyo6OhG5PAP6P7Vg4,3Pzmxxyo6OhG5PAP6P7Vg4,Dreams,Karma Fields,2021,-7.357,major,2020
spotify:track:06rcHn4ehOCA1I1n6CJ2lb,06rcHn4ehOCA1I1n6CJ2lb,Sexy and I Know It,TEEMID,2021,-7.886,major,2020
spotify:track:3V4jvU2kyVoibilNnJ17FP,3V4jvU2kyVoibilNnJ17FP,Come Sail Away (feat. Chris Botti),Il Volo,2021,-9.844,major,2020
spotify:track:0pd2VPSs38dIGQAcPrVydc,0pd2VPSs38dIGQAcPrVydc,My Elixir,Phoenix,2022,-6.388,major,2020
spotify:track:6ckTubYkPQPegMg5zfJRjZ,6ckTubYkPQPegMg5zfJRjZ,Monodrama,benches,2020,-4.101,major,2020
spotify:track:7xg5P7FjWVzy0gQ02QZBQT,7xg5P7FjWVzy0gQ02QZBQT,"Vaccum Cleaner Noise, Pt. 43",White Noise Babies,2020,-16.512,major,2020
spotify:track:76h2MarPkdL4P1VW2cKVd0,76h2MarPkdL4P1VW2cKVd0,Be a Rebel,New Order,2020,-6.032,minor,2020
spotify:track:3gELC6klL1aRJlNwxUakVH,3gELC6klL1aRJlNwxUakVH,Visual Representations of General Pathology,Last Days Of Humanity,2021,-3.457,minor,2020
spotify:track:4cM7wj6FKij1OHs3q61u0s,4cM7wj6FKij1OHs3q61u0s,complex,Katie Gregson-MacLeod,2022,-7.792,major,2020
spotify:track:2vH3C2pD0D0UpXniFSOhmf,2vH3C2pD0D0UpXniFSOhmf,The Big Picture,Mammoth WVH,2021,-3.944,major,2020
spotify:track:1B8oRPZhb3eXH2bB8jsF4k,1B8oRPZhb3eXH2bB8jsF4k,Take a Chance,Tristam,2021,-6.984,major,2020
spotify:track:1S4sYvxPwwRYJpyBtNBQmC,1S4sYvxPwwRYJpyBtNBQmC,Vin Rouge,Felix Da Housecat,2021,-9.156,minor,2020
spotify:track:3yzIfNVV0fHWD1CjQPpcf3,3yzIfNVV0fHWD1CjQPpcf3,"Waltz in A-Flat Major, KK IVa No. 13",Frédéric Chopin,2023,-24.915,major,2020
spotify:track:3M31tFw3VQXbndDsColHYZ,3M31tFw3VQXbndDsColHYZ,Kabhi Toh Paas Mere Aao (Lofi Flip),Jay Kava,2021,-15.923,minor,2020
spotify:track:26qQoGK9dm2M6M16sjisAh,26qQoGK9dm2M6M16sjisAh,Lune - Mindchatter Remix,Kasbo,2021,-8.994,minor,2020
spotify:track:542NMJlAUazbdB0AUCIScx,542NMJlAUazbdB0AUCIScx,Wonder - Live at Pikes Ibiza,Nightmares On Wax,2022,-13.606,major,2020
spotify:track:2NZLzAJbHm4SbqdH3hnmP7,2NZLzAJbHm4SbqdH3hnmP7,Day One,Teejay,2020,-3.006,major,2020
spotify:track:3TjSfWGX3hsBISISnYnBev,3TjSfWGX3hsBISISnYnBev,Feel Alive,Roman Müller,2021,-7.587,major,2020
spotify:track:7oQ4vER8Yghc9jSvzpLQTR,7oQ4vER8Yghc9jSvzpLQTR,Fading Away,Robin McAuley,2023,-7.056,major,2020
spotify:track:2GeVtbxY76CiqZDhEyQCRw,2GeVtbxY76CiqZDhEyQCRw,Kalas,Stilhed,2022,-21.352,major,2020
spotify:track:4APwwEbXIcZGcqsMuuH8Iv,4APwwEbXIcZGcqsMuuH8Iv,"Do You Want to Build a Snowman? (from ""Frozen"")",Jartisto,2020,-23.447,major,2020
spotify:track:3u9DNG073Q4Wc4O5Seyf2H,3u9DNG073Q4Wc4O5Seyf2H,System Overload - Bossfight Remix,SNAILS,2020,0.0,minor,2020
spotify:track:7A0LejXkFRoCWEAmsINKiv,7A0LejXkFRoCWEAmsINKiv,Chateau,Joshua Radin,2020,-7.289,major,2020
spotify:track:2LtHHdfNiV1Yel25dNsIXy,2LtHHdfNiV1Yel25dNsIXy,Beauty In The Madness,Rexx Life Raj,2022,-4.854,minor,2020
spotify:track:33jIOBC0DaJNGzyLQxD41f,33jIOBC0DaJNGzyLQxD41f,散步之年,my little airport,2021,-15.369,major,2020
spotify:track:1a9JDsnROjQegulHBcSyt7,1a9JDsnROjQegulHBcSyt7,"Jour de pluie, jour de fête",Jours Pâles,2022,-9.279,minor,2020
spotify:track:7pVau53NvKbQ02gKoDgxJi,7pVau53NvKbQ02gKoDgxJi,Blis,Stilhed,2022,-26.772,major,2020
spotify:track:3rjWFGPJdUGZV9pQk7I2RJ,3rjWFGPJdUGZV9pQk7I2RJ,Olha o Tamanho do Popo,Vitinho Imperador,2023,-1.663,major,2020
spotify:track:2ybnpYgs1wJ6Afh9QMRVI6,2ybnpYgs1wJ6Afh9QMRVI6,Spicebomb - Original Mix,Luca M,2021,-10.443,major,2020
spotify:track:6DXZiYUbrYgrVIhfX3U9Z2,6DXZiYUbrYgrVIhfX3U9Z2,Pretty Please,Dua Lipa,2020,-6.124,major,2020
spotify:track:0cJrhvbVG29HgrqwApaTBz,0cJrhvbVG29HgrqwApaTBz,Dekhona,Punit Singh,2021,-9.35,major,2020
spotify:track:0SSBQdSqV7cE07R1k0auuJ,0SSBQdSqV7cE07R1k0auuJ,Slide,Madeline Merlo,2022,-3.239,major,2020
spotify:track:34KwsradeiPioMxiQ3XR8m,34KwsradeiPioMxiQ3XR8m,_BCN626,_juno,2020,-11.249,minor,2020
spotify:track:400CcnDumUGLEJLleSzMKj,400CcnDumUGLEJLleSzMKj,Crossroads,Cypress Hill,2022,-6.833,major,2020
spotify:track:2JwwQ2I8X3BY16FI5gU73N,2JwwQ2I8X3BY16FI5gU73N,Dead and Cold - slowed + reverb,SadBoyProlific,2022,-17.467,minor,2020
spotify:track:6srnSjztnUZhf8zJqPOotI,6srnSjztnUZhf8zJqPOotI,Por Última Vez (con Yoly Saa) - MUU Sessions,Nil Moliner,2020,-6.172,minor,2020
spotify:track:725g42UENPLpRGl16n3A01,725g42UENPLpRGl16n3A01,Edelweiss,Joseph Calleja,2020,-10.656,major,2020
spotify:track:2OJzSURhVBDDrOwpQxVZXV,2OJzSURhVBDDrOwpQxVZXV,Lotus - Tibi Dabo Remix,Dubfire,2020,-9.642,major,2020
spotify:track:1Dg90KsQGbQkyNX8aMibb3,1Dg90KsQGbQkyNX8aMibb3,讓我抱著你哭,Priscilla Chan,2022,-9.385,major,2020
spotify:track:1DuxD8wBMdWvovBVcYkWwN,1DuxD8wBMdWvovBVcYkWwN,Colors,Norrona,2020,-27.172,major,2020
spotify:track:12neWBMMEFgUrzyYx1ROJP,12neWBMMEFgUrzyYx1ROJP,Epilogue,Paul Cardall,2021,-19.118,major,2020
spotify:track:2l20ndJPKRcMTYgxMLAm4N,2l20ndJPKRcMTYgxMLAm4N,And If You Should See Dave...,The Stranglers,2021,-9.602,major,2020
spotify:track:7tQyxRUBcy0XVZbATedxBU,7tQyxRUBcy0XVZbATedxBU,Haven,William Black,2021,-4.205,minor,2020
spotify:track:5aB9F7Ku4KwzuvEmQqXnPI,5aB9F7Ku4KwzuvEmQqXnPI,甘心替代你 - 2020 Music Suite Live,Gin Lee,2021,-6.892,major,2020
spotify:track:5hJTN6HCUk9geMEX2rifUi,5hJTN6HCUk9geMEX2rifUi,Likkle Bit a Money,Govana,2020,-7.394,minor,2020
spotify:track:52MxCxSefgJMxPAMP24eyy,52MxCxSefgJMxPAMP24eyy,Low On Fuel - Original Mix,OnDaMiKe,2020,-3.989,major,2020
spotify:track:4Snwn6y6e5WoWPuR6SZTdM,4Snwn6y6e5WoWPuR6SZTdM,Concerts,Dan St. Paul,2022,-15.729,major,2020
spotify:track:0zWPXmSrunsRLNMOXalLwX,0zWPXmSrunsRLNMOXalLwX,Ladrona de Sevilla,Edgardo Donato,2023,-18.555,minor,2020
spotify:track:67AktkDeihlR1ux2bAmiuN,67AktkDeihlR1ux2bAmiuN,Not Even Trying,Pink Turns Blue,2021,-13.398,minor,2020
spotify:track:71jxHnEfeDyolLb6Kr2DdS,71jxHnEfeDyolLb6Kr2DdS,別世界,E-girls,2020,-2.965,major,2020
spotify:track:3sKz6Sd72K0ofPWcJPPk6H,3sKz6Sd72K0ofPWcJPPk6H,Said Sum,Moneybagg Yo,2020,-6.789,minor,2020
spotify:track:47rWT1w7i4pXCgI0gjBb7E,47rWT1w7i4pXCgI0gjBb7E,Año Nuevo,juanitoo2x,2022,-7.899,minor,2020
spotify:track:2xpfufxi2wxX0tVcHDN07I,2xpfufxi2wxX0tVcHDN07I,Explodiu no Redtube,Forró dos Plays,2023,-2.77,major,2020
spotify:track:0Kb3EJECa35ivVSsx46TVN,0Kb3EJECa35ivVSsx46TVN,Lotus Land,Las Tres Abejas,2022,-15.895,major,2020
spotify:track:33P2z1ZqYcwVoHVzMFJho6,33P2z1ZqYcwVoHVzMFJho6,Oh Oh,Blood or Whiskey,2023,-7.104,minor,2020
spotify:track:3gqDwPBIspnF8PXTkEi3en,3gqDwPBIspnF8PXTkEi3en,Jump in the Line,Skatune Network,2022,-12.367,major,2020
spotify:track:0ocv7L26ogcZkyuMgVCetW,0ocv7L26ogcZkyuMgVCetW,Havana Syndrome PT.3,Funkhauser,2023,-4.503,major,2020
spotify:track:4Eek2tB6ivN7wl42q0k0x6,4Eek2tB6ivN7wl42q0k0x6,3x,Lazarus!,2023,-10.948,major,2020
spotify:track:1raJSBZm0GdZegPOaE8MVR,1raJSBZm0GdZegPOaE8MVR,Madrugada e Recaida,JM Puxado,2020,-4.002,major,2020
spotify:track:3gL037sZHSKeajA3RhWGUx,3gL037sZHSKeajA3RhWGUx,Fearless,Folamour,2022,-6.242,minor,2020
spotify:track:77hceVycUEXtZlEYtSQf81,77hceVycUEXtZlEYtSQf81,Cao Cao Mani Picao,Celia Cruz,2021,-12.284,major,2020
spotify:track:3BaTpnIwUFgI374mzhvWzU,3BaTpnIwUFgI374mzhvWzU,Disco Dreams,Seamus Haji,2021,-7.703,minor,2020
spotify:track:0gxR91AzYWVzFM7hJddeN8,0gxR91AzYWVzFM7hJddeN8,Feel New,The Forgotten,2021,-4.735,major,2020
spotify:track:2SdSjPkc27iQeegqjs1G5m,2SdSjPkc27iQeegqjs1G5m,Luna,Gabriel & Dresden,2020,-7.299,minor,2020
spotify:track:4JTe9RAKVqvEc24W6S5CAM,4JTe9RAKVqvEc24W6S5CAM,Algo ha cambiado,La Paloma,2023,-6.134,major,2020
spotify:track:6u8CUELC9atvWHvioAZeKI,6u8CUELC9atvWHvioAZeKI,Seven White Horses,Starbenders,2022,-5.762,minor,2020
spotify:track:5W0LkMaS89Z4LUCUC6g574,5W0LkMaS89Z4LUCUC6g574,Enyidado,Gyedu-Blay Ambolley,2022,-7.306,major,2020
spotify:track:1wntxwQS616CjbQwgQJocR,1wntxwQS616CjbQwgQJocR,Pocket Knife Shadow,Polyenso,2021,-8.079,major,2020
spotify:track:28BFPW3SqqoJdeYUKQt0NL,28BFPW3SqqoJdeYUKQt0NL,Slack Jaw Fascists,Canibus,2023,-6.509,minor,2020
spotify:track:0troHdGkx1ORKsnR8Kehht,0troHdGkx1ORKsnR8Kehht,Sundays,Berhana,2022,-12.223,minor,2020
spotify:track:3rL3wPPYugaiRwUpAGUd5Y,3rL3wPPYugaiRwUpAGUd5Y,Play the Music,Freddy Fresh,2020,-5.779,major,2020
spotify:track:6Zm0Vj2I35JIkDa1L7CJEg,6Zm0Vj2I35JIkDa1L7CJEg,You Used to Hold Me 2021 - DJ Spen & Reelsoul Remix,Ralphi Rosario,2021,-6.792,major,2020
spotify:track:05JZhThM9T8gnTbKecxNXz,05JZhThM9T8gnTbKecxNXz,Sakura,Nora Van Elken,2020,-6.694,minor,2020
spotify:track:4AlIVxkLsxGiRxxqxHpvb5,4AlIVxkLsxGiRxxqxHpvb5,Therapist,Jeremy Zucker,2021,-6.196,major,2020
spotify:track:6OJ7jeLYFyy5qBZl6fbPJw,6OJ7jeLYFyy5qBZl6fbPJw,Evasion Stellaire,Julien Vertigo,2023,-12.578,minor,2020
spotify:track:1odtp2wZ9mjqutFa9pBHpY,1odtp2wZ9mjqutFa9pBHpY,A Legend Will Rise,Exploid,2021,-2.084,major,2020
spotify:track:3h2563m9wsemwMUqGha8jD,3h2563m9wsemwMUqGha8jD,The Morning Show,Michael Colyar,2022,-11.861,major,2020
spotify:track:3lOEH5IUNi89cIjLoXowmG,3lOEH5IUNi89cIjLoXowmG,Amalia,Altertango,2023,-12.901,major,2020
spotify:track:32rdu6iL4cK0j0RyDkqTf6,32rdu6iL4cK0j0RyDkqTf6,Tristeza - Ao Vivo,Milionário & José Rico,2021,-6.237,major,2020
spotify:track:22NdTBOE9CgBsMwKlwXJoI,22NdTBOE9CgBsMwKlwXJoI,Wannabe,Dalton Domino,2021,-9.418,major,2020
spotify:track:1EGREN0Xofe8sWGZOAsxUh,1EGREN0Xofe8sWGZOAsxUh,Love Has A Mind Of Its Own,Donna Summer,2023,-8.822,major,2020
spotify:track:6ivQnjRrFncszdzjI6MJrK,6ivQnjRrFncszdzjI6MJrK,Saharan stream,J Prince,2022,-7.535,major,2020
spotify:track:1KJwmOXKcnsuDzVWLOVsgf,1KJwmOXKcnsuDzVWLOVsgf,The Will to Survive,Harmony McElligott,2021,-11.097,major,2020
spotify:track:4NVIxoxU8zi7wUgCDWP1Io,4NVIxoxU8zi7wUgCDWP1Io,Deeper,Rosetta Stone,2020,-4.252,major,2020
spotify:track:6YnEWUu8xQ3l2MC7t0I4xm,6YnEWUu8xQ3l2MC7t0I4xm,My Revolution,Crimson Sun,2022,-5.799,major,2020
spotify:track:5agXMEvNKXOvFeakTH2lbS,5agXMEvNKXOvFeakTH2lbS,White Female Privilege,Neko White,2022,-13.253,major,2020
spotify:track:4bUAWFwUc3GgtHs55hrP4D,4bUAWFwUc3GgtHs55hrP4D,Flame of Hephaestus,Grá,2023,-4.236,major,2020
spotify:track:7o3eiEmgW9j7vOotdBcUxY,7o3eiEmgW9j7vOotdBcUxY,Dark Love Empress,Leaves' Eyes,2020,-4.123,minor,2020
spotify:track:2pt5N1pKsBzDm0xCEXktVR,2pt5N1pKsBzDm0xCEXktVR,Warrior Style,Rennie Pilgrem,2021,-6.793,major,2020
spotify:track:5wLThFodKGZzYwXGkbPdRH,5wLThFodKGZzYwXGkbPdRH,My Best Friend's a Skeleton,George Salazar,2022,-8.173,major,2020
spotify:track:5YhmiVbhzLVP9aA20scJCs,5YhmiVbhzLVP9aA20scJCs,Like A Sword Over Damocles,Trivium,2021,-4.181,major,2020
spotify:track:6KU6lJNEwpHSB8EdI6klNN,6KU6lJNEwpHSB8EdI6klNN,Eudaimonia,Gaea Antoniou,2021,-32.863,major,2020
spotify:track:5l2nfbEdUjagkvMlly6Uvx,5l2nfbEdUjagkvMlly6Uvx,I'll Have A New Life (Acetate Version 29) - 2019 - Remaster,Hank Williams,2022,-11.055,major,2020
spotify:track:2GJt0I0AGixnQ1SpY2kyqj,2GJt0I0AGixnQ1SpY2kyqj,Everybody (feat. Jenny Lewis),The Cactus Blossoms,2022,-9.2,major,2020
spotify:track:2LXSuzONVZoVR1Xo6NVPg8,2LXSuzONVZoVR1Xo6NVPg8,Fields of Gold - Acoustic,Jae Hall,2020,-12.508,major,2020
spotify:track:7tks4SpHKvcPiMb6cql9Er,7tks4SpHKvcPiMb6cql9Er,Oxygen - Dario Rodriguez Remix,Winona Oak,2020,-4.878,major,2020
spotify:track:6lt8iodSkYWEV0ifKCSlfg,6lt8iodSkYWEV0ifKCSlfg,Stripes Like Burberry,Future,2020,-7.833,minor,2020
spotify:track:0GG1KOVmUeZfipy9MB9m4e,0GG1KOVmUeZfipy9MB9m4e,Apartment Song #5,Bruno Bavota,2020,-27.457,minor,2020
spotify:track:4nPvBCUA5Oo47v4z6i1VfM,4nPvBCUA5Oo47v4z6i1VfM,El Tony,Luis R Conriquez,2020,-7.27,minor,2020
spotify:track:76eqxMjP52AmbxQf9YieNz,76eqxMjP52AmbxQf9YieNz,"I puritani, Act II: O rendetemi la speme... Qui la voce sua soave... Vien, diletto, è in ciel la luna!",Vincenzo Bellini,2023,-18.512,major,2020
spotify:track:10mNoFZpz7HTnKi8xbY559,10mNoFZpz7HTnKi8xbY559,Jogos de Poder,Cäbränegrä,2020,-4.246,major,2020
spotify:track:0NQhw2ZcwkfaVN98QYsY7X,0NQhw2ZcwkfaVN98QYsY7X,Balloons,Hosini,2021,-5.43,minor,2020
spotify:track:5iDws8ebHXlm1Nh7vUjJ9i,5iDws8ebHXlm1Nh7vUjJ9i,Dark Side,Saint Punk,2022,-3.425,major,2020
spotify:track:1RwXAb4YCUFsXAYPH3rkP1,1RwXAb4YCUFsXAYPH3rkP1,Everyday Desires - Mix 1,Orlando Voorn,2021,-5.23,major,2020
spotify:track:23Ee4fXS70LSyyR5811Gra,23Ee4fXS70LSyyR5811Gra,Across The Divide,And Also The Trees,2023,-9.004,minor,2020
spotify:track:31JdRxYbLDifLWRztbWznv,31JdRxYbLDifLWRztbWznv,Hands Up,Martin Ikin,2020,-5.084,minor,2020
spotify:track:091NiGWv2nTM8pnOEXZR6T,091NiGWv2nTM8pnOEXZR6T,Sleep (with Calcium),Sullivan King,2022,-1.389,major,2020
spotify:track:537AcknNyv4DBFuzqmuX7T,537AcknNyv4DBFuzqmuX7T,Fairytale Frequency,Jamie Jones,2020,-10.655,minor,2020
spotify:track:5axHTs0PrOE7oZj9Ws6Wfd,5axHTs0PrOE7oZj9Ws6Wfd,Drop The Pressure - Purple Disco Machine Remix Edit,Claptone,2020,-6.231,major,2020
spotify:track:0U6E4BAsWvgFhH7kzRtF3d,0U6E4BAsWvgFhH7kzRtF3d,Sem Direção,Acústico Imaginar,2023,-4.774,minor,2020
spotify:track:7rRtFlqRFcR2GreZX9tixl,7rRtFlqRFcR2GreZX9tixl,Summertime Low,Old Sea Brigade,2020,-12.393,major,2020
spotify:track:4ZLokXknnioa23KSagmW6M,4ZLokXknnioa23KSagmW6M,Reasons,El Michels Affair,2020,-6.648,major,2020
spotify:track:4OUqLt07LuTkt5oRoTXICM,4OUqLt07LuTkt5oRoTXICM,Eclosion,Kermode,2023,-4.767,minor,2020
spotify:track:68O0VtiC3cjl5dFSLcWRFB,68O0VtiC3cjl5dFSLcWRFB,Tum Roothi Raho (Remix),Lata Mangeshkar,2023,-6.399,minor,2020
spotify:track:6q7sF4ctWUSf76T6VJ6Bu9,6q7sF4ctWUSf76T6VJ6Bu9,Beatbox - English Version,NCT DREAM,2023,-4.508,major,2020
spotify:track:6knSCaCg0rVEw7jnvM4x19,6knSCaCg0rVEw7jnvM4x19,You Got The Best Of Me,Journey,2022,-5.913,major,2020
spotify:track:0dwCu2WaBvyPbW96D2L92z,0dwCu2WaBvyPbW96D2L92z,741 Hz - Endurómun,Næturkall,2023,-29.336,major,2020
spotify:track:0CK0jsUUNtHeQDJBiAzU70,0CK0jsUUNtHeQDJBiAzU70,Patient Stabilized,L E F,2023,-13.866,minor,2020
spotify:track:2XmBsD5KW38nz5I2eracNF,2XmBsD5KW38nz5I2eracNF,Pray for Me,Rewildz,2021,-3.891,major,2020
spotify:track:7yxhCECuDAQlzOCNftYGBR,7yxhCECuDAQlzOCNftYGBR,Daybreak,Craig Urquhart,2023,-21.215,major,2020
spotify:track:3S0wF1xKpBGMmAcPnE3FXz,3S0wF1xKpBGMmAcPnE3FXz,They Say to Me,Sybyr,2023,-8.1,major,2020
spotify:track:74SH9FrC7nDtf8sxAaMYEI,74SH9FrC7nDtf8sxAaMYEI,Bench Seat,Chase Rice,2023,-10.736,major,2020
spotify:track:4Hxcb6wDlelhZpk5fc5jmD,4Hxcb6wDlelhZpk5fc5jmD,Anywhere With You,Maggie Rogers,2022,-5.33,major,2020
spotify:track:1jLDMecCTK9V1Jbmlucqfk,1jLDMecCTK9V1Jbmlucqfk,Guaracha Y Bembe,Joe Cuba,2021,-15.288,minor,2020
spotify:track:6wLVzhAdu3sTrgcJH89YTf,6wLVzhAdu3sTrgcJH89YTf,See The Light,Trye,2021,-3.715,minor,2020
spotify:track:1LWBM6PN5yIKFJQbcgmHuy,1LWBM6PN5yIKFJQbcgmHuy,Lights,Always Mirin,2022,-0.848,minor,2020
spotify:track:43bYs8QkPdCdy5esfnmU1T,43bYs8QkPdCdy5esfnmU1T,Comme Des Garçons (Like The Boys),Rina Sawayama,2020,-3.776,major,2020
spotify:track:6mS3Rb3J89Yk0pARkeZrjB,6mS3Rb3J89Yk0pARkeZrjB,Still We Rise,Rejecta,2021,-4.906,minor,2020
spotify:track:11w7UNvU8VAqssbgXqEYpp,11w7UNvU8VAqssbgXqEYpp,3rD BEST,3d Blast,2021,-7.417,major,2020
spotify:track:3ePYRFLt7q3wmJKnVIsDo5,3ePYRFLt7q3wmJKnVIsDo5,Pattern,Warmth,2023,-25.55,major,2020
spotify:track:6BvDu1vtsSHsL0bs3aL6k4,6BvDu1vtsSHsL0bs3aL6k4,One and Only,Garrett Kato,2022,-12.355,major,2020
spotify:track:4FKjzEc8mlNR8rtzgSbxI4,4FKjzEc8mlNR8rtzgSbxI4,Inner Journey,Guau,2020,-3.818,major,2020
spotify:track:43UQAAZQB9eVlZhdz5pnt1,43UQAAZQB9eVlZhdz5pnt1,Me Estoy Enamorando - en Vivo,Marca MP,2020,-8.361,major,2020
spotify:track:6ZHmoAgOoGjb4HzEBqTzsL,6ZHmoAgOoGjb4HzEBqTzsL,Forests,Roger Shah,2023,-5.89,major,2020
spotify:track:4H9TGcD3FmLUHfuVVSuUBV,4H9TGcD3FmLUHfuVVSuUBV,Sing for Me,We Are the Guests,2020,-6.767,minor,2020
spotify:track:27QJxWeLI35WEaJfod3VFZ,27QJxWeLI35WEaJfod3VFZ,Christmas Time (Again),Broilers,2021,-2.125,minor,2020
spotify:track:0QHfflhdw4z3pnh1JYeLp1,0QHfflhdw4z3pnh1JYeLp1,The Inquisitor - Cover,Living Metal,2021,-6.11,minor,2020
spotify:track:0aaJc402bucjRAsZNavXVs,0aaJc402bucjRAsZNavXVs,百年樹木 (Live),Hins Cheung,2023,-12.542,major,2020
spotify:track:6JYSexyeLFu8mJbfmA0zPb,6JYSexyeLFu8mJbfmA0zPb,Soul Train,Geck-O,2020,-2.732,minor,2020
spotify:track:56AvXilmPfD2G1QHtD9jNm,56AvXilmPfD2G1QHtD9jNm,Scars Me Forever,DevilDriver,2020,-6.46,major,2020
spotify:track:075WtAJrh7uEbnInJVxjYj,075WtAJrh7uEbnInJVxjYj,Show My Love,JADED,2023,-7.316,major,2020
spotify:track:4wGSYRUxmeHIvbfVavuAyf,4wGSYRUxmeHIvbfVavuAyf,Grow Up (feat. Josef Salvat),Bryce Vine,2023,-5.284,major,2020
spotify:track:2V8DhhLzn53BO3lgR4212R,2V8DhhLzn53BO3lgR4212R,La Guillotine de Magritte,Einstürzende Neubauten,2020,-12.274,minor,2020
spotify:track:3LZwPhhUgPgdPCuT7EwlaW,3LZwPhhUgPgdPCuT7EwlaW,When we were young,Hi! Spencer,2022,-8.919,major,2020
spotify:track:0kDSSw0Wbm4AedKcuhpbWK,0kDSSw0Wbm4AedKcuhpbWK,Nem Se Despediu De Mim,Luiz Poderoso Chefão,2022,-5.897,major,2020
spotify:track:0BafEV1N3ak8QTQFDLtSDC,0BafEV1N3ak8QTQFDLtSDC,Dust Of What Was,Xasthur,2021,-8.871,major,2020
spotify:track:7sLAaxuPpzSBZHJeDdhz2U,7sLAaxuPpzSBZHJeDdhz2U,Bang Bang,Blake,2021,-6.835,major,2020
spotify:track:49mHPjEORto7cJ6zJ9gxmV,49mHPjEORto7cJ6zJ9gxmV,Alianças,Fabinho Testado,2023,-7.14,major,2020
spotify:track:5qXU0DH9PLlbXy09Z5MF46,5qXU0DH9PLlbXy09Z5MF46,Cyclops Rocks - LEVEL UP Remix,Subtronics,2022,-2.639,major,2020
spotify:track:2Is2fUYBMDscGjd7TfNVw3,2Is2fUYBMDscGjd7TfNVw3,Love Colour,SF9,2023,-2.77,major,2020
spotify:track:3xLnycs44KTVVKE2dUKWe2,3xLnycs44KTVVKE2dUKWe2,drifting river,"oh, the joy.",2020,-24.4,major,2020
spotify:track:3bJ1RHSrQT8IExGd0ax348,3bJ1RHSrQT8IExGd0ax348,Martingala (with Armando Pontier y su Orquesta),Julio Sosa,2020,-8.143,major,2020
spotify:track:0KyybjLDZOQ0OTZQDiHIC7,0KyybjLDZOQ0OTZQDiHIC7,To The Forager,Tom Rosenthal,2022,-14.862,major,2020
spotify:track:2gHEEitgcfhhrm8DAXuUlT,2gHEEitgcfhhrm8DAXuUlT,Run Riot - Original Mix,Spartaque,2020,-7.13,minor,2020
spotify:track:7mVVdSnabEcutsBMGWWOsw,7mVVdSnabEcutsBMGWWOsw,Sweet Dreams,Greg Maroney,2020,-27.846,major,2020
spotify:track:2MuksH2EsN7qIOjQs6fTb3,2MuksH2EsN7qIOjQs6fTb3,Haifisch - Remix By Schwefelgelb,Rammstein,2020,-6.684,minor,2020
spotify:track:5xXGRExlDrPuYzhAj0BHxm,5xXGRExlDrPuYzhAj0BHxm,Sanctuary,Horse Meat Disco,2020,-5.246,minor,2020
spotify:track:6w6ZUEFgkLvMMSyn4zBQXR,6w6ZUEFgkLvMMSyn4zBQXR,Skinnydipped,BANKS,2022,-6.446,minor,2020
spotify:track:2qNdBOuOlZaML9ZEktD6mi,2qNdBOuOlZaML9ZEktD6mi,Snow in Montana,Michigander,2022,-8.673,major,2020
spotify:track:2BjHMqJuPQOANNoButGV63,2BjHMqJuPQOANNoButGV63,Scenes From the Cityscape,Lake Isabel,2021,-24.126,minor,2020
spotify:track:36aCdW2XR4mvzqtfp8JVjv,36aCdW2XR4mvzqtfp8JVjv,Back In Time,Delius,2023,-3.852,major,2020
